Command: /opt/anaconda3/bin/python rank.py --term identifying particular --type probabilities --sentences sources/identifying_particular/identifying_particular-sentence.json --provisions sources/provisions.json --verbose false --prompt system_prompts/zero_shot.txt
----------------------------------------
You are an expert legal text annotator. Your task is to determine how useful each candidate sentence is for supporting legal argumentation about the meaning of a statutory or regulatory term (“the phrase of interest”).

You will be given:

The phrase of interest

The statutory or regulatory provision containing that phrase (“the statute”)

A list of candidate sentences, each with a unique sentence_id

Your classification must consider both the phrase of interest and the statute.
If a candidate sentence merely repeats, quotes, or paraphrases any part of the statute without adding interpretive meaning, it MUST be labeled "no value".

✅ OUTPUT FORMAT (STRICT) - PROBABILITIES MODE

Return ONLY a JSON array of objects. Each object must include a "reasoning" field and a "probs" field with probabilities for each class:

[
  {
    "sentence_id": "...",
    "reasoning": "...",
    "probs": {"no value": 0.1, "potential value": 0.2, "certain value": 0.3, "high value": 0.4}
  }
]

✅ CLASSIFICATION LABELS

Exactly one label per sentence:

"no value"

"potential value"

"certain value"

"high value"

✅ ANNOTATION GUIDELINES

A sentence has value only if it contributes interpretive information about the phrase of interest beyond what is already stated in the statute.

Evaluate each sentence using the following workflow:

STEP 1 — Does the sentence add ANY new interpretive information beyond the statute?

If the sentence:

repeats or paraphrases the statute

quotes the statute verbatim or near-verbatim

is a heading, boilerplate, citation, or procedural note

does not mention or relate meaningfully to the phrase of interest

→ Label: "no value"
→ Stop.

STEP 2 — Does the sentence use the phrase of interest with a different meaning?

If different and unrelated to the statute’s meaning → "no value".
If different but related → "potential value" or "certain value" depending on strength.
Then stop.

STEP 3 — Does the sentence contain explicit elaboration of meaning?

Explicit elaboration includes:

definitions

explanations

positive or negative examples

subsumption (“X is a type of Y”)

contrasts

feature inclusion (“X requires Y”)

feature exclusion (“X does not include Y”)

If yes:

If authored by an interested party/witness → "certain value"

If authored by a court, judge, legislature, agency, or other neutral authority → "high value"

Then stop.

STEP 4 — Does the sentence contain implicit elaboration?

Implicit elaboration includes:

factual scenarios implying boundaries of the term

contextual clues from which meaning can be inferred

comparisons or contrasts that clarify usage

functional descriptions suggesting how the term operates

If none → "potential value" (weak relevance; no direct elaboration).
If implicit elaboration exists:

If from an interested source → "potential value"

If from a neutral source → "certain value"

Then stop.

✅ ADDITIONAL NOTES

Do NOT assign value based solely on topical similarity.

Do NOT treat case outcomes or procedural facts as meaningful unless they clarify the term’s meaning.

Always choose the lowest plausible label when uncertain.

The goal is interpretive usefulness, not relevance to the case as a whole.

  [ID: 4dde5bbd-c3a4-4a82-9658-0c54364e3582] Reasoning: This sentence discusses the reluctance to identify particular hosts by name but does not provide any interpretive information about the phrase 'identifying particular' in the context of the statute.
  [ID: 869d3e04-f034-4265-a944-82496e73891a] Reasoning: This sentence mentions not identifying particular clients but does not elaborate on the meaning of 'identifying particular' in a way that adds interpretive value.
  [ID: 505972ed-9745-4c46-8fe8-9d67f326260b] Reasoning: This sentence refers to identifying particular text but does not provide any interpretive information relevant to the statutory phrase.
  [ID: 69f1616d-035d-4dae-8037-79b1955001d8] Reasoning: This sentence discusses identifying particular statements but does not clarify or elaborate on the statutory phrase 'identifying particular'.
  [ID: b056f3e0-2993-4e25-bd84-826230406e3a] Reasoning: This sentence requires identifying particular false claims but does not provide interpretive meaning related to the statutory phrase.
  [ID: 99d11410-3fae-4f57-b53a-eb5f40e56ee1] Reasoning: This sentence discusses identifying particular cigarette defects but does not add interpretive value regarding the statutory phrase.
  [ID: c5a419d8-ec3b-45bd-8fc0-b5a0f369e926] Reasoning: This sentence mentions the need to identify particular tortious conduct but does not provide interpretive information about the statutory phrase.
  [ID: 1578d770-1662-448d-89c8-9b6fe2a07032] Reasoning: This sentence defines 'system of records' but does not elaborate on the phrase 'identifying particular' in a meaningful way.
  [ID: 0403ddce-6694-494f-9c7a-90dc26f89ddb] Reasoning: This sentence discusses identifying particular facts but does not provide interpretive meaning related to the statutory phrase.
  [ID: 61ef700f-f421-4b38-bbbf-0e1071efa386] Reasoning: This sentence requires identifying particular statements for a fraud claim but does not clarify the statutory phrase.
  [ID: 48c1a269-5ef1-456f-a469-0b4fcd4497b1] Reasoning: This sentence defines 'system of records' but does not provide interpretive information about 'identifying particular'.
  [ID: 7df3d898-6687-47bb-933c-d4eaa0240f21] Reasoning: This sentence discusses the application of the term 'record' but does not elaborate on 'identifying particular'.
  [ID: 1f1c9242-fa65-4ef7-bd17-2db133a8b9bd] Reasoning: This sentence discusses identifying particular segments of a geographical region but does not relate to the statutory phrase meaningfully.
  [ID: 57c8210e-a679-46a4-8b22-8f548f4757b3] Reasoning: This sentence discusses identifying particular instances of discrimination but does not provide interpretive meaning related to the statutory phrase.
  [ID: 426b9519-9973-4981-806b-29d0da76c518] Reasoning: This sentence repeats the definition of 'record' without adding any interpretive value regarding 'identifying particular'.
  [ID: b3a9453e-9497-4db1-95fd-3a581ccb5a7f] Reasoning: This sentence discusses identifying particular disputed facts in a legal context but does not provide any interpretive information about the phrase 'identifying particular' as used in the statute.
  [ID: 047c2154-296a-4af8-a8cc-797406058ebb] Reasoning: This sentence mentions identifying particular areas but does not elaborate on the meaning of 'identifying particular' in a way that relates to the statutory definition.
  [ID: bb1feefc-7edb-49d9-aa2e-b428a14ab827] Reasoning: This sentence discusses the need to identify particular coins and bills but does not provide any interpretive information relevant to the statutory phrase 'identifying particular'.
  [ID: 97c9be8d-cf6b-493f-a537-c4c19b1f4874] Reasoning: This sentence refers to identifying particular lands in a legal context but does not clarify or elaborate on the meaning of 'identifying particular' as defined in the statute.
  [ID: 181c3262-0521-4cc5-b0c4-edcbc0293920] Reasoning: This sentence identifies particular aspects of State liquidation proceedings but does not provide interpretive meaning related to the statutory phrase 'identifying particular'.
  [ID: 8061c484-28c4-4c6b-b1c5-555076fe9c6f] Reasoning: This sentence discusses identifying particular force majeure events but does not elaborate on the statutory meaning of 'identifying particular'.
  [ID: 8c55689f-e604-48d7-819b-571503367559] Reasoning: This sentence explains the concept of a 'continuing' guaranty but does not relate to the phrase 'identifying particular' in the statute.
  [ID: 0d8923be-3528-46cd-9909-ccba6b926758] Reasoning: This sentence discusses identifying particular property but does not provide any interpretive information relevant to the statutory phrase 'identifying particular'.
  [ID: 33c804d7-9e39-47c5-9768-37a9b10f830a] Reasoning: This sentence mentions maintaining confidentiality of information revealing identifying particulars but does not elaborate on the meaning of 'identifying particular' as defined in the statute.
  [ID: 9a1302d2-7d3d-4a89-8346-24ac3720dc87] Reasoning: This sentence discusses identifying particular property in a legal context but does not clarify or elaborate on the meaning of 'identifying particular' as defined in the statute.
  [ID: 0bf036f8-c543-4ce8-adf4-a23072799b05] Reasoning: This sentence discusses identifying particular items in a transaction but does not provide interpretive meaning related to the statutory phrase 'identifying particular'.
  [ID: bc1b8a6f-9950-471b-8c60-a970bd5866c1] Reasoning: This sentence mentions identifying particular fragrances but does not elaborate on the statutory meaning of 'identifying particular'.
  [ID: 7e72ebb6-d931-4279-a567-307b5fde8f1c] Reasoning: This sentence discusses identifying particular piles but does not provide any interpretive information about the phrase 'identifying particular' as used in the statute.
  [ID: f5a56a46-ed33-4bdc-b2d8-5d1d5df0ec52] Reasoning: This sentence discusses identifying particular persons but does not provide any interpretive information about the phrase 'identifying particular' as used in the statute.
  [ID: f208f2e6-a177-4128-b5b6-37b6a266a7d6] Reasoning: This sentence discusses identifying particular property in a legal context but does not clarify or elaborate on the meaning of 'identifying particular' as defined in the statute.
  [ID: a862b473-c589-4f30-9d55-423c83d75ede] Reasoning: This sentence repeats the previous statement about identifying particular piles and does not provide any new interpretive information.
  [ID: 9fb42f88-a75c-4350-9103-d33582aa3a71] Reasoning: This sentence discusses flaws in a trial court's analysis but does not relate to the phrase 'identifying particular' or provide any interpretive information about it.
  [ID: 7478dabe-cb0b-489a-a3d2-4dd0fa193751] Reasoning: This sentence mentions identifying particular property but does not elaborate on the meaning of 'identifying particular' in a way that adds interpretive value.
  [ID: df3649d6-1a06-481a-86cd-452ba15fcba3] Reasoning: Similar to the previous sentence, it mentions identifying particular property but lacks interpretive elaboration on the phrase of interest.
  [ID: 30dd1c6b-1332-424b-8657-0f32f500ae3c] Reasoning: This sentence quotes a legal case regarding identifying particular defendants, but it does not provide interpretive meaning related to the statutory phrase.
  [ID: f8debf45-edb8-44cd-b0e8-3ee228f1258d] Reasoning: This sentence discusses identifying particular records and provides some context about what identifying information should include, which adds interpretive value.
  [ID: 381d7ff5-43da-486d-9147-e042a6aa4718] Reasoning: This sentence mentions identifying particulars but does not provide any interpretive information about the statutory phrase.
  [ID: f020862a-8ecf-4031-bd59-7a8832fcbd23] Reasoning: This sentence discusses identifying particular incongruities in a case but does not relate to the statutory phrase in a meaningful way.
  [ID: e00d3c11-38c0-4319-a244-bfce0fffaedf] Reasoning: This sentence states that tickets are not given for identifying particular vehicles, which provides a contrast but does not elaborate on the statutory meaning.
  [ID: c4f4bf4a-316c-4ded-8a00-62889cb638a5] Reasoning: This sentence repeats the previous statement about tickets not being for identifying particular vehicles, offering no new interpretive value.
  [ID: 00e8d9dc-2f57-48b5-802d-2527943eb71] Reasoning: This sentence discusses identifying particular facts but does not provide interpretive information about the statutory phrase.
  [ID: 4e2bf658-0037-4f02-85fc-0a3d826439dc] Reasoning: This sentence mentions identifying particular risks but does not elaborate on the statutory phrase meaningfully.
  [ID: 2d9c0320-d3ec-4b75-8833-a630dc431d5a] Reasoning: This sentence discusses identifying particular depositions but does not provide interpretive information about the statutory phrase.
  [ID: 74c6f373-08dc-4506-8a15-ddaa4599987b] Reasoning: This sentence also discusses identifying particular depositions but lacks interpretive value regarding the statutory phrase.
  [ID: 6f9ca6df-7fdc-49ca-9191-7ea961f9b02f] Reasoning: This sentence emphasizes the need to identify particular depositions but does not provide interpretive meaning related to the statutory phrase.
  [ID: 888bbd02-7c3a-45bb-9b2b-bc36308e3eec] Reasoning: This sentence discusses the failure to identify particular depositions but does not add interpretive value regarding the statutory phrase.
  [ID: ca82e92b-dfd1-4d8b-8e3f-e834eb8ad9e6] Reasoning: This sentence discusses identifying particular acts in a legal context but does not provide interpretive information about the statutory phrase.
  [ID: 5834001d-415d-46ba-8d57-74b266a1bf23] Reasoning: This sentence repeats the earlier statement about identifying particular property without adding any new interpretive value.
  [ID: 05517f6e-336e-4784-ba43-ffa506b65240] Reasoning: This sentence discusses the identification of particular schools in a different context (racial imbalance) and does not relate to the statutory definition of 'identifying particular' as it pertains to personal information.
  [ID: 60fcfa16-2361-4063-bd0e-d28e76d86daf] Reasoning: This sentence refers to identifying particular aspects of testimony in a legal context but does not relate to the statutory meaning of 'identifying particular' as it pertains to personal information.
  [ID: 61101ee6-8026-4a4a-8fc3-e856103bb8fe] Reasoning: This sentence provides a definition of 'system of records' that includes the phrase 'identifying particular' but does not elaborate on its meaning beyond the statute.
  [ID: 1b221e3f-df82-448e-bbe7-4b9d78b7b36e] Reasoning: This sentence discusses the requirements for records to be subject to disclosure, which relates to the phrase of interest and provides context for its application, thus offering potential interpretive value.
  [ID: 729cca56-af57-4afe-8b3c-bd60e52a4fae] Reasoning: This sentence states that a report contains identifying particulars and describes how it relates to the Privacy Act, providing context and relevance to the phrase of interest.
  [ID: b0ba1b40-ac29-4c6f-92f3-191318c2a129] Reasoning: This sentence discusses identifying particular facts in a discovery context, which does not relate to the statutory meaning of 'identifying particular' as it pertains to personal information.
  [ID: 54f17b87-534b-4fcb-986f-d7b1adaf906d] Reasoning: This sentence references a regulatory comment about identifying particular expenses, which is unrelated to the statutory meaning of 'identifying particular' in the context of personal information.
  [ID: 9b788042-6e26-4b73-8798-11aa7d5d1207] Reasoning: This sentence discusses the failure to identify particular documents subject to privilege, which does not relate to the statutory meaning of 'identifying particular' as it pertains to personal information.
  [ID: de6db92b-0f3b-48f8-a483-e58af9f43663] Reasoning: This sentence asks for identifying particulars related to victims in a legal context, which does not directly relate to the statutory meaning of 'identifying particular' as it pertains to personal information.
  [ID: e1d3b27d-1c54-4340-9481-8f073ab0ecda] Reasoning: This sentence discusses the identification of particular defendants in a discrimination case, which does not relate to the statutory meaning of 'identifying particular' as it pertains to personal information.
  [ID: 71cffc08-2ed6-40e9-ab0d-9f02b05e2bf0] Reasoning: This sentence quotes the statute verbatim, providing no new interpretive information about the phrase of interest.
  [ID: a9fa0a41-c3df-49d7-8693-1ddba4ab212a] Reasoning: This sentence discusses identifying particular invoices in a fraud case, which does not relate to the statutory meaning of 'identifying particular' as it pertains to personal information.
  [ID: 07576ff3-441b-4592-858d-37e5d46eb44c] Reasoning: This sentence discusses identifying particular documentation in a legal context, which does not relate to the statutory meaning of 'identifying particular' as it pertains to personal information.
  [ID: 8b9e0b30-f2db-48a4-a0f3-228d1afc2569] Reasoning: This sentence discusses identifying particular facts in a legal context, which does not relate to the statutory meaning of 'identifying particular' as it pertains to personal information.
  [ID: c0a528fd-39bd-425e-9b32-eb127cc08dd0] Reasoning: This sentence discusses identifying particular pieces of missing documentation in a legal context, which does not relate to the statutory meaning of 'identifying particular' as it pertains to personal information.
  [ID: 856f559c-becf-4a56-acb4-73f2e9d32637] Reasoning: This sentence discusses identifying particular allegations in a legal context, which does not relate to the statutory meaning of 'identifying particular' as it pertains to personal information.
  [ID: 86feeee7-356a-4db8-bfbf-2b058688f4b8] Reasoning: This sentence discusses a formal declaration process and does not relate meaningfully to the phrase 'identifying particular' in the context of the statute.
  [ID: ca6bdc24-438d-4273-a063-0d9408100bc4] Reasoning: This sentence discusses the failure to identify particular search terms but does not provide interpretive information about the phrase 'identifying particular' as defined in the statute.
  [ID: 8018c365-42d5-4679-9711-24eec4df1653] Reasoning: This sentence refers to legislative history and does not provide any interpretive information about the phrase 'identifying particular' in the context of the statute.
  [ID: c3d481cf-06e7-4fa0-b7b1-9815734999c1] Reasoning: This sentence quotes the statute verbatim and does not add any new interpretive information about the phrase 'identifying particular'.
  [ID: d925eded-9c3b-4c20-a589-c315eb3e4e8f] Reasoning: This sentence also quotes the statute verbatim and does not provide any new interpretive information regarding 'identifying particular'.
  [ID: 44c4d010-b6e3-479d-b363-8b931d56a074] Reasoning: This sentence discusses a summary that does not identify particular transactions but does not provide interpretive information about the phrase 'identifying particular' as defined in the statute.
  [ID: 59545b8a-83ba-47ee-9010-df266d14f140] Reasoning: This sentence discusses identifying particular arguments but does not relate to the statutory context of 'identifying particular'.
  [ID: f94e0a72-89b4-497c-a6d3-ed182bde8e2b] Reasoning: This sentence discusses identifying particular sources of non-taxable sums but does not provide interpretive information about the statutory phrase 'identifying particular'.
  [ID: 357515e7-328c-4a8a-b9d6-f662b7ad2f40] Reasoning: This sentence discusses identifying particular arrangements but does not provide interpretive information about the statutory phrase 'identifying particular'.
  [ID: a345f012-5738-415c-8ee1-fbabf338155f] Reasoning: This sentence discusses identifying particular statements but does not provide interpretive information about the statutory phrase 'identifying particular'.
  [ID: 1f3445ba-94b1-4fd1-9fa3-0584b6cbd61b] Reasoning: This sentence discusses identifying particular characteristics of data but does not provide interpretive information about the statutory phrase 'identifying particular'.
  [ID: 3e560736-3cca-4dce-899b-6aefcdf24e3e] Reasoning: This sentence discusses identifying particular funds but does not provide interpretive information about the statutory phrase 'identifying particular'.
  [ID: 98fd1e23-9bbe-4001-99a1-9dd9cb9fc8f5] Reasoning: This sentence discusses identifying particular property but does not provide interpretive information about the statutory phrase 'identifying particular'.
  [ID: cacef295-6432-403c-a6ae-c9ac799eb711] Reasoning: This sentence discusses identifying particular dischargers but does not provide interpretive information about the statutory phrase 'identifying particular'.
  [ID: 1e1037ca-d5a3-4490-841a-34c64e67e1de] Reasoning: This sentence discusses identifying particular citations but does not provide interpretive information about the statutory phrase 'identifying particular'.
  [ID: d9e9b0bf-e420-4cd2-be12-520711e07e5c] Reasoning: This sentence discusses Congress identifying particular types of information but does not provide interpretive information about the statutory phrase 'identifying particular'.
  [ID: 3c0f2b6b-391c-4dfd-a2c7-29e579245644] Reasoning: This sentence discusses identifying particular practices but does not provide interpretive information about the statutory phrase 'identifying particular'.
  [ID: 249f0cac-4982-4424-a12a-2748ae112c33] Reasoning: This sentence discusses identifying particular false claims but does not provide interpretive information about the statutory phrase 'identifying particular'.
  [ID: 83107abc-096d-44a2-9000-458ed2f58c35] Reasoning: This sentence discusses a court ruling involving the identification of particular individuals in a legal context, but it does not provide any interpretive information about the phrase 'identifying particular' as it relates to the statute.
  [ID: 7c181ef9-c20c-4886-aa58-7de74f923fe4] Reasoning: This sentence discusses restitution and the identification of particular funds or property, but it does not relate to the phrase 'identifying particular' in the context of the statute about records and personal information.
  [ID: 31f102f2-d525-496c-9f76-5f76a88adc46] Reasoning: This sentence refers to Kansas law on the identification of goods, which is unrelated to the identification of personal information as defined in the statute.
  [ID: 63dbdfad-1b78-4688-9db4-20622b27d99c] Reasoning: This sentence discusses guidelines for a system of records and mentions 'identifying particulars', which is somewhat related but does not provide explicit interpretive information about the phrase 'identifying particular' in the context of the statute.
  [ID: ef104500-b39d-4746-81e5-d94876b67890] Reasoning: This sentence defines 'system of records' in a way that relates to the identification of individuals, but it does not elaborate on the phrase 'identifying particular' specifically.
  [ID: 0a09684b-41f2-4c32-b305-d2b9307562f9] Reasoning: This sentence discusses the inability to identify particular sales, which is unrelated to the identification of personal information as defined in the statute.
  [ID: b9d9fb94-3ca5-4564-a7db-bbd7b9655e1a] Reasoning: This sentence mentions identifying particulars in a procedural context but does not provide any interpretive information about the phrase 'identifying particular' in relation to the statute.
  [ID: 64b2390e-4e18-42c0-ac1f-d3024065351e] Reasoning: This sentence identifies particular circumstances guiding an analysis, but it does not relate to the identification of personal information as defined in the statute.
  [ID: 0ebd5ee1-c559-4290-863e-6bdc06c64bd7] Reasoning: This sentence discusses the reliance on testimony to identify particular testimony found to be perjurious, which does not relate to the identification of personal information as defined in the statute.
  [ID: b75c6ca3-9c3a-4f37-9421-e9624f220048] Reasoning: This sentence discusses the particularity requirement in a legal context but does not provide interpretive information about the phrase 'identifying particular' in relation to the statute.
  [ID: ab7670e2-5bb6-479b-914f-361d03b346ef] Reasoning: This sentence states that nothing in the provision requires further subdivision by identifying particular designated uses, but it does not elaborate on the phrase 'identifying particular' in the context of the statute.
  [ID: 4e006c35-e2a8-4bda-a00b-74b7265d251b] Reasoning: This sentence discusses the requirement for a relator to identify particular false claims, which is unrelated to the identification of personal information as defined in the statute.
  [ID: e0b312cd-bb05-4ad9-99bf-6648a84a1e66] Reasoning: This sentence discusses the failure to identify particular exhibits or testimony, which does not relate to the identification of personal information as defined in the statute.
  [ID: a0a7c0da-ce42-48b5-a84f-157a55c70288] Reasoning: This sentence discusses limiting plaintiffs to identifying particular communications, but it does not provide interpretive information about the phrase 'identifying particular' in relation to the statute.
  [ID: 3b09e2b7-0aea-435d-9096-01f708db3c85] Reasoning: This sentence discusses the failure to identify particular programs, which does not relate to the identification of personal information as defined in the statute.
  [ID: 7891dfe4-8df9-482b-9dbe-b6d2fd50099b] Reasoning: This sentence discusses the need to identify particular assets lost, which is unrelated to the identification of personal information as defined in the statute.
  [ID: 425fd286-656a-4d6a-bbd8-2c9a67dc331b] Reasoning: This sentence discusses a legal case and mentions 'identifying particular individuals' but does not provide any interpretive information about the statutory term 'identifying particular' itself.
  [ID: 385e26c8-a612-4b1e-9990-ca1f460b2a92] Reasoning: This sentence describes a specific instance of identifying bruises but does not elaborate on the meaning of 'identifying particular' in a legal context.
  [ID: 4251fbc1-ddee-41c2-abd1-ac57e23589bf] Reasoning: This sentence explains that names and addresses are considered 'personal information' that can 'identify particular people', which relates to the statutory term but does not provide a deeper interpretation.
  [ID: f2560c0a-af8e-4710-80b7-9f94305c7f5] Reasoning: This sentence indicates a failure to identify particular documents but does not provide any interpretive meaning regarding the statutory term.
  [ID: a0f755f7-1aa7-4821-a9fa-23aa81a40207] Reasoning: This sentence discusses identifying particular elements of information but does not clarify the legal meaning of 'identifying particular'.
  [ID: c1d67d3a-a783-44af-8548-dcad075726f7] Reasoning: This sentence requires the complaint to identify particular false claims but does not elaborate on the meaning of 'identifying particular'.
  [ID: d4b33093-be2a-410c-bab8-5948f2ea3b88] Reasoning: This sentence discusses identifying particular patients but does not provide any interpretive information about the statutory term.
  [ID: 45dbab54-355a-41d5-abae-d41b4c7640b2] Reasoning: This sentence discusses the identification of a particular attorney but does not clarify the meaning of 'identifying particular' in a legal context.
  [ID: 9810e71e-8525-4a9c-ac83-62480d868b1f] Reasoning: This sentence discusses the identification of particular machinery but does not provide interpretive meaning regarding the statutory term.
  [ID: 926c87d3-099e-4696-a896-c6b0954c3275] Reasoning: This sentence discusses identifying particular asbestos products but does not elaborate on the legal meaning of 'identifying particular'.
  [ID: 1fe55445-7190-4dc9-9aa3-c5c42c28db7e] Reasoning: This sentence is a heading and does not provide any interpretive information about the statutory term.
  [ID: 9bfaf325-8b59-414f-aa15-5a0c6fe25e9c] Reasoning: This sentence discusses the ability to trace and identify particular pieces of money but does not clarify the meaning of 'identifying particular'.
  [ID: 7787af3c-d5bc-459a-818e-cc39ed30777f] Reasoning: This sentence discusses prosecutorial duties but does not provide any interpretive information about the statutory term 'identifying particular'.
  [ID: c6c5b0be-311e-40e4-b225-8b6f0bf7cbd1] Reasoning: This sentence discusses methods to identify particular characteristics of DNA but does not clarify the legal meaning of 'identifying particular'.
  [ID: 6facbea8-08dd-43a4-95a6-90f6a8e357ee] Reasoning: This sentence discusses the lack of description of an award and does not provide interpretive meaning regarding the statutory term.
  [ID: 1d4e13c1-10f1-4bba-bc73-82582ffdeffc] Reasoning: This sentence discusses identifying particular stages in development but does not clarify the meaning of 'identifying particular' in a legal context.
  [ID: 07ebe4f6-3977-45b1-a1e8-5ccb96d19648] Reasoning: This sentence discusses asserting the physician-patient privilege with respect to records that identify particular patients but does not provide interpretive meaning.
  [ID: ece356db-2bfd-46ed-be6a-ea98bea736f5] Reasoning: This sentence discusses a gift made without identifying particular persons but does not clarify the meaning of 'identifying particular'.
  [ID: de320e2f-bba9-4332-83ad-1dd21f509554] Reasoning: This sentence discusses identifying particular facts related to a case but does not provide interpretive meaning regarding the statutory term.
  [ID: 907330ae-a5e0-4f50-b05b-2232699e46a1] Reasoning: This sentence discusses identifying acts or omissions of a lawyer, which is unrelated to the phrase 'identifying particular' in the context of the statute about records and personal identifiers.
  [ID: 91baafdc-10ca-429e-8c1a-deafc5e36664] Reasoning: This sentence provides a definition of 'system of records' that relates to the phrase 'identifying particular' by explaining how records are retrieved by identifiers, thus adding interpretive value.
  [ID: e00eeea3-76ec-442e-b22a-c76ed26662f5] Reasoning: This sentence repeats the definition from the statute verbatim, providing no new interpretive information.
  [ID: 980f3467-f394-42a0-8289-47e508cae178] Reasoning: This sentence elaborates on the definition of 'system of records' and discusses the retrieval of records by identifiers, which adds interpretive value to the phrase 'identifying particular'.
  [ID: cc650705-e85d-4643-8b6a-85a97c19603c] Reasoning: This sentence discusses identifying particular issues in a different context (a default notice), which does not relate to the statutory meaning of 'identifying particular' as it pertains to records.
  [ID: 6059ff19-b876-4c9a-ba54-863cb9afe6bc] Reasoning: This sentence mentions identifying particular individuals but does not provide any new interpretive information about the statutory term 'identifying particular'.
  [ID: 63e9a9bf-54dd-47e0-834c-1b257eb6d15e] Reasoning: This sentence discusses identifying particular property, which is unrelated to the phrase 'identifying particular' in the context of personal identifiers in the statute.
  [ID: fe3b418a-8bfc-4270-990e-c5a3aafc86c0] Reasoning: This sentence repeats the earlier statement about identifying acts or omissions of a lawyer, which is unrelated to the statutory context.
  [ID: 2c09f1b7-8802-4a2e-a280-a77ddcfdbf97] Reasoning: This sentence discusses identifying particular circumstances in a legal complaint, which does not relate to the statutory meaning of 'identifying particular'.
  [ID: 474ffd91-60a1-459d-8cb1-ebfbf9af3f86] Reasoning: This sentence is similar to a previous one discussing identifying property, which does not relate to the statutory context of personal identifiers.
  [ID: ad561e4a-a66c-40c6-94dd-f33f487d288a] Reasoning: This sentence discusses identifying particular documents, which is unrelated to the statutory context of personal identifiers.
  [ID: 1506f24b-4168-4d18-98e9-aa6bc5df5501] Reasoning: This sentence discusses the purpose of a field to identify particular individuals, which is related to the phrase but does not provide new interpretive information about the statutory term.
  [ID: 41d05181-fcde-40b0-b27d-04e4f7b8d467] Reasoning: This sentence repeats the earlier statement about identifying acts or omissions of a lawyer, which is unrelated to the statutory context.
  [ID: 69f544af-2497-43ef-8487-8889dc3d710e] Reasoning: This sentence discusses identifying particular circumstances in a legal context, which does not relate to the statutory meaning of 'identifying particular'.
  [ID: fc3361ba-af30-4e9d-b508-b8d1085bb8b8] Reasoning: This sentence repeats the earlier statement about identifying acts or omissions of a lawyer, which is unrelated to the statutory context.
  [ID: 3f909917-5f4d-4ab1-8555-0060a93c1885] Reasoning: This sentence repeats the earlier statement about identifying acts or omissions of a lawyer, which is unrelated to the statutory context.
  [ID: 03093721-331d-4df1-9c34-37e98b116dac] Reasoning: This sentence repeats the earlier statement about identifying acts or omissions of a lawyer, which is unrelated to the statutory context.
  [ID: 2f84f742-ad8f-4bc9-85c9-7dddc4c36b01] Reasoning: This sentence repeats the earlier statement about identifying acts or omissions of a lawyer, which is unrelated to the statutory context.
  [ID: 9647bf49-30fb-41fe-8521-bc360db3060b] Reasoning: This sentence repeats the earlier statement about identifying acts or omissions of a lawyer, which is unrelated to the statutory context.
  [ID: 6ab1c90c-8534-421a-9714-655e29979279] Reasoning: This sentence repeats the earlier statement about identifying acts or omissions of a lawyer, which is unrelated to the statutory context.
  [ID: 0c44b76c-4a81-4d53-91ac-5fb3bd392ff7] Reasoning: This sentence repeats the earlier statement about identifying acts or omissions of a lawyer, which is unrelated to the statutory context.
  [ID: 6080f1b2-d36f-4b33-ba93-da59b6e8c5db] Reasoning: This sentence discusses failings in care and treatment but does not relate to the statutory definition of 'identifying particular' or add any interpretive information about it.
  [ID: 16bfa3f0-4c6a-4f0c-8884-b81e8ac380c2] Reasoning: This sentence refers to categories of cases but does not provide any interpretive information about 'identifying particular' as defined in the statute.
  [ID: 37c377aa-0d5f-4935-b799-c4cf6d58b0ca] Reasoning: This sentence mentions 'identify particular prior drug transactions' but does not relate to the statutory meaning of 'identifying particular' or provide any interpretive value.
  [ID: 45060d59-f04e-468a-ac3c-bd687170c7b4] Reasoning: This sentence discusses a demand for proceeds without providing any interpretive information about 'identifying particular' as defined in the statute.
  [ID: b815630e-82d6-4ed7-84e2-24901be8dd1c] Reasoning: This sentence quotes the statute verbatim, providing no new interpretive information about 'identifying particular'.
  [ID: f5eec329-3bef-4751-8a86-280589621660] Reasoning: This sentence states that information must contain the individual's name or other identifying particular, which is a direct reiteration of the statute without additional interpretation.
  [ID: b030120b-700e-431f-9cbc-b160b97cbe63] Reasoning: This sentence reiterates the requirement that information must be 'about' an individual and include an identifying particular, which is already stated in the statute.
  [ID: 4f0c7615-6150-497c-b31e-ca17db469600] Reasoning: This sentence explains the process after determining documents constitute a 'system of records', but it does not add new interpretive information about 'identifying particular'.
  [ID: 9fc74025-5546-473b-bc66-1fec64ba3722] Reasoning: This sentence discusses the inclusion of information within a 'record' but does not provide new interpretive information about 'identifying particular'.
  [ID: 221d12ea-8fb7-467c-a305-e4f93f5e130b] Reasoning: This sentence critiques a definition for failing to require information to be 'about' an individual and linked to an identifying particular, but it does not clarify the meaning of 'identifying particular' itself.
  [ID: cf44c05e-35cd-4698-a5f3-8aedc6960465] Reasoning: This sentence discusses identifying particular elements of claims but does not relate to the statutory definition of 'identifying particular'.
  [ID: 74cb3661-c36f-4239-8a0c-b5831273cb87] Reasoning: This sentence mentions identifying particular employees but does not provide any interpretive information about 'identifying particular' as defined in the statute.
  [ID: cb212e0e-70ad-4db6-a10c-ed4e472b69f2] Reasoning: This sentence discusses corroborating evidence but does not relate to the statutory definition of 'identifying particular' or provide any interpretive value.
  [ID: 13ceb793-fc2d-4c44-ab75-98bf49bebb07] Reasoning: This sentence discusses the D.C. Circuit's examination of the definition of 'record' but does not add new interpretive information about 'identifying particular'.
  [ID: 62880c6a-0f7f-4b15-9185-04761130a24e] Reasoning: This sentence critiques a holding regarding the definition of 'record' but does not provide new interpretive information about 'identifying particular'.
  [ID: 036c96ed-ae9c-4867-9510-2bc592226f44] Reasoning: This sentence discusses constitutional impediments but does not relate to the statutory definition of 'identifying particular' or provide any interpretive value.
  [ID: 2d9b07c5-a64f-4e9b-b14f-45132987d202] Reasoning: This sentence discusses legislative history but does not provide any interpretive information about 'identifying particular' as defined in the statute.
  [ID: 37278145-3d73-4780-9b7f-e2c9b6cbbd0e] Reasoning: This sentence discusses tortious interference but does not relate to the statutory definition of 'identifying particular' or provide any interpretive value.
  [ID: 5e1ad4f2-b405-4d74-85bc-737266230f94] Reasoning: This sentence discusses identifying particular false claims but does not relate to the statutory definition of 'identifying particular' or provide any interpretive value.
  [ID: d65995be-c2fb-41f3-8dde-23e84cec11e6] Reasoning: This sentence quotes the statute verbatim, providing no new interpretive information about 'identifying particular'.
  [ID: 11bf167b-0ea9-4144-a80b-de2f69209b2a] Reasoning: This sentence defines a system of records in a way that reiterates the statute without adding new interpretive information about 'identifying particular'.
  [ID: c46156dd-d41d-4517-b11a-6bd3200c3f2d] Reasoning: This sentence discusses case law and does not provide any interpretive information about the phrase 'identifying particular' or the statute itself.
  [ID: 3dc1f8ef-0f1a-41d4-a6a5-d39f957ccbc6] Reasoning: This sentence uses 'identify particular problems' but does not relate to the statutory meaning of 'identifying particular' in the context of records or identifying information.
  [ID: 8e99873e-51ad-4a77-bd1f-9d2fe6f79933] Reasoning: This sentence provides a definition of 'system of records' which includes the phrase 'identifying particular', thus offering relevant interpretive information about the statutory term.
  [ID: 6ada1c7f-5a65-4d2c-9903-2e83d4a2fb61] Reasoning: This sentence mentions 'identify particular' but does not provide any interpretive information related to the statutory context of identifying information.
  [ID: 6e511282-4ba5-4096-b2fd-72a892df23e2] Reasoning: This sentence discusses 'identifying particular factors' in a different context (joint employment) and does not relate to the statutory meaning of identifying information.
  [ID: 18f19840-49b3-442d-a520-67ad1bf80bb0] Reasoning: This sentence mentions 'identify particular statutes' but does not provide any interpretive information about the statutory term 'identifying particular'.
  [ID: a602428d-d27f-4d2d-884d-018d31e2b2c6] Reasoning: This sentence discusses 'identified particular factual details' but does not relate to the statutory context of identifying information.
  [ID: 101977fc-4b8c-4a81-9cc5-84713141f1d9] Reasoning: This sentence mentions 'identified particular inactions' but does not provide any interpretive information relevant to the statutory meaning of identifying information.
  [ID: 5fc88c54-f4bb-46b3-82de-16ff159e8623] Reasoning: This sentence discusses 'identified particular types of losses' in a different context (restitution) and does not relate to the statutory meaning of identifying information.
  [ID: 18de2bc4-faf0-4780-9a3e-a9f76969adf0] Reasoning: This sentence mentions 'identify particular facts' but does not provide any interpretive information about the statutory term 'identifying particular'.
  [ID: dd27ead2-785a-4a79-8377-adea0eacbd74] Reasoning: This sentence discusses identifying grave sites but does not relate to the statutory meaning of identifying information.
  [ID: 56a3a84b-11f3-4bd8-8679-4aa6f105c40e] Reasoning: This sentence is a verbatim quote of the statute defining 'system of records', which includes the phrase 'identifying particular'. It does not add interpretive meaning.
  [ID: 1b620a5e-0475-4c3e-9bc1-a3f5aaedabdc] Reasoning: This sentence discusses 'identify particular instances' but does not provide any interpretive information relevant to the statutory meaning of identifying information.
  [ID: 7fcd8f01-e663-42ce-8d12-14244f3461d3] Reasoning: This sentence mentions 'identify particular papers' but does not provide any interpretive information about the statutory term 'identifying particular'.
  [ID: 7c897642-ea9c-4346-a6d8-e6ac79b3c88b] Reasoning: This sentence discusses identifying particular asbestos products but does not relate to the statutory meaning of identifying information.
  [ID: 5defc4fb-c8f3-4501-a040-85e40524eaac] Reasoning: This sentence discusses identifying particular lenders but does not provide any interpretive information relevant to the statutory meaning of identifying information.
  [ID: aa39062b-613d-4921-b8de-3b0a5fc797c0] Reasoning: This sentence discusses identifying particular claims but does not provide any interpretive information relevant to the statutory meaning of identifying information.
  [ID: 17d22979-50d4-47da-8148-855c4bab451a] Reasoning: This sentence discusses identifying particular proceeds but does not provide any interpretive information relevant to the statutory meaning of identifying information.
  [ID: 687ea838-322d-4eba-902f-3b392346d67d] Reasoning: This sentence discusses identifying particular sections of a constitution but does not provide any interpretive information relevant to the statutory meaning of identifying information.
  [ID: 64e21e92-97cc-43d9-a473-88084baab1be] Reasoning: This sentence discusses identifying particular copyrightable expressions but does not provide any interpretive information relevant to the statutory meaning of identifying information.
  [ID: afbfd0a4-29b8-4463-b0c6-dcd19c03038e] Reasoning: This sentence discusses identifying particular documents but does not provide any interpretive information relevant to the statutory meaning of identifying information.
  [ID: 76357ebd-4d67-475a-8685-4787fc5d178e] Reasoning: This sentence discusses the need for a plaintiff to identify particular facts related to a defendant's opinion, which does not relate to the statutory definition of 'identifying particular' as it pertains to records about individuals.
  [ID: e534b455-f3c9-4e11-97d9-095fc0d5b802] Reasoning: This sentence defines a 'system of records' and relates to the retrieval of information by identifying particulars, but it does not elaborate on the meaning of 'identifying particular' itself.
  [ID: 447efb53-500b-4ffa-a122-d0b43e45f6f8] Reasoning: This sentence quotes the statute verbatim, providing no new interpretive information about 'identifying particular'.
  [ID: 6a09ba9a-45f2-4afd-8ff6-40d45c5e4c83] Reasoning: This sentence states that information must contain the individual's name or other identifying particulars, but it does not provide new interpretive information beyond the statute.
  [ID: ed88b52c-313c-46d9-9080-c7d73e7eabd0] Reasoning: This sentence states that a document does not contain identifying particulars, but it does not elaborate on the meaning of 'identifying particular'.
  [ID: 4fb952dd-c872-4043-b4cd-8b3e85f2394a] Reasoning: This sentence discusses identifying particular reasons for a legal conclusion, which is unrelated to the statutory meaning of 'identifying particular'.
  [ID: ac04f674-cce8-4499-8baf-7909c13c7b14] Reasoning: This sentence discusses the identification of particular information qualifying as a trade secret, which does not relate to the statutory definition of 'identifying particular'.
  [ID: 7fa8659f-1889-4e1b-9ce6-90419ebeaafc] Reasoning: This sentence refers to identifying 'particular parts' of the record, which is not directly related to the statutory meaning of 'identifying particular'.
  [ID: 7aee5e78-88fd-46cc-a7b4-85c3b76e50cb] Reasoning: This sentence discusses identifying particular statutory or regulatory requirements, which does not clarify the meaning of 'identifying particular' in the context of the statute.
  [ID: d59a73ad-bd6c-4421-a56b-fd6f9cc50b37] Reasoning: This sentence discusses identifying particular statutory or regulatory requirements, which does not clarify the meaning of 'identifying particular' in the context of the statute.
  [ID: 3f634d5d-f8e5-43d6-8952-518de8248eff] Reasoning: This sentence discusses a LIMS number used to identify particular analytical tests, which does not relate to the statutory definition of 'identifying particular'.
  [ID: f65ccf74-b0c5-4f5d-92b2-bedbaf783424] Reasoning: This sentence defines a 'system of records' and relates to the retrieval of information by identifying particulars, but it does not elaborate on the meaning of 'identifying particular' itself.
  [ID: 6e9fa80e-3ac0-4c2d-9eb1-2ef3526c9292] Reasoning: This sentence quotes the statute verbatim, providing no new interpretive information about 'identifying particular'.
  [ID: 9d3a0510-49ef-4053-ac0f-55bb09462f30] Reasoning: This sentence discusses a court case that involves identifying particular individuals, but it does not clarify the statutory meaning of 'identifying particular'.
  [ID: 4db5b7f1-f1ff-4f8e-9a55-5f79fb9abb60] Reasoning: This sentence discusses whether a trial court must identify particular mitigating circumstances, which does not relate to the statutory definition of 'identifying particular'.
  [ID: de16a7b2-cb59-4f02-97a0-8d4755bd40be] Reasoning: This sentence discusses identifying particular commodities or rates for analysis, which does not clarify the meaning of 'identifying particular' in the context of the statute.
  [ID: d4114232-085b-483e-9cb8-b55e08a24752] Reasoning: This sentence discusses identifying particular diseases as radiogenic, which does not relate to the statutory definition of 'identifying particular'.
  [ID: 8c377376-9763-4670-8dce-81b631cc8f68] Reasoning: This sentence discusses identifying particular computers used for online banking, which does not clarify the statutory meaning of 'identifying particular'.
  [ID: 14835208-b445-4a5e-9efc-350e6428400a] Reasoning: This sentence discusses the impossibility of identifying particular property belonging to a victim, which does not relate to the statutory definition of 'identifying particular'.
  [ID: 1ea7d896-97a6-4d54-af4b-06160013c596] Reasoning: This sentence discusses identifying particular defendants in a legal context, which does not clarify the statutory meaning of 'identifying particular'.
  [ID: a2d3edce-3914-4b71-be87-cb70b058fce5] Reasoning: This sentence discusses identifying particular defendants in relation to claims, which does not relate to the statutory definition of 'identifying particular'.
  [ID: b4184b4a-63f1-48ba-9933-8a389ed2888f] Reasoning: This sentence discusses the capability of a trademark to identify particular goods and services, which does not clarify the statutory meaning of 'identifying particular'.
  [ID: f4ad442f-aeff-4dd5-9272-bae1bb2efa22] Reasoning: This sentence uses the phrase 'identify particular' in a context that does not relate to the statutory definition of 'record' or its identifying particulars. It discusses testimony rather than information about an individual maintained by an agency.
  [ID: 75b576ff-b2f6-427e-a558-0fcc3022a127] Reasoning: The sentence discusses identifying flaws in reasoning, which is unrelated to the statutory context of identifying particulars about an individual. It does not provide any interpretive value regarding the phrase of interest.
  [ID: b11896dc-bd26-4a90-b379-a14048932326] Reasoning: This sentence refers to identifying particular houses for sale, which is unrelated to the statutory definition of 'record' or identifying particulars about individuals. It does not add interpretive value.
  [ID: eba51a94-1cfa-40e4-ac21-4d44ca427813] Reasoning: The sentence discusses policy reasons for a decision regarding seat belt designs, which does not relate to the identification of particulars about individuals as defined in the statute. It does not provide interpretive value.
  [ID: fbc64394-3cce-459e-8436-e0094d231df7] Reasoning: This sentence discusses the requirement to identify particular instances of unsatisfactory performance in the context of teacher dismissal procedures. While it uses the phrase 'identify particular', it does not relate to the statutory definition of 'record' or identifying particulars about individuals.
  [ID: a10135c8-8268-4135-8758-2c6c70e5a64a] Reasoning: This sentence discusses the identification of documents and other identifying information in a legal context, but it does not relate to the statutory definition of 'record' or identifying particulars about individuals. It does not provide interpretive value.
  [ID: 847e7cf3-4a68-44fa-913f-6c54c37bd6d0] Reasoning: This sentence discusses identifying particular acts or omissions of a lawyer, which is unrelated to the statutory definition of 'record' or identifying particulars about individuals. It does not add interpretive value.
  [ID: 9635b0fc-983a-4b9d-b3b1-1039d2386304] Reasoning: This sentence is identical to the previous one and discusses identifying particular acts or omissions of a lawyer, which is unrelated to the statutory definition of 'record' or identifying particulars about individuals. It does not add interpretive value.
  [ID: a0f0413b-dac3-4551-aa9e-da4a38d4b462] Reasoning: This sentence discusses identifying particular documents and other identifying information, but it does not relate to the statutory definition of 'record' or identifying particulars about individuals. It does not provide interpretive value.
  [ID: 1ba714df-500b-4c86-9890-6e8c454272a9] Reasoning: This sentence discusses methods for identifying particular descriptions under a specific act, which does not relate to the statutory definition of 'record' or identifying particulars about individuals. It does not provide interpretive value.
  [ID: 35b92b1b-bde9-4880-bd74-9e990aebc0cd] Reasoning: This sentence discusses identifying particular incidents related to a fatal encounter, which is unrelated to the statutory definition of 'record' or identifying particulars about individuals. It does not add interpretive value.
  [ID: 894ac753-4c94-48de-b7af-2c8987fadb0e] Reasoning: This sentence discusses identifying particular business practices that fall within the scope of 'unfair' or 'deceptive' practices, which is unrelated to the statutory definition of 'record' or identifying particulars about individuals. It does not provide interpretive value.
  [ID: 5fd2f414-1184-4328-af40-177f9c9861f1] Reasoning: This sentence discusses identifying particular parts of a prosecutor's speech, which is unrelated to the statutory definition of 'record' or identifying particulars about individuals. It does not add interpretive value.
  [ID: f31c8fcc-112c-4cd3-9ab1-ec242c2610bf] Reasoning: This sentence discusses identifying particular acts in a legal context, which is unrelated to the statutory definition of 'record' or identifying particulars about individuals. It does not provide interpretive value.
  [ID: a289dc59-8a54-4e3d-a373-85ccd23750c5] Reasoning: This sentence discusses a gift made without identifying particular persons, which is unrelated to the statutory definition of 'record' or identifying particulars about individuals. It does not add interpretive value.
  [ID: 8d7c03cb-f2db-46f3-9ce6-e22e6c1ec61b] Reasoning: This sentence discusses identifying particular bruises as defensive wounds, which is unrelated to the statutory definition of 'record' or identifying particulars about individuals. It does not provide interpretive value.
  [ID: 9e3c2481-f5e2-46d7-8fdf-bda166d4911b] Reasoning: This sentence discusses the failure to identify particular statutes as unconstitutional, which is unrelated to the statutory definition of 'record' or identifying particulars about individuals. It does not add interpretive value.
  [ID: b1fcff83-56aa-435f-a9d7-6caafdf04f9f] Reasoning: This sentence discusses the failure to identify particular sections of a tax code, which is unrelated to the statutory definition of 'record' or identifying particulars about individuals. It does not provide interpretive value.
  [ID: b86bd0a0-0991-419d-9fcc-344873532073] Reasoning: This sentence discusses the statutory intent exception to the public duty rule and mentions identifying particular groups as intended beneficiaries. However, it does not relate to the statutory definition of 'record' or identifying particulars about individuals. It does not provide interpretive value.
  [ID: d316e8d1-9907-4490-a0c0-b72c04a91be9] Reasoning: This sentence discusses instances of identifying particular acts but does not provide any interpretive information about the statutory term 'identifying particular'.
  [ID: 48fdc57c-cd92-4037-88f7-b4f98c4cabd1] Reasoning: This sentence mentions identifying particular pieces of documentation but does not elaborate on the meaning of 'identifying particular' in a legal context.
  [ID: 6c166dec-9098-4dc5-a1df-095ce83ebb1e] Reasoning: This sentence refers to identifying particular issues but does not provide any interpretive meaning related to the statutory term.
  [ID: aab417f4-fd31-4de6-a861-1687c2ea709a] Reasoning: This sentence discusses waiving rights to rely on exemptions by failing to identify particular exemptions, but it does not clarify the meaning of 'identifying particular'.
  [ID: 5359d69b-5380-4842-a17e-816b89ed1837] Reasoning: This sentence discusses identifying particular funds but does not provide interpretive information about the statutory term 'identifying particular'.
  [ID: de16ce44-3751-475d-a491-f9e29fef1240] Reasoning: This sentence refers to identifying particular false claims but does not elaborate on the meaning of 'identifying particular' in a legal context.
  [ID: 295ca507-c967-488b-8162-2f81b942ec52] Reasoning: This sentence provides a broad interpretation of 'record' but does not specifically elaborate on 'identifying particular' as defined in the statute.
  [ID: a8002663-a2e9-4987-aa17-bca4c2806484] Reasoning: This sentence defines 'system of records' but does not provide interpretive information about 'identifying particular'.
  [ID: 32fafb95-b276-4312-ad59-f011fb7c1838] Reasoning: This sentence discusses identifying particular positions but does not clarify the meaning of 'identifying particular' in a legal context.
  [ID: e3eaa3ce-2bdc-4ec3-beac-7aa8dd5e571e] Reasoning: This sentence mentions identifying particular questions but does not provide any interpretive meaning related to the statutory term.
  [ID: 85f57b0b-0e81-41f0-8372-7373b6e9678e] Reasoning: This sentence discusses identifying particular providers but does not clarify the meaning of 'identifying particular' in a legal context.
  [ID: 916069b2-3eda-46bc-911c-7ac8a1c68d38] Reasoning: This sentence defines 'System of Records' but does not provide interpretive information about 'identifying particular'.
  [ID: e48d4fe8-a524-4570-9a53-97358c296d77] Reasoning: This sentence discusses identifying particular defendants but does not clarify the meaning of 'identifying particular' in a legal context.
  [ID: 4167a42b-f99b-4e2b-9baf-1cf3719e7749] Reasoning: This sentence identifies particular insurance companies but does not provide any interpretive meaning related to the statutory term.
  [ID: 4cba3663-8402-4243-bbf7-2326d9a88bcf] Reasoning: This sentence discusses identifying particular false claims but does not elaborate on the meaning of 'identifying particular' in a legal context.
  [ID: aa759fc1-2bce-4ec9-82dd-10736cfcd30c] Reasoning: This sentence discusses the phrase being used to identify particular individuals but does not clarify the legal meaning of 'identifying particular'.
  [ID: b1d33b33-09e5-4ab0-8145-c4572a5f5e3c] Reasoning: This sentence discusses identifying particular acts or omissions of counsel but does not provide interpretive information about the statutory term.
  [ID: 4ab56ea7-3bf7-46a0-ae1c-224d4ec1576f] Reasoning: This sentence discusses identifying particular defendants but does not clarify the meaning of 'identifying particular' in a legal context.
  [ID: 0f147e60-45bb-458f-813c-175bd659e25b] Reasoning: This sentence discusses identifying particular components of a device but does not provide any interpretive meaning related to the statutory term.
  [ID: 9a15efce-c0b2-4233-ba22-aa340b88aeae] Reasoning: This sentence discusses identifying particular categories of cases but does not clarify the meaning of 'identifying particular' in a legal context.
  [ID: 607a3ceb-db00-485b-85f1-c818d6ed7da3] Reasoning: This sentence discusses identifying particular hours for disqualification but does not provide interpretive information about the statutory term.
  [ID: 17314968-1a81-42f2-a9a6-69196611488f] Reasoning: This sentence discusses identifying particular mining claims but does not clarify the meaning of 'identifying particular' in a legal context.
  [ID: 388608a5-10fb-44d0-94fd-cbc675e95110] Reasoning: This sentence repeats the definition of 'record' from the statute and does not add any interpretive meaning.
  [ID: 7c3f2b17-7f83-4710-9438-f1ee8f01dfa8] Reasoning: This sentence provides a broad interpretation of 'record' but does not specifically elaborate on 'identifying particular' as defined in the statute.
  [ID: c2d1ef99-2c46-4bc4-aca4-059ba9efeefe] Reasoning: This sentence defines 'system of records' but does not provide interpretive information about 'identifying particular'.
  [ID: e435634f-d0cb-4ef3-bef5-1321d211ee2b] Reasoning: This sentence discusses identifying particular inappropriate prescriptions but does not relate to the statutory definition of 'identifying particular' as it pertains to records about individuals.
  [ID: 0dce0329-6c10-4a31-b89f-402ff096ddde] Reasoning: This sentence mentions not identifying particular documents but does not provide any interpretive information related to the statutory term 'identifying particular'.
  [ID: e77e6978-6353-4446-b082-169e04ebfe6b] Reasoning: This sentence states that plaintiffs have identified particular agency action, but it does not elaborate on the meaning of 'identifying particular' in the context of the statute.
  [ID: 3bd2afce-4c4e-4b23-b10a-6017c9679fcc] Reasoning: Similar to the previous sentence, this one states that plaintiffs have identified particular agency action without providing further interpretive context regarding the statutory term.
  [ID: 9e131c93-a35a-41af-aa40-0627f075b443] Reasoning: This sentence quotes the statute verbatim, providing no new interpretive information about 'identifying particular'.
  [ID: ec47fbe4-ad21-439a-9bed-17fb17bc1b3a] Reasoning: This sentence discusses identifying particular false claims for payment but does not relate to the statutory definition of 'identifying particular' in the context of records about individuals.
  [ID: a3d1401a-11e6-41e5-843c-97ce9a97c316] Reasoning: This sentence provides details on identifying particular false claims but does not clarify the meaning of 'identifying particular' as defined in the statute.
  [ID: 69ac6b65-cfe2-4a26-9c68-4e5422092b96] Reasoning: This sentence discusses identifying particular trust property in a bankruptcy context, which does not relate to the statutory meaning of 'identifying particular'.
  [ID: df1851c1-a805-4a3c-9a68-c1a9dc5c094c] Reasoning: This sentence mentions identifying particular objects or sites but does not provide interpretive information relevant to the statutory term 'identifying particular'.
  [ID: 3dcf30b4-bade-42a8-b11e-d8ae31799a99] Reasoning: This sentence discusses the court's approach to identifying particular hours for disqualification but does not relate to the statutory definition of 'identifying particular'.
  [ID: 0635f753-c663-4fcb-a561-d55b363f8193] Reasoning: This sentence discusses identifying particular policies but does not provide interpretive information about the statutory term 'identifying particular'.
  [ID: 13c21271-e571-4528-8679-4dc7216a0134] Reasoning: This sentence quotes the statute verbatim, providing no new interpretive information about 'identifying particular'.
  [ID: 2f09273e-9c04-4cc6-91df-f82a0d2c301c] Reasoning: This sentence defines a system of records in a way that closely mirrors the statute, offering no new interpretive information about 'identifying particular'.
  [ID: 8f9cdcd4-5391-426f-8a36-2940ac2e7cc3] Reasoning: This sentence states that a record must contain identifying particulars but does not provide new interpretive information beyond the statute.
  [ID: 61f7961b-09b0-425b-a4c6-ad7e69613bf6] Reasoning: This sentence quotes the statute verbatim, providing no new interpretive information about 'identifying particular'.
  [ID: e6ffc6bf-f74b-4e7e-bbc7-bd44f64cb2e0] Reasoning: This sentence reiterates the requirement for a record to be 'about' an individual and contain identifying particulars, mirroring the statute without adding interpretive value.
  [ID: 7da0ff89-8fa8-4c35-8ed7-a1b3b5432301] Reasoning: This sentence discusses requesting information about identifying particulars but does not clarify the meaning of 'identifying particular' as defined in the statute.
  [ID: 42bf26e5-cb97-43e0-954e-efb5ae3eda37] Reasoning: This sentence provides an example of identifying particular portions of code but does not relate to the statutory definition of 'identifying particular'.
  [ID: a42bc5da-45dc-418c-8c5f-5eee197509ec] Reasoning: This sentence discusses identifying particular groupings of purchases but does not provide interpretive information relevant to the statutory term 'identifying particular'.
  [ID: b8fe4acb-f694-4080-b970-c9695b5653d8] Reasoning: This sentence discusses identifying particular instances in the record but does not clarify the meaning of 'identifying particular' in the context of the statute.
  [ID: fd451529-6592-446e-940e-e4564c7e5247] Reasoning: This sentence identifies particular misstatements but does not relate to the statutory definition of 'identifying particular' as it pertains to records about individuals.
  [ID: 636790d2-3541-4327-a6fd-31448dbdb582] Reasoning: This sentence discusses identifying particular abusive practices but does not provide interpretive information relevant to the statutory term 'identifying particular'.
  [ID: fb1c11be-42b0-479e-ad9e-f966c33a5fcf] Reasoning: This sentence discusses identifying particular trends within an individual’s criminal history but does not clarify the meaning of 'identifying particular' in the context of the statute.
  [ID: a6d3a3a0-ba42-4826-a96a-266a07a09a97] Reasoning: This sentence discusses the failure to identify particular individuals in a context unrelated to the statutory definition of 'record' or 'identifying particular'. It does not provide interpretive information about the phrase of interest.
  [ID: 805760be-1282-4fac-b317-7a7e823defde] Reasoning: The sentence mentions identifying particular prejudices but does not relate to the statutory definition or provide interpretive meaning regarding 'identifying particular'.
  [ID: 8fe01a3d-626d-4dba-810f-cedb25bead2d] Reasoning: This sentence discusses the failure to identify particular banks in a fraud case, which does not add interpretive meaning to the statutory term 'identifying particular'.
  [ID: 7a716188-0f0c-4c3b-9b73-c7c750832fc1] Reasoning: The sentence discusses a continuum of guides and mentions identifying particular Beanie Babies, but it does not provide a legal interpretation relevant to the statutory definition.
  [ID: 1dd06ff4-c654-4945-94c5-fa09bf791520] Reasoning: This sentence discusses the failure to identify particular dates and individuals in a claim, which does not relate to the statutory definition of 'identifying particular'.
  [ID: 97b8cc8a-4625-45a3-b4b5-e47c2e480bd1] Reasoning: This sentence provides a context where identifying particular diseases is relevant to a regulation, which could imply a legal interpretation but does not directly elaborate on the statutory term.
  [ID: 81139139-835f-40e6-8830-d46fd5464363] Reasoning: The sentence discusses identifying particular juvenile peer groups, which does not relate to the statutory definition of 'identifying particular' in a meaningful way.
  [ID: 772c59ba-8fea-41cc-a439-d099a62776eb] Reasoning: This sentence discusses the failure to identify particular funds in a legal context, but it does not provide interpretive meaning regarding the statutory term 'identifying particular'.
  [ID: 755f5277-7277-401c-be93-877ccb18e8bb] Reasoning: Similar to the previous sentence, it discusses the failure to identify particular funds without adding interpretive meaning to the statutory term.
  [ID: 50b76c6b-bb9f-49f5-b428-090d353ee823] Reasoning: This sentence discusses the failure to identify particular unresolved discovery issues, which does not relate to the statutory definition of 'identifying particular'.
  [ID: 8bf632cf-7102-4c81-882b-dbbcd7bb7021] Reasoning: The sentence discusses the failure to identify particular facts in the record, which does not provide interpretive meaning regarding the statutory term.
  [ID: 856ad76d-964c-45f7-8352-bd97a4f54dc0] Reasoning: This sentence discusses identifying particular portions of regulations but does not provide a direct interpretation of the statutory term 'identifying particular'.
  [ID: 9208f875-855b-4d56-aa18-e2f734feb795] Reasoning: The sentence discusses identifying particular property related to a tax lien, which does not add interpretive meaning to the statutory term 'identifying particular'.
  [ID: f65b13a0-d62f-44e8-97ed-e5031594585a] Reasoning: This sentence discusses identifying particular individuals in a hiring context, which does not provide interpretive meaning regarding the statutory term.
  [ID: 69784f61-96c5-42c0-9df0-1305a6c45119] Reasoning: The sentence discusses identifying particular pieces of property for development, which does not relate to the statutory definition of 'identifying particular'.
  [ID: cdda1ab0-0b55-4608-b23a-994b3c2b6f23] Reasoning: This sentence discusses identifying particular elements of claims but does not provide interpretive meaning regarding the statutory term 'identifying particular'.
  [ID: 71648750-7e66-477e-86c5-5256ed18c9e2] Reasoning: This sentence discusses secondary meaning in the context of identifying particular goods and services, which is relevant to the concept of identification but does not directly interpret the statutory term.
  [ID: a244496b-7c33-45c2-8af2-04c243b16fcd] Reasoning: This sentence discusses the capability of marks to identify particular goods and services, which is relevant but does not directly interpret the statutory term 'identifying particular'.
  [ID: 9ba1745e-4154-432b-8d1b-0bad39daab8b] Reasoning: This sentence discusses marks that are capable of identifying particular goods and services, which is relevant but does not provide a direct interpretation of the statutory term.
  [ID: 0127999a-596f-4e2b-b589-7c1e8fdef756] Reasoning: This sentence discusses the failure to identify particular witnesses, which does not relate to the statutory definition of 'identifying particular'.
  [ID: 3313f406-ed01-4345-8f15-fd7f265a1670] Reasoning: This sentence discusses identifying particular aspects of restaurants, which does not provide interpretive meaning regarding the statutory term 'identifying particular'.
  [ID: e2110e05-3391-4324-be0b-016392b876ed] Reasoning: This sentence requires identifying particular articles in a case involving fraud, which does not provide interpretive meaning regarding the statutory term.
  [ID: 7e95bb99-be47-4e58-809d-54df0e8f827f] Reasoning: This sentence discusses identifying particular conversations for legal purposes, which does not provide interpretive meaning regarding the statutory term 'identifying particular'.
  [ID: f89f1dae-a793-46dd-a832-c81e66666232] Reasoning: This sentence discusses identifying claim limitations, which does not relate to the phrase 'identifying particular' in the context of the statute about records and personal information.
  [ID: 664549c2-2269-409d-aa86-092b378d657f] Reasoning: This sentence mentions identifying particular information but does not elaborate on the meaning of 'identifying particular' in the context of the statute.
  [ID: acc1a030-8071-41b5-81a7-b3fe43f58144] Reasoning: This sentence refers to identifying particular transactions in a legal context but does not provide interpretive meaning related to the statute's definition of 'identifying particular'.
  [ID: c939a970-6e85-4d80-a624-2901ea8cf1b8] Reasoning: This sentence discusses identifying particular frequencies in a technical context, which does not relate to the statutory meaning of 'identifying particular'.
  [ID: eb1787af-62fa-4c13-a7aa-05e066983508] Reasoning: This sentence mentions identifying particular evidence in a legal case but does not clarify the meaning of 'identifying particular' as defined in the statute.
  [ID: 62638cbe-8cd1-4b0d-a80d-a5d3ef5c546c] Reasoning: This sentence discusses identifying particular expenses but does not provide interpretive meaning related to the statutory definition of 'identifying particular'.
  [ID: 0f4daf4c-fe47-41d7-ab9c-e51877fe1527] Reasoning: This sentence discusses identifying particular doctors for marketing purposes, which does not relate to the statutory context of personal records.
  [ID: f0dafd29-cd0d-4ad6-ae00-04cde7388c76] Reasoning: This sentence quotes the statute verbatim, providing no new interpretive information about 'identifying particular'.
  [ID: d9ce1ecc-d461-4924-9282-f3b2e632ea0b] Reasoning: This sentence discusses a court's view on a system of records but does not provide new interpretive meaning regarding 'identifying particular'.
  [ID: 95051250-74f8-42ee-aa15-cb9df5341c6c] Reasoning: This sentence discusses the statutory definition of a system of records but does not elaborate on the meaning of 'identifying particular'.
  [ID: 103af4d5-7ccb-41eb-a213-d09f636ef1d9] Reasoning: This sentence repeats the statute's definition of a system of records, providing no new interpretive information about 'identifying particular'.
  [ID: 5baf375d-128b-4057-a4dc-6bc294a31a4c] Reasoning: This sentence quotes the statute's definition of 'record', providing no new interpretive information about 'identifying particular'.
  [ID: 644b8137-122b-49e0-8fe0-323fad689f8e] Reasoning: This sentence discusses a system of records but does not provide new interpretive meaning regarding 'identifying particular'.
  [ID: c7c4b168-dd48-44c6-88a1-e8bf9e1345a2] Reasoning: This sentence discusses identifying particular pages in a different context, which does not relate to the statutory meaning of 'identifying particular'.
  [ID: f594713b-9276-4745-b279-74e095c4086c] Reasoning: This sentence discusses identifying particular algorithms in a patent context, which does not relate to the statutory meaning of 'identifying particular'.
  [ID: 11998300-03d7-40ef-a773-1d0417473eda] Reasoning: This sentence discusses identifying particular governmental employees but does not clarify the meaning of 'identifying particular' in the context of the statute.
  [ID: e03411c3-e02f-45d4-9c7e-f5d08c03a350] Reasoning: This sentence discusses identifying particular exclusions in a health plan context, which does not relate to the statutory meaning of 'identifying particular'.
  [ID: beaf4936-e3f0-43e2-b332-d176dc1f4f90] Reasoning: This sentence discusses identifying particular circumstances in a tax context, which does not relate to the statutory meaning of 'identifying particular'.
  [ID: cbaef238-d9e9-47a4-b086-18c06346d3cd] Reasoning: This sentence discusses identifying particular objectionable hearsay statements but does not clarify the meaning of 'identifying particular' in the context of the statute.
  [ID: 82ebd351-8356-4d3b-9182-e75b9a6a896f] Reasoning: This sentence discusses identifying particular claim elements but does not provide interpretive meaning related to the statutory definition of 'identifying particular'.
  [ID: 074ccc2a-9108-42a0-8288-ae417e021957] Reasoning: This sentence discusses identifying particular remarks made during employment but does not clarify the meaning of 'identifying particular' in the context of the statute.
  [ID: 8bd87ade-24d3-48c2-86f3-76b468f53984] Reasoning: This sentence discusses identifying particular areas of habitat modeling but does not relate to the statutory meaning of 'identifying particular'.
  [ID: d2ebf8bf-1d51-4fc8-8134-90638c3c6107] Reasoning: This sentence discusses identifying particular statements in a legal context but does not clarify the meaning of 'identifying particular' in the context of the statute.
  [ID: 106dbcbd-83b7-41d2-a804-27ade5b5b681] Reasoning: This sentence discusses identifying particular areas of testimony but does not provide interpretive meaning related to the statutory definition of 'identifying particular'.
  [ID: c7800373-0325-400b-81b1-4555f8c0bc32] Reasoning: This sentence discusses identifying particular areas of cooperation required but does not clarify the meaning of 'identifying particular' in the context of the statute.
  [ID: 2c21f3ff-dc51-4699-a87e-74fb77ec5bca] Reasoning: The sentence discusses the failure to identify particular documents but does not elaborate on the meaning of 'identifying particular' in a legal context.
  [ID: c618a3f7-0629-4200-bd20-978e63ec0976] Reasoning: This sentence mentions identifying particular needs but does not provide any interpretive information about the phrase 'identifying particular' itself.
  [ID: 887f7aba-e20d-47b0-be48-510edd133b40] Reasoning: The sentence refers to not identifying particular candidates but does not clarify or elaborate on the legal meaning of 'identifying particular'.
  [ID: b49b1537-5681-4eed-acf3-0f9b957b1e02] Reasoning: This sentence discusses the failure to identify particular items but does not provide any interpretive context for the phrase 'identifying particular'.
  [ID: 34bc433f-fc4d-40a0-93a3-aa949beaa806] Reasoning: The sentence discusses identifying particular facts but does not provide a legal interpretation of the phrase 'identifying particular'.
  [ID: b61d2283-6ec6-445d-924d-800c20b7b2cb] Reasoning: Similar to the previous sentence, it discusses identifying particular facts but lacks interpretive value regarding the phrase of interest.
  [ID: a94c756c-89f4-4855-a652-8fe4da4a4e14] Reasoning: This sentence discusses identifying particular facts but does not elaborate on the legal meaning of 'identifying particular'.
  [ID: 4dd81860-522b-49d8-a484-82865cf17239] Reasoning: The sentence refers to identifying particular devices but does not provide any interpretive information about the phrase 'identifying particular'.
  [ID: 58c88847-be08-4c79-90c6-b151fbee5ce9] Reasoning: This sentence discusses identifying particular classes but does not clarify the legal meaning of 'identifying particular'.
  [ID: 00849aa3-e380-462c-a583-5c547e7a5c43] Reasoning: The sentence mentions identifying particular products but does not provide interpretive meaning regarding the phrase 'identifying particular'.
  [ID: 283af9e1-ac0f-4782-bf8a-677a53f869a8] Reasoning: This sentence provides a broad definition of 'record' that includes the phrase 'identifying particular', thus offering interpretive value.
  [ID: 4943ea84-84b0-45a4-9130-3f46a39f1bee] Reasoning: This sentence defines 'system of records' and includes the phrase 'identifying particular', providing interpretive context.
  [ID: 4c826713-f9bc-4a03-9a20-b6337292a8b8] Reasoning: The sentence discusses identifying particular barriers but does not provide interpretive meaning related to the phrase of interest.
  [ID: fca54c37-a8d6-46ae-b22c-dbe4f0d2cd6d] Reasoning: This sentence mentions identifying particular interrogatories but does not elaborate on the legal meaning of 'identifying particular'.
  [ID: 9fa98771-d920-4595-bcb5-d768b9c3e5d1] Reasoning: The sentence discusses identifying particular companies but does not provide interpretive meaning regarding the phrase 'identifying particular'.
  [ID: 0ee9dfb6-fd9b-413e-9522-79ed22bed612] Reasoning: This sentence discusses identifying particular quantities but does not clarify the legal meaning of 'identifying particular'.
  [ID: 7a9f19a0-ff8f-49bf-85b5-946fe1fe2b13] Reasoning: The sentence discusses identifying particular counts of an indictment but does not provide interpretive meaning regarding the phrase of interest.
  [ID: d1b52d5c-fdac-4d44-9c05-1bf388e9ae39] Reasoning: This sentence discusses identifying particular discriminatory conduct but does not elaborate on the legal meaning of 'identifying particular'.
  [ID: fae70647-31ef-4ae8-be81-16ea33c2c9cb] Reasoning: The sentence discusses identifying particular factual or legal errors but does not provide interpretive meaning regarding the phrase of interest.
  [ID: b234cdb0-0c2b-40ca-a737-189e72afa5ea] Reasoning: This sentence discusses identifying particular checks but does not clarify the legal meaning of 'identifying particular'.
  [ID: d90c272a-946f-4856-92ad-8c9577a9686b] Reasoning: The sentence discusses identifying particular types of documents but does not provide interpretive meaning regarding the phrase of interest.
  [ID: d591189c-ce31-43ab-a366-4958373a09b8] Reasoning: This sentence discusses identifying particular amounts of revenue but does not clarify the legal meaning of 'identifying particular'.
  [ID: 36cc86c1-4bde-4a36-8c38-12bc0a3fd736] Reasoning: This sentence discusses identifying particular positions but does not provide interpretive meaning regarding the phrase of interest.
  [ID: 79df33c0-d150-4fb7-a1ee-5d8407065c5f] Reasoning: The sentence discusses identifying particular screens but does not clarify the legal meaning of 'identifying particular'.
  [ID: 65eb514e-6037-49c1-9cbc-6848b1a474b5] Reasoning: This sentence discusses identifying particular pieces of equipment but does not provide interpretive meaning regarding the phrase of interest.
  [ID: b579805c-cd50-458e-884c-d3f1dbf80ddc] Reasoning: This sentence defines 'system of records' and includes the phrase 'identifying particular', but it does not provide new interpretive information beyond what is already stated in the statute.
  [ID: 76eeb2fa-fbf4-4cb5-9c83-e2ae3c1068d2] Reasoning: This sentence discusses a specific case involving the retrieval of records by name or identifying particulars, but it does not add new interpretive information about the phrase 'identifying particular'.
  [ID: 1cb7354d-848e-44d6-a1e8-b2945c9fb5a1] Reasoning: This sentence discusses circumstances related to price lists and monitoring but does not relate meaningfully to the phrase 'identifying particular' or the statute.
  [ID: 83c9b785-bf16-4ec9-bcf8-d5ec60198dda] Reasoning: This sentence uses the phrase 'identifying particular' in a different context related to agency distribution but does not provide interpretive information relevant to the statute.
  [ID: 92782332-6594-49f8-9b2b-01a238df06ce] Reasoning: This sentence discusses a legal case and mentions 'identifying particular facts', but it does not clarify the meaning of the phrase in the context of the statute.
  [ID: d6ebf2f6-7f41-4ca1-aeb1-e73ed9d82b9e] Reasoning: This sentence mentions 'identifying particulars' in a different context related to a bill of particulars, which does not relate to the statute's meaning.
  [ID: b0b79c8c-19e9-4467-a8be-7f37a7110d98] Reasoning: This sentence discusses the difficulty of identifying particular members of a class but does not provide interpretive information about the statutory term.
  [ID: dc6af913-52d8-490f-9eea-6a6653f5f49e] Reasoning: This sentence defines 'system of records' and includes the phrase 'identifying particular', but it does not provide new interpretive information beyond what is already stated in the statute.
  [ID: ed4ee1bc-5ac6-42e2-b98a-0b33037a7882] Reasoning: This sentence repeats the definition of 'record' from the statute, including the phrase 'identifying particular', without adding new interpretive information.
  [ID: fab63a1b-e5fb-4f1c-950f-efc541a5a658] Reasoning: This sentence also repeats the definition of 'record' from the statute, including the phrase 'identifying particular', without adding new interpretive information.
  [ID: 4710b80c-9605-4fb4-b426-ff0eccb83088] Reasoning: This sentence defines 'system of records' and includes the phrase 'identifying particular', but it does not provide new interpretive information beyond what is already stated in the statute.
  [ID: 4545e590-2768-4f79-a553-8d98c4f5d308] Reasoning: This sentence repeats the definition of 'system of records' from the statute, including the phrase 'identifying particular', without adding new interpretive information.
  [ID: 1796a6f9-abe0-43fe-b458-4961ea6a7b0a] Reasoning: This sentence discusses a court ruling related to identifying particular individuals but does not clarify the meaning of the phrase in the context of the statute.
  [ID: f26f3bc1-9a26-4b1d-8ef1-db645fe2fd03] Reasoning: This sentence discusses the burden of identifying particular positions but does not provide interpretive information about the statutory term.
  [ID: bd6bc898-9543-456f-95c8-f244b53c5516] Reasoning: This sentence discusses a legal case and mentions 'identifying particular statements', but it does not clarify the meaning of the phrase in the context of the statute.
  [ID: fd0a1bd7-b7f1-42a6-a68c-1889382c2807] Reasoning: This sentence discusses requirements for plaintiffs to identify particular defendants but does not provide interpretive information about the statutory term.
  [ID: 1d7b7ab-a5ef-4b3c-b390-f03e73096443] Reasoning: This sentence discusses witnesses identifying particular exhibits but does not clarify the meaning of the phrase in the context of the statute.
  [ID: f735b4ea-9b5e-47f4-b27f-e94128bbe9c8] Reasoning: This sentence discusses the implications of a Privacy Act violation related to identifying particulars but does not provide new interpretive information about the statutory term.
  [ID: 8659c3bf-694b-44cb-84cb-e5e245f0bd94] Reasoning: This sentence defines criteria for information to be a 'record' within the meaning of the Privacy Act, including the phrase 'identifying particular', but does not provide new interpretive information.
  [ID: 73c96ecf-a665-4244-8ec5-5c7c689353bc] Reasoning: This sentence repeats the definition of 'record' from the statute, including the phrase 'identifying particular', without adding new interpretive information.
  [ID: ae8503dd-aaf9-4d4d-aef2-1c043419c9cf] Reasoning: This sentence repeats the definition of 'system of records' from the statute, including the phrase 'identifying particular', without adding new interpretive information.
  [ID: f26002e7-b283-4011-80da-1af1ef87b26c] Reasoning: This sentence discusses a legal case and mentions 'identifying particular potential customers', but it does not clarify the meaning of the phrase in the context of the statute.
  [ID: b3c9fd03-d67e-4df1-ab65-3c0c77b95b11] Reasoning: This sentence defines 'system of records' and relates it to the retrieval of information by identifying particulars, which adds context to the phrase of interest but does not provide new interpretive information about 'identifying particular' itself.
  [ID: 949f5d57-4628-4498-9206-ba013dabd15e] Reasoning: This sentence discusses a specific designation and its relation to 'identifying particular', indicating that 'Ethics' does not equal an identifying particular, which provides interpretive context.
  [ID: de11c840-1f3c-412e-ada4-eddd5b9df07d] Reasoning: This sentence discusses network traffic data and does not relate meaningfully to the phrase 'identifying particular' or the statute, thus providing no value.
  [ID: 540b4f85-f422-4da5-87c1-4abd043402b7] Reasoning: This sentence mentions identifying particular children but does not relate to the statutory context of identifying particulars assigned to individuals, thus providing no value.
  [ID: 8bb4351a-2204-4224-bd8e-8e8ae8c8f2b3] Reasoning: This sentence discusses handwriting analysis and does not relate to the statutory context of identifying particulars, thus providing no value.
  [ID: 1b7c0fb6-1afd-45e3-a67d-330faa768872] Reasoning: This sentence mentions identifying particular changes but does not relate to the statutory context of identifying particulars assigned to individuals, thus providing no value.
  [ID: a55be7cd-d357-4c6f-b4c3-9ec9799bb8ce] Reasoning: This sentence states that a request does not seek information identifying particular individuals, which provides context but does not elaborate on the meaning of 'identifying particular'.
  [ID: 500c49f7-e7a1-4e13-ae52-f6cdba7e9af0] Reasoning: This sentence discusses identifying particular employees in a different context and does not relate to the statutory meaning of identifying particulars, thus providing no value.
  [ID: e7e24642-289d-4d00-b0dc-dbedc3e3727f] Reasoning: This sentence discusses the need to identify particular persons but does not provide interpretive information about the statutory term 'identifying particular', thus providing no value.
  [ID: dab1c815-bf66-4dd1-9e4c-46330fb64c8d] Reasoning: This sentence quotes the statute verbatim, providing no new interpretive information about 'identifying particular'.
  [ID: ca5338af-c3eb-4b4f-98b5-101988e06b62] Reasoning: This sentence quotes the statute verbatim, providing no new interpretive information about 'identifying particular'.
  [ID: 0259454c-3a1e-47b8-b38a-0cc99ba8b160] Reasoning: This sentence discusses the requirement to identify particular individuals in a legal context but does not elaborate on the meaning of 'identifying particular', thus providing no value.
  [ID: fdc63eed-8592-4d8a-86d6-db068366a8fc] Reasoning: This sentence quotes the statute verbatim, providing no new interpretive information about 'identifying particular'.
  [ID: 0e6d01b6-e91e-4a51-80fe-bc42b738b6c3] Reasoning: This sentence discusses identifying particular problems but does not relate to the statutory context of identifying particulars assigned to individuals, thus providing no value.
  [ID: 91b40e2a-2bd5-461f-8e43-32fd4e0b47a2] Reasoning: This sentence discusses identifying particular calls in a different context and does not relate to the statutory meaning of identifying particulars, thus providing no value.
  [ID: b37a3d01-1624-4a99-9a25-f97bd3daf461] Reasoning: This sentence repeats information about grant requirements and does not provide new interpretive information about 'identifying particular', thus providing no value.
  [ID: c8d25e1a-d576-4e03-a3aa-97bbe388863c] Reasoning: This sentence discusses identifying particular parties in a different context and does not relate to the statutory meaning of identifying particulars, thus providing no value.
  [ID: 71ffe8f8-82c5-4f8d-a276-fc4427188153] Reasoning: This sentence discusses identifying particular provisions in a legal context but does not elaborate on the meaning of 'identifying particular', thus providing no value.
  [ID: 57410289-fb84-4179-93b4-c58b3e88ae91] Reasoning: This sentence discusses identifying particular statements but does not relate to the statutory context of identifying particulars, thus providing no value.
  [ID: 57208c9d-29f2-4868-9f14-65bc7577668d] Reasoning: This sentence discusses identifying particular cases but does not relate to the statutory context of identifying particulars, thus providing no value.
  [ID: df1e9626-bc63-48eb-9a04-0ff97b8d4d55] Reasoning: This sentence discusses identifying particular conduct but does not relate to the statutory context of identifying particulars, thus providing no value.
  [ID: 7c599f2f-e549-45e9-94b1-62fc3a8e1b96] Reasoning: This sentence quotes the statute verbatim, providing no new interpretive information about 'identifying particular'.
  [ID: fde9a5c6-6fb4-44a8-afd7-1ac20e808c5f] Reasoning: This sentence quotes the statute verbatim, providing no new interpretive information about 'identifying particular'.
  [ID: 310b856f-ccd8-4aea-aae2-46c37ae78df3] Reasoning: This sentence discusses identifying particular false claims in a different context and does not relate to the statutory meaning of identifying particulars, thus providing no value.
  [ID: 5c7a3dd5-29e4-4f5b-9dc8-d2d451906cf1] Reasoning: This sentence discusses identifying particular features of a bite mark but does not relate to the statutory definition of 'identifying particular' as it pertains to personal information about individuals.
  [ID: 0c0adcad-992f-4c30-aa58-7bf539f8d649] Reasoning: This sentence refers to identifying particular subspecies of tigers, which is unrelated to the statutory context of identifying particulars related to individuals.
  [ID: de968cdf-d865-4049-9f7d-f9a68be27432] Reasoning: This sentence defines 'system of records' and includes the phrase 'identifying particular', but it is a direct quote from the statute and does not add interpretive value.
  [ID: 924f22c4-28d7-42ac-b33f-43484b866d12] Reasoning: This sentence suggests congressional intent regarding access to information not retrieved by identifying particulars, providing interpretive context that relates to the phrase of interest.
  [ID: daeb6612-575e-462b-a004-2510801338e7] Reasoning: This sentence discusses factual and legal determinations related to identifying particulars, providing context that could help interpret the phrase of interest.
  [ID: 4a32b24f-da0e-4489-a187-6e634dd868cd] Reasoning: This sentence discusses identifying particular components in a patent case, which is unrelated to the statutory context of personal identifying particulars.
  [ID: 2b64f528-f9cc-4949-9081-684667a4e499] Reasoning: This sentence defines 'system of records' similarly to the statute, providing no new interpretive information.
  [ID: 4fde7d53-8453-4aa7-964a-a817647a5ee7] Reasoning: This sentence discusses identifying particular time entries in a legal context, which does not relate to the statutory definition of identifying particulars.
  [ID: bcb061ba-3a2f-4b3e-9348-62d3ea6de9c5] Reasoning: This sentence discusses identifying particular decision-making processes, which is unrelated to the statutory context of personal identifying particulars.
  [ID: 98d33ca7-b507-4559-96f2-da076f0269c4] Reasoning: This sentence discusses the burden of proof in a patent case, which does not relate to the statutory definition of identifying particulars.
  [ID: 37285c99-eb69-4175-bde5-6e7206ebc279] Reasoning: This sentence is a verbatim quote from the statute and does not provide any new interpretive information.
  [ID: 7779ec76-fb42-44e1-b9dc-05c300ac35a7] Reasoning: This sentence is another direct quote from the statute and does not add interpretive value.
  [ID: c87eb873-8046-4307-9afd-83e4b3c7a0db] Reasoning: This sentence references case law that interprets 'record' in relation to identifying particulars, providing some interpretive context.
  [ID: 22a4643b-cb50-4dc1-8613-ecfcb832b3bc] Reasoning: This sentence discusses the narrow definition of 'system of records' and its relation to identifying particulars, providing interpretive context.
  [ID: 0890bbc2-55fe-495a-ab1c-8cb090f2d376] Reasoning: This sentence discusses identifying particular acts or omissions of a lawyer, which is unrelated to the statutory context of personal identifying particulars.
  [ID: 2ba8677b-681f-4a42-91c6-63821ed19499] Reasoning: This sentence discusses identifying particular judicial candidates, which is unrelated to the statutory context of personal identifying particulars.
  [ID: 5788e571-5f69-4441-89b8-d27c7587f3e2] Reasoning: This sentence discusses personally identifiable information and its exclusion of aggregate data, which provides some interpretive context related to identifying particulars.
  [ID: ba890978-6989-41de-97c9-ca898d395dce] Reasoning: This sentence discusses identifying particular withdrawals in a financial context, which is unrelated to the statutory definition of identifying particulars.
  [ID: 2c367ca2-dfbf-470e-96ce-e1c2d6de23df] Reasoning: This sentence discusses identifying particular defendants' products, which is unrelated to the statutory context of personal identifying particulars.
  [ID: e2534997-6e8a-4ff4-be4f-618ea0c3245b] Reasoning: This sentence discusses identifying particular misrepresentations in a fraud context, which is unrelated to the statutory definition of identifying particulars.
  [ID: 58502934-6dfa-4a12-988b-4bf7fde299f7] Reasoning: This sentence discusses identifying particular statements in a fraud context, which is unrelated to the statutory definition of identifying particulars.
  [ID: 8e724bf3-dea5-4673-bb1c-1b8aa79c0001] Reasoning: This sentence discusses identifying particular invoices in a financial context, which is unrelated to the statutory definition of identifying particulars.
  [ID: 4956e8e3-54f4-47b9-9917-30764b6bde21] Reasoning: This sentence discusses identifying particular drug shipments in a criminal context, which is unrelated to the statutory definition of identifying particulars.
  [ID: 15985d07-da7a-4ef4-9141-6e9a4dbfaadf] Reasoning: This sentence discusses identifying particular patent applications, which is unrelated to the statutory context of personal identifying particulars.
  [ID: 00a46b9b-683a-43ac-8b60-d46d349583dd] Reasoning: This sentence discusses identifying particular reptile species, which is unrelated to the statutory context of personal identifying particulars.
  [ID: 141fe0d5-beca-42ce-9bbb-3a571940928f] Reasoning: This sentence discusses whether a specific section identifies individuals or entities but does not provide any interpretive information about the phrase 'identifying particular' as used in the statute.
  [ID: 798176c0-56fe-421a-b94a-5dd0f688f2ec] Reasoning: This sentence mentions identifying particular statutes but does not relate to the meaning of 'identifying particular' in the context of the statute provided.
  [ID: d107d067-cdd9-46df-b01d-80b189577a60] Reasoning: This sentence refers to identifying particular sections but does not elaborate on the meaning of 'identifying particular' in a way that adds value.
  [ID: 2f16a989-8edc-4348-9570-3c1b8cd409e7] Reasoning: This sentence discusses identifying particular tasks in a different context and does not provide relevant interpretive information about the statutory phrase.
  [ID: 71b0bc0a-2136-4028-9b22-e4773752367d] Reasoning: This sentence discusses identifying particular acts or omissions of a lawyer, which is unrelated to the statutory context of identifying information about individuals.
  [ID: 20f0364d-52bf-45a2-9980-5cb876ff39e7] Reasoning: This sentence is a repeat of the previous one and does not add any new interpretive information.
  [ID: b6a6ccdd-5576-4ef5-be3b-cbb77b50d506] Reasoning: This sentence is also a repeat of the previous ones and does not provide any new interpretive information.
  [ID: 2986bad3-bcce-4d57-9a94-0764a4d2171b] Reasoning: This sentence discusses identifying particular points of damage but does not relate to the statutory phrase about identifying information about individuals.
  [ID: 932bb93c-1af5-40fd-bf6b-f0412c515ad3] Reasoning: This sentence mentions identifying particular sites but does not provide relevant interpretive information about the statutory phrase.
  [ID: 99127d2b-be84-4850-9cd1-03794284ce81] Reasoning: This sentence discusses identifying particular evidence but does not relate to the meaning of 'identifying particular' in the statute.
  [ID: a3d05605-f61f-4713-9653-9f7233dbafd2] Reasoning: This sentence discusses identifying particular circumstances but does not provide interpretive information relevant to the statutory phrase.
  [ID: dcd2bb21-154e-44e5-a719-35176e59bbf7] Reasoning: This sentence discusses identifying particular property but does not relate to the meaning of 'identifying particular' in the context of the statute.
  [ID: 0a694385-bce3-48c5-811e-ebdc9b0a3cb9] Reasoning: This sentence is a repeat of the previous one and does not add any new interpretive information.
  [ID: 96dd56c5-afcd-4bfb-98ec-7690a9c64a6b] Reasoning: This sentence questions whether the statute identifies particular individuals or entities but does not provide interpretive information about the statutory phrase.
  [ID: 2d0d7422-5805-4609-a8fd-3d858321dbf6] Reasoning: This sentence discusses identifying particular incidents but does not relate to the statutory phrase about identifying information about individuals.
  [ID: 1749a9b0-326e-44a3-b26f-2b432d92d5c5] Reasoning: This sentence is a repeat of a previous one and does not provide any new interpretive information.
  [ID: bcd69588-215c-4b9a-8323-3a38efc1849c] Reasoning: This sentence is similar to previous ones discussing identifying particular property and does not add interpretive value.
  [ID: caeb716b-2d6e-45e1-b811-7c5c5da8d6a2] Reasoning: This sentence is a repeat of previous ones discussing identifying particular acts or omissions and does not provide new interpretive information.
  [ID: 22eb3960-9ce2-4260-9d01-1d87f25059a2] Reasoning: This sentence discusses identifying particular flaws in reasoning but does not relate to the statutory phrase about identifying information about individuals.
  [ID: 00953c67-c613-4033-9df2-b929c7ac1ca1] Reasoning: This sentence discusses identifying particular predicate acts in an indictment but does not provide relevant interpretive information about the statutory phrase.
  [ID: 4d5c710e-b2f5-4c50-8ee9-ad98506b0c58] Reasoning: This sentence is similar to previous ones discussing identifying particular property and does not add interpretive value.
  [ID: 4e317746-5c19-4004-9f67-d5ba75865e81] Reasoning: This sentence discusses identifying particular fees but does not relate to the meaning of 'identifying particular' in the context of the statute.
  [ID: 4798bebb-a6a3-4c73-ba46-ea03f8b4f4b6] Reasoning: This sentence discusses conduct without identifying particular drugs and does not provide relevant interpretive information about the statutory phrase.
  [ID: 5da094dc-352f-4d9b-a04b-dee7584ac67c] Reasoning: This sentence discusses identifying particular instances of housing discrimination but does not relate to the statutory phrase about identifying information about individuals.
  [ID: 0a43c7e2-4f73-41e7-8508-db18625f505e] Reasoning: This sentence is a repeat of previous ones discussing identifying particular acts or omissions and does not provide new interpretive information.
  [ID: fad7a19a-dcfb-4617-92f4-1de37def20e8] Reasoning: This sentence discusses the requirement for a defendant to identify particular conversations in the context of wiretapping, which does not relate to the statutory definition of 'identifying particular' as it pertains to records about individuals.
  [ID: 36456dbd-3eb3-48de-bcbd-04be8ec4dba2] Reasoning: This sentence refers to identifying particular customers in a business context, which does not provide interpretive information about the statutory term 'identifying particular' related to records about individuals.
  [ID: 6ff6609f-6de9-4503-9114-4ba38849acdb] Reasoning: This sentence mentions identifying particular horses in a context unrelated to the statutory definition of records about individuals, thus it does not add interpretive value.
  [ID: a19511ea-f0f3-4a52-9cde-4aa528d37f0c] Reasoning: This sentence discusses identifying particular customers with specific needs, which is not directly related to the statutory definition of 'identifying particular' in the context of records about individuals.
  [ID: 323d718b-822f-4f5e-8dd5-a455d5e1204a] Reasoning: This sentence quotes the statute verbatim, providing no new interpretive information about the phrase 'identifying particular'.
  [ID: 3248a32e-ebb6-4e00-b9b4-ab72916419ab] Reasoning: This sentence defines 'system of records' in a way that closely mirrors the statute, offering no new interpretive information about 'identifying particular'.
  [ID: d2b75ed0-56a7-42fd-9ce6-fa2b70ee3587] Reasoning: This sentence is another verbatim quote from the statute, providing no additional interpretive value regarding 'identifying particular'.
  [ID: 7643c5d9-bd88-48f4-b409-817ede1676ba] Reasoning: This sentence also quotes the statute verbatim, offering no new interpretive information about 'identifying particular'.
  [ID: e9ed28cd-ad78-48e9-ab7f-a264a755ad62] Reasoning: This sentence discusses identifying particular values and characteristics in a product context, which does not relate to the statutory definition of 'identifying particular' in terms of records about individuals.
  [ID: faff3ca3-ddea-4da8-ac2d-a66464da2960] Reasoning: This sentence discusses the need to identify particular individuals in the context of selective law enforcement claims, which does not provide interpretive information about the statutory term 'identifying particular'.
  [ID: 50e1b6c7-88c7-4157-968d-f26ce8beb6fd] Reasoning: This sentence discusses identifying particular examples of untruthful testimony in a legal context, which does not relate to the statutory definition of 'identifying particular' regarding records about individuals.
  [ID: 6bee3ed8-d178-4792-a524-6a60bf632c32] Reasoning: This sentence refers to identifying particular goods or services in a commercial context, which does not provide interpretive information about the statutory term 'identifying particular' related to records about individuals.
  [ID: 976764ca-ad66-4525-8790-e0244cffdc89] Reasoning: This sentence discusses identifying particular portions of documents for shielding from public view, which does not relate to the statutory definition of 'identifying particular' in the context of records about individuals.
  [ID: 27f73cae-50a0-4d28-9336-d55863665ffd] Reasoning: This sentence discusses identifying particular asbestos products in a legal context, which does not provide interpretive information about the statutory term 'identifying particular' related to records about individuals.
  [ID: af3e3574-348a-45b0-b04f-3516f6e4b828] Reasoning: This sentence discusses identifying particular expenditures in a business context, which does not relate to the statutory definition of 'identifying particular' regarding records about individuals.
  [ID: 0b0b3c76-8a13-43b6-be54-b06182d67631] Reasoning: This sentence discusses identifying particular police officers in the context of a legal case, which does not provide interpretive information about the statutory term 'identifying particular' related to records about individuals.
  [ID: 5d1a5c72-6504-43cc-9d7e-8c32a83424a2] Reasoning: This sentence discusses identifying particular types of losses in the context of restitution, which does not relate to the statutory definition of 'identifying particular' regarding records about individuals.
  [ID: 9f642920-5c32-4c83-a4c5-cc25cd4cb33f] Reasoning: This sentence discusses identifying particular depositions and documents in a legal context, which does not provide interpretive information about the statutory term 'identifying particular' related to records about individuals.
  [ID: 77b8eef8-d1ef-4aac-86bf-a700c3c4eb41] Reasoning: This sentence discusses identifying particular calls in the context of wiretapping, which does not provide interpretive information about the statutory term 'identifying particular' related to records about individuals.
  [ID: d80a8b58-5859-42d3-84f3-f189552df92f] Reasoning: This sentence discusses identifying particular activities in a legal context, which does not provide interpretive information about the statutory term 'identifying particular' related to records about individuals.
  [ID: 2fcdd93a-5b7c-4f5a-a386-284ca148e37d] Reasoning: This sentence discusses a collective service mark and its function, which does not provide interpretive information about the statutory term 'identifying particular' related to records about individuals.
  [ID: 47a5bcc3-94a5-4202-b6e6-9730dff42520] Reasoning: This sentence discusses the inability to identify particular property in a legal context, which does not provide interpretive information about the statutory term 'identifying particular' related to records about individuals.
  [ID: fded5827-5cc9-4463-b947-521b1f53beb9] Reasoning: This sentence discusses trial courts and sentencing factors, which is unrelated to the phrase 'identifying particular' in the context of the statute.
  [ID: 7627ff8d-2997-4104-a1d5-2af5778ff3fb] Reasoning: This sentence refers to 'specific intent' and 'general intent' in a legal context, but does not provide interpretive information about 'identifying particular' as defined in the statute.
  [ID: a84b2484-d43f-4dcd-b9b3-74489b4e4bf1] Reasoning: This sentence mentions the court's failure to identify particular statements but does not elaborate on the meaning of 'identifying particular' in the context of the statute.
  [ID: 10dca0d0-bdd7-4405-af60-5931c66aefac] Reasoning: This sentence discusses identifying characteristics of bullets, which is unrelated to the statutory context of 'identifying particular'.
  [ID: 0374cb9e-b5f4-4fa2-96ab-e2c280f899c1] Reasoning: This sentence discusses research on identifying bullets but does not relate to the statutory meaning of 'identifying particular'.
  [ID: bf64760f-2f3d-42fb-9a64-c15c771fde12] Reasoning: This sentence defines 'system of records' but does not provide new interpretive information about 'identifying particular' beyond what is stated in the statute.
  [ID: 1401997e-15c3-4c02-b0f9-c9ca25075906] Reasoning: This sentence identifies sources of information for auditors but does not relate to the statutory meaning of 'identifying particular'.
  [ID: 3bb33bab-a5e1-4339-b374-e50d6a15e518] Reasoning: This sentence restates the definition of 'record' from the statute without adding new interpretive information.
  [ID: 70118105-2912-4f99-a7da-3662d1cee6d3] Reasoning: This sentence discusses the ability to interpret a map but does not relate to the statutory meaning of 'identifying particular'.
  [ID: f5fd6725-8f6c-4dae-93f9-4886c0065970] Reasoning: This sentence repeats the definition of 'system of records' from the statute without adding new interpretive information.
  [ID: 9b15db0f-1f45-4240-8dfe-4d5c526a0f60] Reasoning: This sentence restates the definition of 'record' from the statute without adding new interpretive information.
  [ID: 18def0ee-9d76-449c-a1df-e73c2778c9e2] Reasoning: This sentence provides a potential interpretation of 'system of records' but does not elaborate on 'identifying particular' specifically.
  [ID: ac6f7076-be93-4fdb-9c02-05448191b8a9] Reasoning: This sentence repeats the definition of 'system of records' from the statute without adding new interpretive information.
  [ID: 34b7a2cf-b0ef-43cf-83f9-d3dcea4d89f6] Reasoning: This sentence suggests a view on 'system of records' but does not provide new interpretive information about 'identifying particular'.
  [ID: dbe2d3e4-ecb0-4abb-97b4-097c3b709769] Reasoning: This sentence discusses the retention of records but does not provide new interpretive information about 'identifying particular'.
  [ID: 6d8bd951-0efe-44c8-af83-5cd5c616e016] Reasoning: This sentence discusses identifying property but does not relate to the statutory meaning of 'identifying particular'.
  [ID: 4e902af1-a265-4d4b-913d-f6b4ed38e700] Reasoning: This sentence discusses the requirements for records but does not provide new interpretive information about 'identifying particular'.
  [ID: 35fd0d61-a248-46be-b876-4a211ff7b4f0] Reasoning: This sentence repeats the definition of 'system of records' from the statute without adding new interpretive information.
  [ID: 89d5185f-01c5-488d-8cf0-480ebde49a83] Reasoning: This sentence discusses aspects of credit transactions but does not relate to the statutory meaning of 'identifying particular'.
  [ID: e99f0090-f9c1-4b79-89e1-8f51c64ee17e] Reasoning: This sentence discusses creditor remedies but does not provide new interpretive information about 'identifying particular'.
  [ID: ac6abbc6-ac94-49d4-87b6-75b33e0cf15f] Reasoning: This sentence discusses identifying people but does not relate to the statutory meaning of 'identifying particular'.
  [ID: 79446d04-e9c0-4db1-8fe8-8eaae8234e0f] Reasoning: This sentence discusses identifying documents but does not provide new interpretive information about 'identifying particular'.
  [ID: 91c28f7c-b96f-4d8c-9ffe-79fb65080fe6] Reasoning: This sentence discusses identifying clients but does not relate to the statutory meaning of 'identifying particular'.
  [ID: a62345f7-5e36-4993-8ced-415ef97a9d90] Reasoning: This sentence discusses identifying buildings but does not provide new interpretive information about 'identifying particular'.
  [ID: be6c5b65-2412-4be5-be72-1a51738afd2d] Reasoning: This sentence discusses identifying coins in a bank account but does not relate to the statutory meaning of 'identifying particular'.
  [ID: a9c3d824-542b-4439-a5ef-5c09a64b8ce1] Reasoning: This sentence repeats the statutory definition of 'record' without adding any new interpretive information.
  [ID: 3089b6f6-2b5d-4e0e-a2b4-3a62a59d43a7] Reasoning: This sentence provides a definition of 'system of records' but does not elaborate on the phrase 'identifying particular' in a meaningful way.
  [ID: dd26ae58-0ca9-4b60-9a0b-8b7d452c4f42] Reasoning: This sentence discusses a court's agreement on the retrieval of records but does not provide new interpretive information about 'identifying particular'.
  [ID: 7f8531b6-2fbb-4018-b816-f855e840490a] Reasoning: This sentence repeats the definition of 'system of records' without adding interpretive value regarding 'identifying particular'.
  [ID: e035d060-0eea-491f-bfc6-415340c4b560] Reasoning: This sentence questions the relevance of the definition of 'system of records' but does not provide new interpretive information about 'identifying particular'.
  [ID: 2ffb1ea3-9eac-4e96-9e8a-41ac24cebe9d] Reasoning: This sentence discusses the EDMS as a system of records and its relation to 'identifying particular', providing some interpretive context.
  [ID: 2070e0a2-0f97-44da-a162-4f7adba9029f] Reasoning: This sentence reiterates the statutory definition of 'system of records' without adding new interpretive information.
  [ID: d14d8dac-f049-453b-8ff3-f5cf2d3502ed] Reasoning: This sentence discusses a scoping document but does not relate meaningfully to the phrase 'identifying particular' in a legal context.
  [ID: fae81191-0322-42f2-83b5-99d59a97e0cd] Reasoning: This sentence discusses securities and does not relate to the phrase 'identifying particular' in a meaningful way.
  [ID: 92b094e1-d408-4c51-a13c-0d6524f457d9] Reasoning: This sentence discusses the difficulty of identifying homes and does not relate to the legal context of 'identifying particular'.
  [ID: 8b377f0f-185e-4a64-aeb6-828c5b2fa7b7] Reasoning: This sentence discusses exclusions from notice requirements but does not provide new interpretive information about 'identifying particular'.
  [ID: 38514d08-a6e6-4dba-81f5-acfbb0369fd2] Reasoning: This sentence discusses the correlation of information with subscriber lists but does not add interpretive value regarding 'identifying particular'.
  [ID: 9dcf4a24-215e-4a22-9ffe-cb995e9537f5] Reasoning: This sentence reiterates the statutory exclusion of aggregate data without adding new interpretive information about 'identifying particular'.
  [ID: 768cd9ee-6302-4095-9ece-ee178ff1715a] Reasoning: This sentence discusses the term 'personally identifiable information' but does not provide new interpretive information about 'identifying particular'.
  [ID: a1cf160c-6171-4730-9e0a-ea5b6db6d6cc] Reasoning: This sentence discusses redacted documents under Exemption 6 but does not provide new interpretive information about 'identifying particular'.
  [ID: 09a38aca-7066-4f9f-b602-f3df283b6688] Reasoning: This sentence discusses the requirement to identify particular facts in a misleading statement context but does not relate to the legal definition of 'identifying particular'.
  [ID: 888deb43-eedf-427e-b728-256d42c1313d] Reasoning: This sentence discusses the inability to identify particular clients or matters but does not provide new interpretive information about 'identifying particular'.
  [ID: de79349f-e3ad-42b2-be23-5d1b23ea57fd] Reasoning: This sentence states that particular documents are not identified but does not provide new interpretive information about 'identifying particular'.
  [ID: 47d41a2c-3304-46b0-af22-6ea542ec9f40] Reasoning: This sentence discusses how cases were identified but does not provide new interpretive information about 'identifying particular'.
  [ID: 2e0848fb-0e9f-4f55-8790-d598ae1ab5ff] Reasoning: This sentence discusses CLINs identifying particular products but does not relate to the legal context of 'identifying particular'.
  [ID: fc9668f0-1e3a-4990-9fcc-b45b0205c04d] Reasoning: This sentence discusses technical evaluation criteria but does not provide new interpretive information about 'identifying particular'.
  [ID: f8f0fa7c-bdd9-4fed-8d9c-35025fe43640] Reasoning: This sentence discusses a legal case regarding trust property but does not relate to the phrase 'identifying particular' in a meaningful way.
  [ID: 8fe1667d-4d57-4886-b64a-9c9a5040bd58] Reasoning: This sentence discusses limitations on property but does not provide new interpretive information about 'identifying particular'.
  [ID: d4c83706-032b-4cee-b3af-08f636aa4177] Reasoning: This sentence discusses requirements for plaintiffs to identify particular defendants but does not relate to the legal definition of 'identifying particular'.
  [ID: 874063db-a9a7-4f18-b289-9f00d7d28b12] Reasoning: This sentence is a repeat of the previous one and does not provide new interpretive information about 'identifying particular'.
  [ID: d6df8e61-a899-435c-89e8-95142fcc7493] Reasoning: This sentence discusses identifying provisions in a collective bargaining agreement, which is unrelated to the statutory context of identifying particulars about individuals.
  [ID: 65a965f6-fa71-4a01-bac8-f400650342de] Reasoning: This sentence refers to identifying property, which does not relate to the identification of particulars about individuals as defined in the statute.
  [ID: 7ea3ce5a-ef87-40f0-9fab-bb99cb95af3d] Reasoning: This sentence discusses identifying phrases in an agreement, which is not relevant to the identification of particulars about individuals.
  [ID: 1e69c854-9a01-48b1-bde3-6b0decca5c38] Reasoning: This sentence mentions identifying perpetrators, which is not directly related to the identification of particulars about individuals as defined in the statute.
  [ID: 27fd414d-e3dc-4ac6-b9f9-e58f5abfd790] Reasoning: This sentence discusses identifying particular items in a motion for protection, which does not relate to the identification of particulars about individuals.
  [ID: 0dea2da6-5726-4d92-8a54-efaa7ffba842] Reasoning: This sentence discusses identifying incongruities in a case, which does not pertain to the identification of particulars about individuals.
  [ID: 0b25e3c2-407d-4fa3-b839-1947318040cf] Reasoning: This sentence refers to identifying a group intended to receive magazines, which is unrelated to the identification of particulars about individuals.
  [ID: 387d141f-4b15-4da7-a28e-6471db58f27f] Reasoning: This sentence is a repeat of a previous one regarding identifying property, which does not relate to the identification of particulars about individuals.
  [ID: 79d9e092-15ae-437e-9eec-2e7e78883be3] Reasoning: This sentence discusses identifying individuals for police purposes, which is somewhat related but does not provide explicit interpretive meaning about the statutory term.
  [ID: 562f9bd2-db19-48e0-acbe-bfe75aa1f293] Reasoning: This sentence discusses identifying supplies by patient, which is not relevant to the identification of particulars about individuals.
  [ID: e9c61343-4ee2-4a00-b084-dc2500dd7c8e] Reasoning: This sentence discusses identifying exhibits related to an issue, which does not pertain to the identification of particulars about individuals.
  [ID: f0cda55e-58a7-4dc6-9762-6286d34ebd40] Reasoning: This sentence defines an information system but does not provide specific interpretive meaning about the statutory term 'identifying particular'.
  [ID: 9953357e-0042-4fdb-a5e9-d6be66ff8eae] Reasoning: This sentence discusses drug courier profiles and identifying suspects, which is somewhat related but does not provide explicit interpretive meaning about the statutory term.
  [ID: eb7f8e4b-2e52-427e-8f10-a6d0d19f205a] Reasoning: This sentence is a repeat of a previous one regarding identifying property, which does not relate to the identification of particulars about individuals.
  [ID: 36235ca5-c85c-4137-b783-11080705923d] Reasoning: This sentence discusses identifying individuals who made misrepresentations, which is not relevant to the identification of particulars about individuals.
  [ID: 1fa0d783-e930-4594-aea2-eb72c04e6c6f] Reasoning: This sentence discusses identifying telephone numbers involved in calls, which is not relevant to the identification of particulars about individuals.
  [ID: 3d292551-43a7-4621-abce-bed6c5d2ac95] Reasoning: This sentence discusses identifying construction projects, which is not relevant to the identification of particulars about individuals.
  [ID: 441524ba-fbc6-455b-860c-ddf350b7e73b] Reasoning: This sentence discusses identifying facts related to an individual being armed and dangerous, which is not relevant to the identification of particulars about individuals.
  [ID: c0618721-61da-4a8f-983b-37dcb26c8286] Reasoning: This sentence discusses identifying items that may not be sold by retailers, which is not relevant to the identification of particulars about individuals.
  [ID: 772b2bc5-b332-43df-856b-e9faacce2e71] Reasoning: This sentence is a repeat of a previous one regarding identifying property, which does not relate to the identification of particulars about individuals.
  [ID: e0bb9390-0ad3-4b7b-bb51-8e12f9bbf247] Reasoning: This sentence discusses identifying constitutional provisions, which is not relevant to the identification of particulars about individuals.
  [ID: 435710bc-36ba-4b3a-ab9f-0b8a635853e7] Reasoning: This sentence discusses identifying a particular victim in a case, which is not relevant to the identification of particulars about individuals as defined in the statute.
  [ID: 9841ec76-9332-428b-a2bd-44aab4a65719] Reasoning: This sentence discusses identifying departments or programs for position elimination, which is not relevant to the identification of particulars about individuals.
  [ID: 57471bba-b085-4c1d-a2e7-c6f5d68fde84] Reasoning: This sentence is a repeat of a previous one regarding identifying departments or programs, which is not relevant to the identification of particulars about individuals.
  [ID: 460bff2a-0bcd-4500-a864-0ca11e900475] Reasoning: This sentence discusses identifying persons as unique from society, which is somewhat related but does not provide explicit interpretive meaning about the statutory term.
  [ID: ccc23cce-a411-4e4b-97d9-658b478d6423] Reasoning: This sentence closely paraphrases the statute's definition of a 'system of records' and does not add any new interpretive information about 'identifying particular'.
  [ID: 7ea54490-ad15-406f-bdb4-e210d26ae59e] Reasoning: This sentence uses 'identifying particular' in a different context related to deficiencies in a plan, which is unrelated to the statutory meaning.
  [ID: c703b4bc-96f9-4b49-98a2-11ab7aa35432] Reasoning: This sentence discusses identifying particular statements in the context of invasion of privacy claims, which does not relate to the statutory meaning of 'identifying particular'.
  [ID: ea45293a-3dd3-40ac-9c66-d3fcd52065a2] Reasoning: This sentence discusses the potential for linking information to specific individuals, which relates to the concept of identification but does not provide new interpretive information about 'identifying particular'.
  [ID: 31e3e116-a809-40bc-aa09-32a11f1850cc] Reasoning: This sentence mentions identifying one shortcoming related to privacy but does not elaborate on the meaning of 'identifying particular' in the statutory context.
  [ID: a26defc2-71de-4576-9d77-92b07344166e] Reasoning: This sentence refers to identifying particular data sets but does not provide interpretive information relevant to the statutory meaning of 'identifying particular'.
  [ID: 10c47208-8ae3-432b-8e19-793bd5855be7] Reasoning: This sentence quotes a case regarding identifying particular instances in a record, which does not add interpretive meaning to the statutory term.
  [ID: ba27c690-bb41-4a97-b35f-d9e7cfb98c35] Reasoning: This sentence discusses identifying particular property damage in a legal context, which does not relate to the statutory meaning of 'identifying particular'.
  [ID: 64f35292-5e05-4716-ba86-b27a442d4d4b] Reasoning: This sentence is a direct definition of 'system of records' that closely mirrors the statute and does not add new interpretive information.
  [ID: a81d7ce4-d762-402d-b18b-0248f5b129aa] Reasoning: This sentence discusses identifying particular language in a statute but does not provide interpretive meaning related to the statutory term.
  [ID: 13befc09-4194-4fe2-ae0e-b6ae9db33067] Reasoning: This sentence discusses identifying particular anticompetitive practices, which is unrelated to the statutory meaning of 'identifying particular'.
  [ID: 825eb56b-78bf-4f8e-8d2c-408579f76b82] Reasoning: This sentence is a direct quote from the statute and does not add any new interpretive information about 'identifying particular'.
  [ID: dc98b17e-f184-4450-af60-1c07745d3319] Reasoning: This sentence discusses the AMSAV 2915 form not being accessed by identifying particulars, which does not provide new interpretive information about the statutory term.
  [ID: c1c86a74-aea3-423b-92e2-34371d9a797f] Reasoning: This sentence discusses identifying particular individuals in the context of standing, which does not relate to the statutory meaning of 'identifying particular'.
  [ID: 1649309c-b585-4f3c-b675-a18a319d881d] Reasoning: This sentence discusses identifying particular FFLs but does not provide interpretive meaning related to the statutory term.
  [ID: 337dd392-5b22-4c68-ae28-e98d68c85a13] Reasoning: This sentence discusses identifying particular parts of materials in a record, which does not relate to the statutory meaning of 'identifying particular'.
  [ID: 1d900057-b78e-48cc-8066-764f2a595957] Reasoning: This sentence discusses identifying particular accounting decisions but does not provide interpretive meaning related to the statutory term.
  [ID: ca66eacf-9dfb-4f9d-91e0-9470800fd2a3] Reasoning: This sentence is a direct quote from the statute and does not add any new interpretive information about 'identifying particular'.
  [ID: bfe217da-ed4a-4c97-99ff-c0c87cb199c0] Reasoning: This sentence discusses identifying particular components of a user interface, which is unrelated to the statutory meaning of 'identifying particular'.
  [ID: 99dbfc1b-7e0a-47de-ae18-9bde19e7f9cd] Reasoning: This sentence is a direct quote from the statute and does not add any new interpretive information about 'identifying particular'.
  [ID: 4227e228-b05a-4650-9f6d-e66909222e26] Reasoning: This sentence discusses identifying particular members in the context of organizational injury, which does not relate to the statutory meaning of 'identifying particular'.
  [ID: f3772baf-2924-4774-bfe2-b1a9aa3ea25f] Reasoning: This sentence discusses how identifiers are used to identify particular motorcycles, which does not provide interpretive meaning related to the statutory term.
  [ID: f187e2b8-7f1c-47cb-b579-0bff0f4ce1ef] Reasoning: This sentence discusses the inability to identify particular users by name, which does not provide interpretive meaning related to the statutory term.
  [ID: cabe0934-8eb7-4578-b853-24c240e966b0] Reasoning: This sentence discusses identifying particular entries in the context of a court review, which does not relate to the statutory meaning of 'identifying particular'.
  [ID: f641fc2f-1443-4250-94ce-561a20de0c86] Reasoning: This sentence discusses identifying particular members harmed by government actions, which does not provide interpretive meaning related to the statutory term.
  [ID: 9777be75-1827-4810-86e4-ac1dca6ce42e] Reasoning: This sentence discusses damages related to fraud and does not relate to the phrase 'identifying particular' in the context of the statute.
  [ID: a6e526a6-93cb-4735-93e5-ee873d49f85f] Reasoning: This sentence refers to identifying flavors of pills, which is unrelated to the statutory context of identifying particulars about an individual.
  [ID: c1d56731-1d88-4e6e-acdb-848835e7ef9f] Reasoning: This sentence quotes the statute verbatim regarding the definition of a system of records, providing no new interpretive information.
  [ID: fc087b23-fa20-4407-90ac-48355f90053c] Reasoning: This sentence discusses defense theories in a legal context and does not relate to the phrase 'identifying particular' in the statute.
  [ID: 6a949c18-26e2-4403-ab9e-fdff5cf55b71] Reasoning: This sentence discusses identifying peaks in chromatograms, which is unrelated to the statutory context of identifying particulars about an individual.
  [ID: 45ca9be8-cdb6-473e-ab84-747adf3735f8] Reasoning: This sentence discusses the need to identify instances in the record for credibility determinations, which is somewhat related but does not elaborate on the statutory meaning of 'identifying particular'.
  [ID: 0fb11982-32cd-4e76-b8a4-356fb1c81889] Reasoning: This sentence discusses the BIA and IJ's failure to identify instances of unresponsiveness, which is related but does not provide new interpretive information about 'identifying particular'.
  [ID: 24f82084-ccc0-4075-beeb-8e772bc216f7] Reasoning: This sentence discusses the agency's obligation to identify instances in the record, which is somewhat related but does not elaborate on the statutory meaning of 'identifying particular'.
  [ID: 004becfe-5b87-4bf5-9af0-4d3dab93c182] Reasoning: This sentence discusses product disparagement and the need to identify particular losses, which is somewhat related but does not provide new interpretive information about 'identifying particular'.
  [ID: 936ea464-bca1-4e24-98ac-ecaba6a94c21] Reasoning: This sentence discusses identifying deficiencies in military commissions, which is unrelated to the statutory context of identifying particulars about an individual.
  [ID: 9cae6c6d-9aee-4faf-be88-a8a92b108220] Reasoning: This sentence discusses identifying parts of speech from search queries, which is unrelated to the statutory context of identifying particulars about an individual.
  [ID: 60496043-6b8d-4a96-b778-8aedda173b72] Reasoning: This sentence discusses identifying parts of speech in the context of infringement, which is unrelated to the statutory context of identifying particulars about an individual.
  [ID: d0106d58-cbda-45ca-9980-75284fc5648a] Reasoning: This sentence discusses recognizing parts of speech, which is unrelated to the statutory context of identifying particulars about an individual.
  [ID: 01351c5c-39d8-4afe-8ee4-6b677d483fc9] Reasoning: This sentence discusses the trustee's obligation to identify problems, which is unrelated to the statutory context of identifying particulars about an individual.
  [ID: 552b1f6e-0643-4b97-89de-92028660bb9b] Reasoning: This sentence quotes the statute verbatim regarding the definition of a system of records, providing no new interpretive information.
  [ID: ca1981be-b490-4181-8fac-f8b8220f1d8d] Reasoning: This sentence quotes the statute verbatim regarding the identification of individuals in criminal acts, providing no new interpretive information.
  [ID: 747bf509-9a9b-4a0d-9802-a4cc93f943d7] Reasoning: This sentence discusses identifying individuals for religious accommodations, which is unrelated to the statutory context of identifying particulars about an individual.
  [ID: 3257f48c-dc76-4bb6-9c1c-4a7b16d6adc9] Reasoning: This sentence discusses identifying false claims for payment, which is somewhat related but does not provide new interpretive information about 'identifying particular'.
  [ID: fb55f8e4-3d53-4c0a-b479-451b676828bb] Reasoning: This sentence discusses identifying plugs in a manufacturing context, which is unrelated to the statutory context of identifying particulars about an individual.
  [ID: f9e6d249-1bc8-44cf-96c9-cff2f3611fe9] Reasoning: This sentence discusses identifying injury related to unfair competition, which is unrelated to the statutory context of identifying particulars about an individual.
  [ID: 45f4a9ff-dda2-48f1-a077-b69a1f811efe] Reasoning: This sentence discusses identifying claims or products in a legal context, which is somewhat related but does not provide new interpretive information about 'identifying particular'.
  [ID: 85162ca9-f4ec-46af-9a44-e986a87e51d5] Reasoning: This sentence quotes the statute verbatim regarding the definition of 'record', providing no new interpretive information.
  [ID: 9dad9475-e0a7-450d-8ebe-d3bd3c0b33be] Reasoning: This sentence quotes the statute verbatim regarding the definition of 'system of records', providing no new interpretive information.
  [ID: 2cb52a02-efaf-43d1-8346-4f971c6528d3] Reasoning: This sentence discusses the credibility of a dog's alert in identifying scents, which is unrelated to the statutory context of identifying particulars about an individual.
  [ID: 1bb56bb2-34eb-4ca2-9cd5-c7f3f7160ae6] Reasoning: This sentence quotes the statute verbatim regarding the definition of 'system of records', providing no new interpretive information.
  [ID: 656f071f-d09d-4ce9-a3ae-9c0a9019fdb3] Reasoning: This sentence defines 'system of records' but does not provide new interpretive information about 'identifying particular' as it merely restates the statutory definition.
  [ID: 719f57f5-174e-4c90-9abf-7161c954eb3f] Reasoning: This sentence discusses witnesses and does not relate to the statutory term 'identifying particular' or its meaning.
  [ID: 870cec4d-9fa4-41a4-86b5-57d78c682391] Reasoning: This sentence discusses notice of errors and does not relate to the statutory term 'identifying particular' or its meaning.
  [ID: ce0b1a38-c208-4ea7-b472-f5209fbae77d] Reasoning: This sentence discusses identifying instances of unresponsiveness and does not relate to the statutory term 'identifying particular' or its meaning.
  [ID: ef256342-fbd7-4a88-a872-3462a280b38b] Reasoning: This sentence repeats the statutory definition of 'record' and does not provide new interpretive information about 'identifying particular'.
  [ID: d511f2f7-7acb-4d5d-9e7c-53594c554e0e] Reasoning: This sentence defines 'system of records' and does not provide new interpretive information about 'identifying particular'.
  [ID: d7725e3b-9524-4538-921a-112f599df22f] Reasoning: This sentence discusses identifying examples of untruthful testimony and does not relate to the statutory term 'identifying particular' or its meaning.
  [ID: 21a5f38f-26c0-43fa-bad5-aff19ac79463] Reasoning: This sentence discusses requirements for disclosure and does not provide new interpretive information about 'identifying particular'.
  [ID: 357225fb-5e90-4df1-b6c6-bbc15993005f] Reasoning: This sentence repeats the statutory definition of 'record' and does not provide new interpretive information about 'identifying particular'.
  [ID: 00a679c0-a4b9-47fa-847d-fb8a965ddf30] Reasoning: This sentence discusses identifying security concerns and does not relate to the statutory term 'identifying particular' or its meaning.
  [ID: 197934c9-42b0-4857-a38b-ddb75433bfc8] Reasoning: This sentence discusses identifying defendants in a fraud case and does not relate to the statutory term 'identifying particular' or its meaning.
  [ID: f6cba93a-d29c-4203-9957-d678037ad505] Reasoning: This sentence discusses the requirement of identifying false claims and does not relate to the statutory term 'identifying particular' or its meaning.
  [ID: fb19a665-c694-4e0b-86ac-afe788c704fe] Reasoning: This sentence discusses the agency's argument regarding roadway segments and does not relate to the statutory term 'identifying particular' or its meaning.
  [ID: edc974fd-38c2-461f-a198-00f00b18d77e] Reasoning: This sentence discusses identifying particular funds in a constructive trust context and does not relate to the statutory term 'identifying particular' or its meaning.
  [ID: f709bd56-a187-4765-8f64-8daf3d24f7b3] Reasoning: This sentence repeats the statutory definition of 'record' and does not provide new interpretive information about 'identifying particular'.
  [ID: da6d5ce1-8fb5-4e8d-9183-8ff805c45ecb] Reasoning: This sentence discusses the duty title as an identifying particular but does not provide new interpretive information about 'identifying particular' in the context of the statute.
  [ID: 1f5fd0fd-35f1-4f78-bbca-997951a08ca8] Reasoning: This sentence discusses a procedure for identifying points and does not relate to the statutory term 'identifying particular' or its meaning.
  [ID: 625cc948-9e22-471d-b870-f005b3879cbb] Reasoning: This sentence discusses drawing boundaries of surface water and does not relate to the statutory term 'identifying particular' or its meaning.
  [ID: 41b4c308-6949-4284-a9b4-befb872b376c] Reasoning: This sentence discusses taxpayer disclosure and does not provide new interpretive information about 'identifying particular' in the context of the statute.
  [ID: 76633ecd-6262-4f60-a51b-95131f6aef79] Reasoning: This sentence repeats the statutory definition of 'system of records' and does not provide new interpretive information about 'identifying particular'.
  [ID: de528ed3-cfbf-44bf-b865-a5559a9b6c71] Reasoning: This sentence discusses identifying particular funds in a constructive trust context and does not relate to the statutory term 'identifying particular' or its meaning.
  [ID: 8277a124-8a9e-41c1-838f-7588dc4ff1c3] Reasoning: This sentence discusses identifying narcotics investigations and does not relate to the statutory term 'identifying particular' or its meaning.
  [ID: e2417ee6-0c76-441e-b8b4-322a9ee2e19c] Reasoning: This sentence discusses identifying calls in the context of wiretapping and does not relate to the statutory term 'identifying particular' or its meaning.
  [ID: 6883e1af-0c48-4b8c-94cf-990f5752fd09] Reasoning: This sentence discusses identifying particular facts in a legal context and does not relate to the statutory term 'identifying particular' or its meaning.
  [ID: 2bd98732-932e-485e-9153-fac5ecc6d6c4] Reasoning: This sentence discusses identifying particular members in a political context and does not relate to the statutory term 'identifying particular' or its meaning.
  [ID: 99c81dd5-abb4-44e6-b44c-857810c05809] Reasoning: This sentence discusses arguments related to contract extensions and does not relate to the phrase 'identifying particular' in a meaningful way.
  [ID: c2d61bba-40f6-4a3d-8319-c172ee91bbba] Reasoning: This sentence mentions 'identify particular inconsistencies' but does not elaborate on the meaning of 'identifying particular' in the context of the statute.
  [ID: b1603a96-f0d8-4f28-a65c-c38a8400daa1] Reasoning: This sentence discusses advertising practices and does not relate to the phrase 'identifying particular' in a relevant context.
  [ID: 1c254628-41d7-480b-ab74-65f7635be638] Reasoning: This sentence discusses the identification of employee participants but does not provide interpretive meaning related to the statute's definition of 'identifying particular'.
  [ID: 38244f05-1819-4030-b6cf-ae34cc46293a] Reasoning: This sentence requires the identification of customers and transactions but does not clarify the meaning of 'identifying particular' in the context of the statute.
  [ID: 40901756-0766-4b5e-8233-7425fa887e7a] Reasoning: This sentence quotes the statute verbatim and does not add any interpretive meaning.
  [ID: 752124a4-4005-44c8-99ba-d996827988d0] Reasoning: This sentence repeats the statute verbatim and does not provide any additional interpretive information.
  [ID: db5ad7f8-337f-4419-b1c8-7df07b959b72] Reasoning: This sentence discusses the amendment and does not provide interpretive meaning related to 'identifying particular'.
  [ID: 5561b60d-1e16-4e84-8fd8-c27104eab6ad] Reasoning: This sentence mentions identified companies but does not clarify the meaning of 'identifying particular' in the context of the statute.
  [ID: 22402038-5791-4551-8a9e-668bd4a45037] Reasoning: This sentence quotes a legal holding and does not provide any new interpretive information regarding 'identifying particular'.
  [ID: f5eb82ee-8735-4e67-bdef-8d6df2094b7e] Reasoning: This sentence discusses conduct but does not provide interpretive meaning related to 'identifying particular'.
  [ID: 75214803-ae0c-4f8b-ad4e-59d577d2ed7c] Reasoning: This sentence discusses pleading requirements but does not clarify the meaning of 'identifying particular' in the context of the statute.
  [ID: 8185706a-50f2-4382-8ef3-6c61d24d0a81] Reasoning: This sentence repeats the statute verbatim and does not add any interpretive meaning.
  [ID: d50a2ae5-adb3-43b6-9ccd-8927e1938fe7] Reasoning: This sentence discusses the definition of 'system of records' but does not provide new interpretive information about 'identifying particular'.
  [ID: e8ac5efb-d8e0-4819-b993-f611339764d3] Reasoning: This sentence defines 'system of records' and does not provide new interpretive information about 'identifying particular'.
  [ID: 20e993c3-77f1-4743-aa27-5336eb9a4b59] Reasoning: This sentence provides a definition but does not add interpretive meaning regarding 'identifying particular'.
  [ID: 898bcc13-745a-4646-830d-742e9097cea9] Reasoning: This sentence discusses the effort required for agencies but does not clarify the meaning of 'identifying particular'.
  [ID: 60a60e62-b581-4892-995d-141659154721] Reasoning: This sentence discusses areas of interest but does not provide interpretive meaning related to 'identifying particular'.
  [ID: 079c1fa7-4523-49cc-b5e1-b92134f911ea] Reasoning: This sentence discusses time charges but does not clarify the meaning of 'identifying particular' in the context of the statute.
  [ID: 8ad1c295-d817-4c9e-8af0-71414107fdb4] Reasoning: This sentence discusses the identification of calls but does not provide interpretive meaning related to 'identifying particular'.
  [ID: ab869633-28ae-423f-988f-50ba5d7b1c19] Reasoning: This sentence discusses the identification of defendants but does not clarify the meaning of 'identifying particular' in the context of the statute.
  [ID: 20a6b6be-d195-4282-9f9d-09dbce33ca1b] Reasoning: This sentence discusses standing requirements but does not provide interpretive meaning related to 'identifying particular'.
  [ID: 0feca6fc-9777-4e11-ad7c-c99175d6668d] Reasoning: This sentence discusses the FBI's identification of individuals but does not clarify the meaning of 'identifying particular' in the context of the statute.
  [ID: 037ced48-0f1c-4225-a384-6396d474643b] Reasoning: This sentence discusses witness testimony but does not provide interpretive meaning related to 'identifying particular'.
  [ID: e5a9800b-051e-4c4e-b5d9-f3f6bb648872] Reasoning: This sentence discusses the IRS's inability to retrieve records by an individual's identifying particular, but does not provide new interpretive information about the phrase 'identifying particular' itself.
  [ID: 52ae4525-a087-4bc3-9e17-adf3c5d5b5ec] Reasoning: This sentence repeats the definition of 'record' from the statute verbatim, providing no new interpretive information about 'identifying particular'.
  [ID: ea252cf4-f839-4b8e-b6c2-85df7c87cd49] Reasoning: This sentence implies that the IRS's records should be indexed by identifying particulars, which suggests a functional understanding of the term, but does not provide explicit definitions or examples.
  [ID: 93fcc18d-00a4-4654-bc32-bbd67edbf288] Reasoning: This sentence discusses information that does not identify particular taxpayers but does not elaborate on the meaning of 'identifying particular' itself.
  [ID: 07a25ff8-82f6-437f-b353-46e88c4f5d9d] Reasoning: This sentence discusses juror identification of defendants but does not provide interpretive information about 'identifying particular' in the context of the statute.
  [ID: c5c89c56-544d-422f-ae90-232717fddc91] Reasoning: This sentence mentions identifying particular policies but does not relate to the statutory definition or provide interpretive meaning for 'identifying particular'.
  [ID: 3c0d5b52-2a12-4ba4-af48-0274d80cdfa7] Reasoning: This sentence repeats the definition of 'record' from the statute verbatim, providing no new interpretive information about 'identifying particular'.
  [ID: ab6451be-26a8-4a0d-9d3b-2587b372853d] Reasoning: This sentence defines 'system of records' and relates it to identifying particulars, providing a relevant interpretive context, but does not elaborate on the phrase itself.
  [ID: d3bfd71e-ab00-4b9b-9666-584f03b658d3] Reasoning: This sentence discusses the CDC's obligations regarding records and identifying particulars, but does not provide new interpretive information about the phrase itself.
  [ID: ae906d07-0504-4fc9-a38b-91fb397c76e6] Reasoning: This sentence discusses the legal issues surrounding identifying particulars in the context of a Privacy Act violation, but does not provide explicit definitions or elaboration.
  [ID: eec8810b-2262-4b59-b2ff-10aa71b20242] Reasoning: This sentence discusses identifying particular prior art references but does not relate to the statutory definition or provide interpretive meaning for 'identifying particular'.
  [ID: 86eaff33-4cf3-463b-8685-96337606b545] Reasoning: This sentence discusses identifying particular occupations but does not provide interpretive information about 'identifying particular' in the context of the statute.
  [ID: 6f870b21-cd44-4359-835a-02def61d1f60] Reasoning: This sentence discusses identifying particular defendants in a legal context but does not provide interpretive information about 'identifying particular' itself.
  [ID: d6570865-f813-4c56-bed4-cfbe785cad61] Reasoning: This sentence discusses the Privacy Act's protection against disclosure of records but does not provide new interpretive information about 'identifying particular'.
  [ID: c21e424e-c90d-4687-ae5d-57f434eebb44] Reasoning: This sentence discusses case law regarding systems of records and retrieval by identifying particulars, providing relevant context but not explicit definitions.
  [ID: 9885e6c5-96a8-41ad-95e0-dcb8d23fc6c3] Reasoning: This sentence discusses the lack of indexing or retrieval capability using identifying particulars but does not provide new interpretive information about the phrase itself.
  [ID: 7c8a48b3-89ef-4473-b9c1-231773d4ec38] Reasoning: This sentence discusses identifying particular instances of disclosure but does not provide interpretive information about 'identifying particular' itself.
  [ID: 8418daf2-92b7-49f6-bbef-4d64577c6069] Reasoning: This sentence discusses identifying particular comparators in a discrimination case but does not provide interpretive information about 'identifying particular' itself.
  [ID: 6856202c-12d4-427e-a257-dc85545ad007] Reasoning: This sentence discusses identifying particular categories of claimed subject matter but does not relate to the statutory definition or provide interpretive meaning for 'identifying particular'.
  [ID: e9f92fc8-b470-41f3-8ea1-7db489b5afa6] Reasoning: This sentence discusses identifying particular problems with testimony but does not provide interpretive information about 'identifying particular' itself.
  [ID: 5943c0fd-fd65-4d4f-9666-9eb29234649e] Reasoning: This sentence discusses identifying particular portions of summaries for trial but does not provide interpretive information about 'identifying particular' itself.
  [ID: f6ed87ad-6f5a-473e-9b52-2d8a414320e7] Reasoning: This sentence discusses identifying particular containers that hold narcotics but does not provide interpretive information about 'identifying particular' itself.
  [ID: 7edc71b0-07ce-478f-8313-4272e687b500] Reasoning: This sentence discusses identifying particular disclosing events but does not provide interpretive information about 'identifying particular' itself.
  [ID: 1b75076a-eb92-4644-800e-e44c2545c964] Reasoning: This sentence repeats the definitions of 'record' and 'system of records' from the statute verbatim, providing no new interpretive information about 'identifying particular'.
  [ID: 4df16e4b-4f6d-42f0-b978-5c07c70d8a07] Reasoning: This sentence discusses identifying particular employees in a legal context but does not provide interpretive information about 'identifying particular' itself.
  [ID: 6c642b2d-fe5d-48c2-a798-29d6a6f0b76d] Reasoning: This sentence discusses the intent of parties regarding a lease and the specific types of default, but it does not provide any interpretive information about the phrase 'identifying particular' in the context of the statute.
  [ID: 436fe3aa-a1dc-4eb8-819a-4ed72223e122] Reasoning: This sentence refers to a court order to identify particular documents but does not elaborate on the meaning of 'identifying particular' in relation to the statute.
  [ID: 0ca34f67-8fa7-4580-8430-4519a805fcb3] Reasoning: This sentence mentions identifying particular documents but does not provide any interpretive context or meaning related to the statute's phrase of interest.
  [ID: dd042fc7-ed27-4603-9a96-4c494b1238f8] Reasoning: This sentence discusses identifying particular toxins in commercial cleaners, which is unrelated to the statutory context of identifying particulars about individuals.
  [ID: d4ade0ba-8dee-49b6-ab0b-f96b2242da66] Reasoning: This sentence refers to identifying particular problems in the context of health agencies but does not relate to the statutory meaning of identifying particulars about individuals.
  [ID: e1b23f9b-dafb-46d6-8595-01faae939f37] Reasoning: This sentence discusses identifying particular transactions in a general context of justice but does not provide specific interpretive meaning related to the statute.
  [ID: 56e96dce-0b91-4a4c-a4de-b6a0877ec112] Reasoning: This sentence discusses identifying particular property in a legal context but does not clarify the meaning of 'identifying particular' as it relates to the statute.
  [ID: 86bf4ef0-ac99-4dc3-9116-170f2309d522] Reasoning: This sentence refers to identifying particular claims barred by a prohibition but does not provide interpretive meaning related to the statute's phrase of interest.
  [ID: 66cc2570-782d-4958-bed4-33f983baf7be] Reasoning: This sentence discusses the court's failure to identify particular untruthful statements but does not relate to the statutory context of identifying particulars about individuals.
  [ID: 05237dfd-f1fd-49e6-b001-ee482078859f] Reasoning: This sentence mentions identifying particular findings of fact but does not provide any interpretive context related to the statute's phrase of interest.
  [ID: 108c0ad2-9833-468d-9e6f-c89e3ac25686] Reasoning: This sentence discusses identifying particular witnesses for accessing conviction records but does not clarify the meaning of 'identifying particular' in the context of the statute.
  [ID: eed57018-ea09-4cd0-a7bb-db29d333019f] Reasoning: This sentence discusses identifying particular areas of inquiry in zoning acts but does not provide interpretive meaning related to the statute's phrase of interest.
  [ID: c5dd6615-92a6-401c-bf09-41be90a81b8d] Reasoning: This sentence refers to identifying particular controversies regarding journalists but does not relate to the statutory context of identifying particulars about individuals.
  [ID: 39ac5f62-1e50-4867-a109-17112c7bd24b] Reasoning: This sentence discusses identifying particular takers in a legal context but does not clarify the meaning of 'identifying particular' as it relates to the statute.
  [ID: 71691951-ee4a-49b6-92da-07a1d90b368b] Reasoning: This sentence discusses identifying particular aspects of an intersection but does not provide interpretive meaning related to the statute's phrase of interest.
  [ID: 7e28c830-e40b-4608-8269-4d11b56ceda3] Reasoning: This sentence mentions identifying particular instances of excessive staff conferences but does not relate to the statutory context of identifying particulars about individuals.
  [ID: f768cbc7-bf1d-478b-b30e-0fdb53809e4d] Reasoning: This sentence discusses identifying particular defendants in violation of a rule but does not clarify the meaning of 'identifying particular' in the context of the statute.
  [ID: 3a59f737-2d0f-4dea-b23c-91e0286b9974] Reasoning: This sentence discusses identifying particular evidence contrary to a jury's finding but does not provide interpretive meaning related to the statute's phrase of interest.
  [ID: 95e3a4e2-b0b5-42f6-8248-0ce74bef3cd8] Reasoning: This sentence discusses a warrant application that did not identify particular items but does not clarify the meaning of 'identifying particular' in the context of the statute.
  [ID: f20d2644-0aab-40f5-a7d5-c0ca69037ac3] Reasoning: This sentence discusses identifying particular examples to support conclusions but does not provide interpretive meaning related to the statute's phrase of interest.
  [ID: 24604d01-7ba0-4605-a524-0d2450ebad4c] Reasoning: This sentence discusses identifying particular property in a legal context but does not clarify the meaning of 'identifying particular' as it relates to the statute.
  [ID: 902a96f0-a0ab-4d99-94b3-9844b2ea155f] Reasoning: This sentence discusses identifying particular money in a trust context but does not provide interpretive meaning related to the statute's phrase of interest.
  [ID: befb2578-6639-4d74-bf36-6ec7bf71785a] Reasoning: This sentence repeats the previous one regarding identifying particular property and does not provide any new interpretive information.
  [ID: 62af392b-b057-401c-8b58-fc2a476208d6] Reasoning: This sentence does not provide any new interpretive information about the phrase 'identifying particular' as it merely repeats a legal standard regarding the performance of a lawyer.
  [ID: cb0b0bda-5da6-4fcb-b53f-0c67eaeb6371] Reasoning: This sentence is identical to the previous one and does not add any interpretive information regarding the phrase 'identifying particular'.
  [ID: 39a549cd-dd21-4b11-a274-31720bc33c02] Reasoning: This sentence is a repetition of the same legal standard and does not provide any new interpretive information about 'identifying particular'.
  [ID: 3371d628-dd52-4403-9dd7-edfa1b4fe12a] Reasoning: This sentence repeats the same legal standard without adding any interpretive meaning regarding 'identifying particular'.
  [ID: 858780f6-65a2-4169-b8f8-1531a0b8c951] Reasoning: This sentence is a repetition of the same legal standard and does not provide any new interpretive information about 'identifying particular'.
  [ID: 8363e8a4-8f16-4def-af28-8304cb5ad6bd] Reasoning: This sentence quotes the same legal standard and does not provide any new interpretive information regarding 'identifying particular'.
  [ID: e5d77f24-273b-4dab-bcd3-0a74f719e750] Reasoning: This sentence is a repetition of the same legal standard and does not provide any new interpretive information about 'identifying particular'.
  [ID: 56815fb5-0da5-44b8-8767-d8c43c412e88] Reasoning: This sentence quotes the same legal standard and does not provide any new interpretive information regarding 'identifying particular'.
  [ID: 7384e9ae-9c93-434e-8a18-c2b635679905] Reasoning: This sentence uses the phrase 'identifying particular' in a different context related to criminal history, which is somewhat related but does not directly interpret the statutory meaning. Thus, it has potential value.
  [ID: 9060a9d1-d4f1-4bc3-8ef2-c790d46b6680] Reasoning: This sentence is a repetition of the same legal standard and does not provide any new interpretive information about 'identifying particular'.
  [ID: a1c9bb37-3d49-42fa-895a-4d1e7a10e7c0] Reasoning: This sentence discusses the redaction of information that might identify particular cadets, which relates to the concept of identifying particulars but does not provide a direct interpretation of the statutory term. It has potential value.
  [ID: 8a4effee-9f16-4a82-be68-94b5bc0f943c] Reasoning: This sentence is a repetition of the same legal standard and does not provide any new interpretive information about 'identifying particular'.
  [ID: 6be31f82-9637-4205-96f5-a568e8d1d67d] Reasoning: This sentence is a repetition of the same legal standard and does not provide any new interpretive information about 'identifying particular'.
  [ID: b8042114-809e-4af1-a771-4d645a7f30b0] Reasoning: This sentence is a repetition of the same legal standard and does not provide any new interpretive information about 'identifying particular'.
  [ID: bfb2d66a-f50d-4c06-9740-484fd03ea8cb] Reasoning: This sentence is a repetition of the same legal standard and does not provide any new interpretive information about 'identifying particular'.
  [ID: d780848d-1217-428b-ae36-4faeacf89e0f] Reasoning: This sentence is a repetition of the same legal standard and does not provide any new interpretive information about 'identifying particular'.
  [ID: 1d178611-d390-4224-9708-10c7869bb887] Reasoning: This sentence discusses identifying particular non-profit organizations, which is somewhat related but does not directly interpret the statutory meaning. Thus, it has potential value.
  [ID: 609f7b88-68f4-44ff-9d0a-6a239c110368] Reasoning: This sentence provides a definition of how the Privacy Act applies to information about an individual, including the phrase 'identifying particular'. This adds interpretive value to the statutory term, thus it has high value.
  [ID: 8ba6fda8-b690-4c47-9da6-e836ac9fe396] Reasoning: This sentence is a repetition of the same legal standard and does not provide any new interpretive information about 'identifying particular'.
  [ID: 266f650d-10f9-465d-8871-f88a4af9c0f8] Reasoning: This sentence is a repetition of the same legal standard and does not provide any new interpretive information about 'identifying particular'.
  [ID: c561800f-ed51-4ff1-a483-7596fbc7af40] Reasoning: This sentence is a repetition of the same legal standard and does not provide any new interpretive information about 'identifying particular'.
  [ID: fe9cdca0-2ad4-46de-bb4c-38dfcbfd3975] Reasoning: This sentence is a repetition of the same legal standard and does not provide any new interpretive information about 'identifying particular'.
  [ID: e418129e-a23d-480b-918c-40ab4b26f22e] Reasoning: This sentence provides a contextual example of identifying particular animals, which relates to the concept but does not directly interpret the statutory meaning. Thus, it has potential value.
  [ID: 79e7ab76-21c2-4d4d-8722-b71ff587be18] Reasoning: This sentence is a repetition of the same legal standard and does not provide any new interpretive information about 'identifying particular'.
  [ID: 369a2159-d867-47bd-b279-b6ec21193445] Reasoning: This sentence is a repetition of the same legal standard and does not provide any new interpretive information about 'identifying particular'.
  [ID: 1bea7546-d479-4ebb-b948-563116416cf0] Reasoning: This sentence discusses identifying particular circuitry in a technical context, which does not relate to the statutory term 'identifying particular' as it pertains to personal information.
  [ID: e49ae7ab-c391-477b-8568-995b71de3812] Reasoning: This sentence refers to identifying particular dangers in a medical context, which does not connect to the statutory meaning of 'identifying particular' related to personal information.
  [ID: 862036e3-f83f-4ee0-8659-83172ca13d7e] Reasoning: This sentence discusses identifying particular customers in a business context, which is unrelated to the statutory term 'identifying particular' as it pertains to personal information.
  [ID: b219ad97-9956-4f4f-b27b-cc33065e073c] Reasoning: This sentence mentions identifying particular weaknesses and strengths of a defendant, which does not relate to the statutory context of personal information.
  [ID: 6356a87a-60fe-4c18-82d8-b92ef695354a] Reasoning: This sentence discusses the EEOC's failure to identify particular individual victims, which does not connect to the statutory meaning of 'identifying particular' in the context of personal information.
  [ID: 36018be6-da55-4351-9832-433e2c30dee3] Reasoning: This sentence discusses Congress identifying particular kinds of radio communications, which is unrelated to the statutory term 'identifying particular' as it pertains to personal information.
  [ID: 30defe7f-b3e8-495c-ad64-fd3e4eb100c6] Reasoning: This sentence refers to identifying particular instances of misconduct in a legal context, which does not relate to the statutory meaning of 'identifying particular' regarding personal information.
  [ID: 638d386a-11b2-4a60-9b89-ae34be09ffc3] Reasoning: This sentence provides a definition of 'system of records' that includes the phrase 'identifying particular', which is relevant to the statutory context and adds interpretive meaning.
  [ID: 8a65d459-24b6-4627-a706-811a6d135273] Reasoning: This sentence discusses reporting incidents in a vague manner, which does not provide interpretive meaning related to the statutory term 'identifying particular'.
  [ID: 6c3ecbb5-de8a-418b-aba5-0919bfa9c98f] Reasoning: This sentence repeats the statutory definition of 'record' verbatim, providing no new interpretive information.
  [ID: 97a146f6-17d4-474b-8066-0595ea6ba51a] Reasoning: This sentence provides a definition of 'system of records' that includes the phrase 'identifying particular', which is relevant to the statutory context and adds interpretive meaning.
  [ID: bf80794b-8bee-4037-8dbf-8c75e7cde2ee] Reasoning: This sentence repeats the definition of 'system of records' verbatim, providing no new interpretive information.
  [ID: 17478da9-3e77-4995-bfe3-3cfa793dce40] Reasoning: This sentence repeats the statutory definition of 'record' verbatim, providing no new interpretive information.
  [ID: a1caed66-e2ab-4cc0-84e6-0e560384d813] Reasoning: This sentence repeats the definition of 'system of records' verbatim, providing no new interpretive information.
  [ID: 56a04fd2-040f-4a4b-94a9-bf7d705e508f] Reasoning: This sentence discusses identifying particular conversations in the context of wiretapping, which does not relate to the statutory meaning of 'identifying particular' regarding personal information.
  [ID: 2fe8f370-6241-4b4b-9376-197ffd7d3d43] Reasoning: This sentence discusses identifying particular policies in an insurance context, which does not connect to the statutory term 'identifying particular' as it pertains to personal information.
  [ID: e044ced1-182a-431a-bad7-659b2a36c955] Reasoning: This sentence repeats the statutory definition of 'record' verbatim, providing no new interpretive information.
  [ID: 827fb046-b4e2-4593-a927-2e413d719fa2] Reasoning: This sentence discusses identifying particular types of claims in a legal context, which does not relate to the statutory meaning of 'identifying particular' regarding personal information.
  [ID: aae15606-b7bc-4c56-baca-c2cd76a15da9] Reasoning: This sentence discusses identifying particular false claims in a legal context, which does not relate to the statutory meaning of 'identifying particular' regarding personal information.
  [ID: 08d36030-3606-4060-913b-0a937eed9394] Reasoning: This sentence discusses identifying particular defendants and actions in a conspiracy context, which does not relate to the statutory meaning of 'identifying particular' regarding personal information.
  [ID: 23862c5f-9572-4d3f-80d9-64e26d72d9e8] Reasoning: This sentence discusses identifying particular subjective policies in a discrimination context, which does not relate to the statutory meaning of 'identifying particular' regarding personal information.
  [ID: 15f613f4-468a-4b58-a828-33a72ee59526] Reasoning: This sentence discusses identifying particular candidates in a political context, which does not relate to the statutory meaning of 'identifying particular' regarding personal information.
  [ID: 570e7ea7-3000-49f4-a160-88901421c1de] Reasoning: This sentence discusses identifying particular pieces of information in a legal context, which does not relate to the statutory meaning of 'identifying particular' regarding personal information.
  [ID: f23ac0c8-e0d0-488b-8d1b-a65b04fb4d71] Reasoning: This sentence discusses identifying particular provisions in a contract context, which does not relate to the statutory meaning of 'identifying particular' regarding personal information.
  [ID: d166f318-62c3-4c7a-9822-5ae301e7f91d] Reasoning: This sentence discusses identifying particular scriveners in a handwriting analysis context, which does not relate to the statutory meaning of 'identifying particular' regarding personal information.
  [ID: d85f7066-46df-4061-bb6d-10e6890ba6f2] Reasoning: This sentence discusses a legal requirement regarding plaintiffs under FCRA but does not provide any interpretive information about the phrase 'identifying particular' as it relates to the statute.
  [ID: a0896f0f-06e9-4ecd-863d-2e11a3450db5] Reasoning: Similar to the previous sentence, this one discusses the burden on plaintiffs but does not elaborate on the meaning of 'identifying particular' in a way that adds value.
  [ID: 9a177e7a-0c04-406a-b468-1617cae8e322] Reasoning: This sentence mentions 'identify particular deficiencies' but does not provide any interpretive information about the phrase 'identifying particular' as it relates to the statute.
  [ID: 6a8235f3-1149-4231-9533-21cb284a1b4f] Reasoning: This sentence references a Supreme Court case but does not provide any new interpretive information about 'identifying particular' in the context of the statute.
  [ID: 2328c8bd-d72c-4241-81e7-0b8c681aaca3] Reasoning: This sentence discusses the need for specificity in an indictment but does not elaborate on the meaning of 'identifying particular' in a way that adds value.
  [ID: 8b3de7a7-e018-4a9f-a27a-31853c103060] Reasoning: This sentence discusses the challenges in identifying particular organs or tissues but does not provide interpretive information about the phrase 'identifying particular' as it relates to the statute.
  [ID: 0f9fb8c2-297f-45c5-a6b9-e98e2e4acd55] Reasoning: This sentence discusses the requirements for suppressing wiretapped conversations but does not provide any interpretive information about 'identifying particular' in the context of the statute.
  [ID: b0f9b2a1-05be-4720-a089-bd3a7e17783d] Reasoning: This sentence mentions the inability to identify particular trades but does not provide any interpretive information about the phrase 'identifying particular' as it relates to the statute.
  [ID: cc94b14e-7875-4899-911c-6ca95a7d7360] Reasoning: This sentence discusses the need to identify particular records in a complaint but does not provide interpretive information about 'identifying particular' in the context of the statute.
  [ID: 5464175f-ba90-474c-b502-8880d2a50c69] Reasoning: This sentence discusses regulations identifying particular schools but does not provide interpretive information about 'identifying particular' in the context of the statute.
  [ID: 125d28cd-2709-42e4-99aa-8ee28851a98f] Reasoning: This sentence discusses the inability to identify particular individuals but does not provide interpretive information about 'identifying particular' in the context of the statute.
  [ID: 524b04de-0d5f-4c02-8925-cd63fb724b8d] Reasoning: This sentence discusses the need to identify particular facts but does not provide interpretive information about 'identifying particular' in the context of the statute.
  [ID: 12f176c1-ab31-4e35-a348-9b8b15fa3314] Reasoning: This sentence is similar to the previous one, discussing the need to identify particular facts but does not provide interpretive information about 'identifying particular' in the context of the statute.
  [ID: f04ad5d1-7146-43c4-b351-3a52d63f29a2] Reasoning: This sentence discusses the identification of particular witnesses but does not provide interpretive information about 'identifying particular' in the context of the statute.
  [ID: 483e8f90-3407-4536-8588-e26acde67c84] Reasoning: This sentence quotes the statute verbatim, providing no new interpretive information about 'identifying particular'.
  [ID: 4d3f37b2-a77f-4f70-88de-c7026f77c9f4] Reasoning: This sentence quotes another definition from the statute verbatim, providing no new interpretive information about 'identifying particular'.
  [ID: 6034e8eb-5a9d-46f9-a9c7-aa0f14d3d44a] Reasoning: This sentence discusses the failure to identify particular speech but does not provide interpretive information about 'identifying particular' in the context of the statute.
  [ID: dc362b27-d491-4602-9ed9-5c304cfb46ff] Reasoning: This sentence discusses identifying particular loans but does not provide interpretive information about 'identifying particular' in the context of the statute.
  [ID: 2d4522e1-8405-4f0d-8afd-e638d7983a82] Reasoning: This sentence discusses allegations regarding particular statements but does not provide interpretive information about 'identifying particular' in the context of the statute.
  [ID: df3f5d00-363c-4a08-a341-d24483cd42bd] Reasoning: This sentence discusses identifying particular transactions but does not provide interpretive information about 'identifying particular' in the context of the statute.
  [ID: 7069ad44-e1fb-4da7-a153-fc6485a788de] Reasoning: This sentence discusses identifying particular employees but does not provide interpretive information about 'identifying particular' in the context of the statute.
  [ID: 2621dbec-68f5-45c4-8cd0-73861a9ae3a0] Reasoning: This sentence discusses identifying particular facts but does not provide interpretive information about 'identifying particular' in the context of the statute.
  [ID: 7bae0165-b004-4433-84b2-9fcf7025b926] Reasoning: This sentence discusses identifying particular facts but does not provide interpretive information about 'identifying particular' in the context of the statute.
  [ID: d12e2643-52e8-4882-984c-91671bcb60bb] Reasoning: This sentence discusses identifying particular sources of information but does not provide interpretive information about 'identifying particular' in the context of the statute.
  [ID: fa7ddc7e-6b66-4ad4-aead-bce6d9028908] Reasoning: This sentence discusses identifying particular funds but does not provide interpretive information about 'identifying particular' in the context of the statute.
  [ID: ce3351bd-5747-4eb0-9f5f-0cbb2c6d950b] Reasoning: This sentence discusses specific documentation related to an asylum claim but does not provide any interpretive information about the phrase 'identifying particular' as used in the statute.
  [ID: 0eed3703-079f-4cff-ac66-0e6fce9a0398] Reasoning: This sentence quotes the statute verbatim, providing no new interpretive information about the phrase 'identifying particular'.
  [ID: f08cdd9d-8454-4417-9396-b0491a51d0a3] Reasoning: This sentence references the statute and discusses its broad definition but does not add new interpretive information about 'identifying particular'.
  [ID: de3c9cb8-9a11-4e57-b52f-da605d1d0b91] Reasoning: This sentence discusses itemized vouchers and does not relate to the phrase 'identifying particular' in a meaningful way.
  [ID: 51d06117-a3bf-4cc5-81f2-1a619286ac2b] Reasoning: This sentence discusses the Privacy Act and mentions identifying particulars but does not provide new interpretive information about the phrase 'identifying particular'.
  [ID: bee53470-e679-4c79-bb98-d22805db0b70] Reasoning: This sentence discusses environmental plaintiffs identifying segments of a river but does not relate to the statutory phrase 'identifying particular'.
  [ID: 0ad47225-cd86-4e96-86f3-7032ee1b01ce] Reasoning: This sentence discusses reasonable accommodations and does not provide interpretive information about 'identifying particular'.
  [ID: d9b2e9f7-ff11-48ce-9900-5d9a172b8621] Reasoning: This sentence discusses the NSA identifying telephony metadata but does not relate to the statutory phrase 'identifying particular' in a meaningful way.
  [ID: eaa89c50-8fdb-44d2-bd23-73023b2697ab] Reasoning: This sentence discusses the court's role in identifying evidence but does not provide interpretive information about 'identifying particular'.
  [ID: 86a5db98-a3a5-4c2d-b371-8626dcb1aae9] Reasoning: This sentence repeats the statute's definition of records and does not add new interpretive information about 'identifying particular'.
  [ID: c611b595-d683-4096-b514-5efb05995f6f] Reasoning: This sentence discusses fraudulent transactions but does not provide interpretive information about 'identifying particular'.
  [ID: ef4bf27d-c33f-486e-b641-aa157bbccdcb] Reasoning: This sentence discusses lease schedules and does not relate to the phrase 'identifying particular' in a meaningful way.
  [ID: 7cb08f96-2b93-4bb7-acce-284837e71c5c] Reasoning: This sentence discusses an indictment and does not provide interpretive information about 'identifying particular'.
  [ID: 90ec6567-1de7-4285-abe5-466a33d0a9ad] Reasoning: This sentence discusses the Supreme Court's decision without providing interpretive information about 'identifying particular'.
  [ID: 86b5b4de-a5f5-4a35-83ce-466ed92932aa] Reasoning: This sentence discusses the role of counsel in identifying documents but does not provide interpretive information about 'identifying particular'.
  [ID: 7f7089bd-efd6-40d4-9e0f-5a0adfa4b39d] Reasoning: This sentence discusses probation conditions and does not provide interpretive information about 'identifying particular'.
  [ID: 19bca3db-5bca-418a-bbbb-6976124cf5d4] Reasoning: This sentence discusses extrinsic evidence but does not provide interpretive information about 'identifying particular'.
  [ID: e9caeac4-9ff0-458c-94a8-e271a11864a0] Reasoning: This sentence discusses flaws in reasoning and does not provide interpretive information about 'identifying particular'.
  [ID: c419ad10-1245-4285-9cb5-811b1f98fcbe] Reasoning: This sentence repeats a previous statement about flaws in reasoning and does not provide interpretive information about 'identifying particular'.
  [ID: bd6ba613-106b-4c09-951d-c8cfb2f74f2e] Reasoning: This sentence discusses PGM tests and does not provide interpretive information about 'identifying particular'.
  [ID: 321ade5c-d09d-4ea1-bb07-633d57776bc8] Reasoning: This sentence discusses proof problems and does not provide interpretive information about 'identifying particular'.
  [ID: d06a9a8d-f5fb-450f-be03-5ab2c5ead7db] Reasoning: This sentence discusses a specific case and does not provide interpretive information about 'identifying particular'.
  [ID: 260fd7cc-c305-4ea3-b7bd-e763bf36ab10] Reasoning: This sentence discusses relators providing details about false claims but does not provide interpretive information about 'identifying particular'.
  [ID: 60b40f58-a9a9-462e-8e42-5ec7276f2b01] Reasoning: This sentence discusses Mauer's interests and does not provide interpretive information about 'identifying particular'.
  [ID: 47ed452f-d682-40dd-a5c7-c72f602a6dbc] Reasoning: This sentence discusses a coding system for medical procedures but does not provide interpretive information about 'identifying particular'.
  [ID: 4d18147c-9547-46a7-b48f-30bf41821722] Reasoning: This sentence discusses a court's ruling regarding plaintiffs not needing to identify particular employees, but it does not provide any interpretive information about the phrase 'identifying particular' in the context of the statute.
  [ID: f8522c64-32f8-47ba-9cc4-452a2b7ec3ce] Reasoning: This sentence mentions identifying particular detectives but does not elaborate on the meaning of 'identifying particular' in relation to the statute, thus it does not add interpretive value.
  [ID: fc6eb8de-6203-4551-9803-13db2538084b] Reasoning: This sentence refers to identifying particular speakers but does not provide any interpretive information relevant to the statutory context of 'identifying particular'.
  [ID: bf872273-c532-42ee-a591-15c61ebc16a7] Reasoning: This sentence discusses the particularity requirement in a different legal context (FCA claims) and does not relate to the statutory meaning of 'identifying particular'.
  [ID: bad9ccaa-ba9a-41a2-2be-30d9fa216cf7] Reasoning: Similar to the previous sentence, this one discusses the particularity requirement in a legal context unrelated to the statute's meaning of 'identifying particular'.
  [ID: c0435cb1-ee0f-423d-abc1-478b5a09297b] Reasoning: This sentence mentions identifying particular provisions but does not provide any interpretive information about the phrase 'identifying particular' in the context of the statute.
  [ID: 244eab98-5f8e-472b-b526-a25047ba329c] Reasoning: This sentence is a repetition of the previous one regarding the FCA claims and does not add any new interpretive information about 'identifying particular'.
  [ID: ac862276-caae-4fcf-93e4-b67f49e8db50] Reasoning: This sentence discusses restrictive interpretations identifying particular contexts but does not clarify the meaning of 'identifying particular' in relation to the statute.
  [ID: 29142866-da8e-4e1e-b4c9-b8db1b6401b5] Reasoning: This sentence mentions identifying particular actions but does not provide any interpretive information relevant to the statutory context of 'identifying particular'.
  [ID: bcd3504b-9817-45d8-b9ee-d85aa5046a6a] Reasoning: This sentence discusses the clarity of a record but does not provide any interpretive information about 'identifying particular' in the context of the statute.
  [ID: 0cc84c51-169c-4361-86eb-c9a1c50c9c9f] Reasoning: This sentence quotes the statute verbatim, providing no new interpretive information about 'identifying particular'.
  [ID: 37ccadfe-16c3-422f-9b37-8a2e9076d9de] Reasoning: This sentence discusses identifying particular false claims but does not provide any interpretive information about the phrase 'identifying particular' in the context of the statute.
  [ID: 27df6520-8aca-466c-8207-eb041ba9a69f] Reasoning: This sentence is a repetition of the statute's definition of 'system of records' and does not add any interpretive information about 'identifying particular'.
  [ID: 882162fa-3ff9-4ddd-a9db-9e42bf6342c8] Reasoning: This sentence is another verbatim quote of the statute, providing no new interpretive information about 'identifying particular'.
  [ID: 9a2c568b-21a4-4c3a-8000-3cdd428da862] Reasoning: This sentence is a verbatim quote of the statute and does not provide any interpretive information about 'identifying particular'.
  [ID: a12e968c-526e-479c-9c66-aadcef0c3114] Reasoning: This sentence is a verbatim quote of the statute and does not provide any interpretive information about 'identifying particular'.
  [ID: 668e0187-641a-48a2-b35a-0a166c2f6fba] Reasoning: This sentence discusses a system of records but does not provide any interpretive information about 'identifying particular' in the context of the statute.
  [ID: 466a5b93-2b76-4b80-a0fd-d030f2735571] Reasoning: This sentence discusses identifying particular copyright registrations but does not provide any interpretive information about the phrase 'identifying particular' in the context of the statute.
  [ID: 0d3d0208-8955-496f-af89-4ee1ab1e767a] Reasoning: This sentence discusses identifying particular categories of information but does not provide any interpretive information about the phrase 'identifying particular' in the context of the statute.
  [ID: 3be7361a-d44c-473d-b5df-9e62a4deed9b] Reasoning: This sentence mentions identifying particular personnel but does not provide any interpretive information about the phrase 'identifying particular' in the context of the statute.
  [ID: 28773e2c-e631-4243-9072-32b404e61ae8] Reasoning: This sentence discusses identifying particular wash sales but does not provide any interpretive information about the phrase 'identifying particular' in the context of the statute.
  [ID: 02dfef94-dae6-473d-8b46-628e3e47dc21] Reasoning: This sentence discusses identifying particular pieces of missing evidence but does not provide any interpretive information about the phrase 'identifying particular' in the context of the statute.
  [ID: 0b3784a1-4b53-4845-8713-123f46f469aa] Reasoning: This sentence discusses identifying particular instances in a different legal context and does not provide any interpretive information about the phrase 'identifying particular' in the context of the statute.
  [ID: cf73878e-0f95-4570-9d9c-ffee0a1f962b] Reasoning: This sentence discusses identifying particular redactions but does not provide any interpretive information about the phrase 'identifying particular' in the context of the statute.
  [ID: 2f85096c-4ac9-4756-bc5c-8754300d82ef] Reasoning: This sentence is a repetition of the statute's definition of 'system of records' and does not add any interpretive information about 'identifying particular'.
  [ID: fe55b4c8-9acc-41ff-9539-24c8f10bbb65] Reasoning: This sentence discusses the Commission's ability to identify types of ALJ decisions, which does not relate to the statutory definition of 'identifying particular' as it pertains to personal information.
  [ID: 21387476-8068-4efe-b312-ccca0f8200d1] Reasoning: This sentence refers to identifying particular telephones in the context of court orders, which is not directly related to the statutory meaning of 'identifying particular' as it pertains to personal information.
  [ID: a1a52dc9-739d-4685-ab7e-f4dec9f4bfbd] Reasoning: This sentence discusses identifying particular areas related to standing in a legal context, which does not provide interpretive meaning relevant to the statutory term 'identifying particular'.
  [ID: 642476a8-8cfb-49db-a385-1aa95b499694] Reasoning: This sentence discusses a requirement to identify particular sites in a legal context, which does not relate to the statutory definition of 'identifying particular' as it pertains to personal information.
  [ID: 144e5582-16a4-407a-9b59-5cbf314f373e] Reasoning: This sentence discusses identifying particular employees in the context of legal allegations, which does not provide interpretive meaning relevant to the statutory term 'identifying particular'.
  [ID: ddb1cde7-f634-4b79-9901-95dc08da155f] Reasoning: This sentence refers to identifying particular funds in a legal context, which does not relate to the statutory definition of 'identifying particular' as it pertains to personal information.
  [ID: a1765866-7770-4a2b-b064-eeb330d3a304] Reasoning: This sentence discusses identifying particular obscene items in a legal case, which does not provide interpretive meaning relevant to the statutory term 'identifying particular'.
  [ID: 7f2dca9b-60e9-4068-b78a-3c15a50111db] Reasoning: This sentence discusses identifying particular false statements, which does not relate to the statutory definition of 'identifying particular' as it pertains to personal information.
  [ID: f476946a-2c29-4c25-b01c-855f205befca] Reasoning: This sentence discusses redactions of information identifying particular individuals, which does not provide interpretive meaning relevant to the statutory term 'identifying particular'.
  [ID: 8d8dfc47-9b04-4f9f-91b4-e40835173] Reasoning: This sentence discusses identifying particular needs in the context of an IEP, which does not relate to the statutory definition of 'identifying particular' as it pertains to personal information.
  [ID: 00ac3454-2b3d-4560-9ad5-adbc20f8f521] Reasoning: This sentence discusses not identifying particular errors by the SRO, which does not provide interpretive meaning relevant to the statutory term 'identifying particular'.
  [ID: b26ff5b4-cdb1-45a1-ab11-1d211f38e788] Reasoning: This sentence quotes the statute verbatim, providing no new interpretive information about 'identifying particular'.
  [ID: a7e1c82b-ce3e-4bc8-8ebe-b5685f206a4d] Reasoning: This sentence quotes the statute verbatim, providing no new interpretive information about 'identifying particular'.
  [ID: 555d9a1e-be82-465f-b2bd-c4db7eed2b93] Reasoning: This sentence discusses court interpretations of what qualifies as a 'record', but does not provide new interpretive information about 'identifying particular'.
  [ID: 02c821ed-9ca2-47fe-9ca7-35d902525924] Reasoning: This sentence discusses the broad meaning of 'record' under the Privacy Act, which relates to 'identifying particular' but does not provide new interpretive information.
  [ID: 82d0ad1d-724c-4c15-9ac4-5920a499b7c4] Reasoning: This sentence critiques the Third Circuit's test regarding 'identifying particular', which provides some interpretive context but does not directly elaborate on the statutory meaning.
  [ID: 03e458d6-0e4b-49e9-84a8-5baa10d1229c] Reasoning: This sentence quotes a court's interpretation of 'identifying particular', providing no new interpretive information.
  [ID: dd4c13e1-5c92-417e-a22a-1f4cfbc4efea] Reasoning: This sentence discusses the statutory definition of 'record' in relation to 'identifying particular', but does not provide new interpretive information.
  [ID: cf3db988-b71f-4b38-9fda-49a9d78435a3] Reasoning: This sentence outlines the requirements for a document to qualify as a 'record', which relates to 'identifying particular' but does not provide new interpretive information.
  [ID: 0c228645-6dad-4614-baf3-35704e1a4a94] Reasoning: This sentence quotes the statute verbatim, providing no new interpretive information about 'identifying particular'.
  [ID: 6f5da902-c680-4102-bd82-b19599ddfd19] Reasoning: This sentence discusses identifying particular testimony in a legal context, which does not provide interpretive meaning relevant to the statutory term 'identifying particular'.
  [ID: 0eccdee4-c19a-4487-b825-166d8d385ddc] Reasoning: This sentence discusses identifying particular flights in the context of American Airlines' records, which does not provide interpretive meaning relevant to the statutory term 'identifying particular'.
  [ID: 5e36a3b4-cd33-495e-a4fb-9ad3eaf426ef] Reasoning: This sentence quotes the definition of 'system of records', which does not provide new interpretive information about 'identifying particular'.
  [ID: 1cb61732-e8ec-4d98-8594-7ce1d1ecf67a] Reasoning: This sentence discusses identifying particular transactions in a legal context, which does not provide interpretive meaning relevant to the statutory term 'identifying particular'.
  [ID: 35649977-8b62-4e21-92fb-e23032bdbd26] Reasoning: This sentence discusses identifying particular inadequacies in schools, which does not provide interpretive meaning relevant to the statutory term 'identifying particular'.
  [ID: ce91af2e-d93d-4d53-bd5d-dc3356faaa1f] Reasoning: This sentence uses 'identifying particular' in a context unrelated to the statutory definition of 'record' and does not provide any interpretive information about the phrase of interest.
  [ID: d9337282-59f4-4064-bee4-1df16a97efcc] Reasoning: The sentence discusses 'identifying particular circumstances' but does not relate to the statutory meaning of 'record' or provide interpretive value regarding the phrase of interest.
  [ID: ef25c086-6b2a-4900-a83b-c6d87c9e928e] Reasoning: This sentence discusses the disclosure of information in a way that does not identify particular individuals, which is somewhat related but does not provide new interpretive information about the statutory term.
  [ID: 000617e3-88e8-4418-8b0b-91028e744917] Reasoning: The sentence refers to 'identifying particular points' in a procedural context, which does not add interpretive value to the statutory term 'record'.
  [ID: d8dcac97-7243-437a-ae90-b79440c8c0d2] Reasoning: This sentence discusses the identification of particular regulations but does not provide interpretive information about the statutory term 'record'.
  [ID: 07e8490f-e4ec-48b9-93a4-7929aa596e64] Reasoning: This sentence provides a definition of 'system of records' that is closely related to the statutory definition of 'record', but it does not elaborate on the phrase 'identifying particular'.
  [ID: 5f44bf28-fe88-4d7a-b28d-877cf6f6fd43] Reasoning: The sentence discusses the need to identify particular dates for alleged violations, which does not relate to the statutory meaning of 'record' or the phrase of interest.
  [ID: df35040c-24c3-4e22-b4ce-63d9dd5948d3] Reasoning: This sentence discusses identifying particular instances of demeanor but does not provide interpretive information about the statutory term 'record'.
  [ID: a2805e4c-ca53-479f-904c-9c07860e325c] Reasoning: The sentence mentions identifying particular pending grants but does not relate to the statutory meaning of 'record' or the phrase of interest.
  [ID: 3cbe4c84-0cf6-44db-8c6a-dbee3375ecd9] Reasoning: This sentence provides a definition of 'system of records' that is closely related to the statutory definition of 'record', but it does not elaborate on the phrase 'identifying particular'.
  [ID: 7856224b-f413-4ead-aa0f-a180a14284d8] Reasoning: This sentence repeats the statutory definition of 'record' and does not provide any new interpretive information about the phrase of interest.
  [ID: 6171b0b9-7faf-4cfd-b0fc-180c1cf426ef] Reasoning: This sentence repeats the statutory definition of 'system of records' and does not provide any new interpretive information about the phrase of interest.
  [ID: 4f2a6909-c8c5-4050-93d7-ca4047c28097] Reasoning: This sentence repeats the statutory definition of 'record' and does not provide any new interpretive information about the phrase of interest.
  [ID: 0765a99c-e71c-46a2-afcc-25f8ef10e112] Reasoning: This sentence discusses the definition of 'system of records' but does not provide new interpretive information about the phrase 'identifying particular'.
  [ID: 6cbf1989-a9b1-4f4a-8284-a888a2c3589f] Reasoning: This sentence repeats the statutory definition of 'system of records' and does not provide any new interpretive information about the phrase of interest.
  [ID: 281239d1-fcfd-4d00-9d75-516f4a2c0069] Reasoning: This sentence discusses identifying particular candidates but does not relate to the statutory meaning of 'record' or provide interpretive value regarding the phrase of interest.
  [ID: 6f3157f0-80b0-4a36-8e3d-654fa0232d34] Reasoning: This sentence discusses identifying particular claims but does not provide interpretive information about the statutory term 'record'.
  [ID: 9b714b48-6eea-4bde-8c64-2587601e3633] Reasoning: This sentence discusses a statutory scheme related to tax returns but does not provide interpretive information about the statutory term 'record' or the phrase of interest.
  [ID: 5cb7e245-450f-4053-8293-142c501179aa] Reasoning: This sentence uses 'identifying particular' in a context unrelated to the statutory definition of 'record' and does not provide any interpretive information about the phrase of interest.
  [ID: b1c98e64-f80c-424c-a6d0-d7b211ea9cd9] Reasoning: This sentence discusses identifying particular diseases but does not relate to the statutory context of 'identifying particular' as it pertains to records about individuals.
  [ID: 8c7b7e49-f6cf-4297-837e-ad501abfff14] Reasoning: The phrase 'identify particular friends or family' does not relate to the statutory meaning of 'identifying particular' in the context of records about individuals.
  [ID: fa0b4d76-b635-4f8f-8dcf-61117969d0aa] Reasoning: This sentence discusses identifying particular funds but does not provide any interpretive information relevant to the statutory definition of 'record'.
  [ID: 6a2b8ee6-80ff-4c11-ad80-e3a9a82d85e1] Reasoning: This sentence refers to identifying particular hotels but does not relate to the statutory context of 'identifying particular' as it pertains to records about individuals.
  [ID: 6632b7ae-8190-40a1-8119-92e349f5eed4] Reasoning: This sentence discusses the definition of 'damages' and does not relate to the statutory context of 'identifying particular' in the context of records about individuals.
  [ID: b41488b4-18b3-4d9f-a267-b5c0ed662cc7] Reasoning: This sentence discusses identifying particular persons by alias but does not provide any interpretive information relevant to the statutory definition of 'record'.
  [ID: 4159cd1e-21f7-4db9-a4f9-22e593e97481] Reasoning: This sentence discusses identifying particular conflicts but does not relate to the statutory context of 'identifying particular' as it pertains to records about individuals.
  [ID: 871602a7-1a33-42e7-9c62-96e575940239] Reasoning: This sentence discusses identifying particular disputes but does not provide any interpretive information relevant to the statutory definition of 'record'.
  [ID: fdee1668-d5bc-4441-9174-ac0914d3a837] Reasoning: This sentence discusses identifying particular transactions but does not relate to the statutory context of 'identifying particular' as it pertains to records about individuals.
  [ID: e839de4f-324f-49c2-8990-558a0c0b6a15] Reasoning: This sentence discusses identifying particular employees but does not provide any interpretive information relevant to the statutory definition of 'record'.
  [ID: c04f572f-e516-4b94-958a-b69bddd19a7e] Reasoning: This sentence discusses identifying particular individuals but does not relate to the statutory context of 'identifying particular' as it pertains to records about individuals.
  [ID: 2461bce0-894c-48c3-8dca-c92a84b39d69] Reasoning: This sentence discusses identifying particular property but does not provide any interpretive information relevant to the statutory definition of 'record'.
  [ID: 63664787-37a8-4b21-a009-645c22cf54f6] Reasoning: This sentence discusses identifying particular instances of housing discrimination but does not relate to the statutory context of 'identifying particular' as it pertains to records about individuals.
  [ID: 9b549ccc-c501-42e8-88d0-515fa21d2253] Reasoning: This sentence discusses identifying particular goods but does not provide any interpretive information relevant to the statutory definition of 'record'.
  [ID: 4269a0b2-e8e4-4412-8b4f-eedbd4026e86] Reasoning: This sentence discusses identifying particular ballots but does not relate to the statutory context of 'identifying particular' as it pertains to records about individuals.
  [ID: d5f59604-98c8-46b1-9121-429d26b0944c] Reasoning: This sentence discusses identifying particular products but does not provide any interpretive information relevant to the statutory definition of 'record'.
  [ID: 8898e9fc-c60d-41bd-8752-b6275128174e] Reasoning: This sentence discusses identifying particular instances of breach but does not relate to the statutory context of 'identifying particular' as it pertains to records about individuals.
  [ID: e75c626b-09d3-498c-9c9e-d3db8e383744] Reasoning: This sentence discusses identifying particulars about a vehicle but does not provide any interpretive information relevant to the statutory definition of 'record'.
  [ID: 8cc33e12-264b-4a21-9ecd-218decaecd56] Reasoning: This sentence discusses identifying particular business interests but does not relate to the statutory context of 'identifying particular' as it pertains to records about individuals.
  [ID: a0c7d0a9-73eb-4be6-830a-41bff21a5a72] Reasoning: This sentence discusses identifying particular weapons but does not provide any interpretive information relevant to the statutory definition of 'record'.
  [ID: ce87fe5b-a736-49fd-85a6-3918816c7b02] Reasoning: This sentence discusses identifying particulars of time, place, and means but does not relate to the statutory context of 'identifying particular' as it pertains to records about individuals.
  [ID: 038404d3-6df9-4de0-bd02-1081bc909acc] Reasoning: This sentence discusses identifying particulars indicated by sections of the code but does not provide any interpretive information relevant to the statutory definition of 'record'.
  [ID: 8c0389d0-5e30-4e87-8b8f-db71132e4ac6] Reasoning: This sentence discusses identifying particular classes of knives but does not relate to the statutory context of 'identifying particular' as it pertains to records about individuals.
  [ID: 833809c8-b9ca-45dd-ab57-637373d5907d] Reasoning: This sentence discusses identifying particular estate assets but does not provide any interpretive information relevant to the statutory definition of 'record'.
  [ID: b8483279-82ff-4624-bea1-0a30fbd0c158] Reasoning: This sentence discusses identifying particular goods or services in the context of trademark law, which is unrelated to the statutory definition of 'record' and does not provide interpretive information about the phrase of interest.
  [ID: 42eeb53c-b589-4eb1-b515-dcefffbf93c9] Reasoning: This sentence quotes the statute verbatim, providing no new interpretive information about the phrase 'identifying particular'.
  [ID: d2b766a2-cdb7-49dd-8159-5c51a68f0fe3] Reasoning: This sentence defines 'system of records' and quotes the statute, offering no new interpretive information regarding 'identifying particular'.
  [ID: 3842b570-a69c-42f9-a2ca-a7e2e4b7578c] Reasoning: This sentence provides a verbatim definition of 'record' from the statute, which does not add any interpretive value regarding 'identifying particular'.
  [ID: 5726a76b-e40c-48d2-adfd-9034cdb9e35e] Reasoning: This sentence defines 'system of records' and quotes the statute, providing no new interpretive information about 'identifying particular'.
  [ID: 9231c73c-2886-4f76-ab9c-0f1c798e3ba3] Reasoning: This sentence quotes the statute's definition of 'system of records', offering no new interpretive information regarding 'identifying particular'.
  [ID: fb1b29bc-89df-4576-a64c-dc449f9d7a89] Reasoning: This sentence defines 'system of records' and quotes the statute, providing no new interpretive information about 'identifying particular'.
  [ID: 67d30df5-acb3-445f-afdf-82469a8112d4] Reasoning: This sentence discusses a calculating machine and its components, which is unrelated to the statutory definition of 'record' and does not provide interpretive information about the phrase of interest.
  [ID: 14fdd271-f033-49c6-8f85-ad39d2dab643] Reasoning: This sentence discusses trademark registration and the descriptiveness of numbers, which is unrelated to the statutory definition of 'record' and does not provide interpretive information about the phrase of interest.
  [ID: 06bdbaee-cec2-456c-848e-590150935992] Reasoning: This sentence discusses a complaint regarding phone calls and communications, which is unrelated to the statutory definition of 'record' and does not provide interpretive information about the phrase of interest.
  [ID: 073e851f-440a-473c-af8e-1c8edd7a5740] Reasoning: This sentence discusses legislative history and the need for discrimination in identifying particular types of matters, which is unrelated to the statutory definition of 'record' and does not provide interpretive information about the phrase of interest.
  [ID: 30d3f332-ac2c-4f0b-b7e8-184a903d512f] Reasoning: This sentence discusses software and its inability to identify particular files, which is unrelated to the statutory definition of 'record' and does not provide interpretive information about the phrase of interest.
  [ID: 87fab128-dbc2-49dd-b357-c6c98d4257ec] Reasoning: This sentence discusses an evaluator identifying particular factors related to recidivism risk, which is unrelated to the statutory definition of 'record' and does not provide interpretive information about the phrase of interest.
  [ID: 94b318bb-c30c-47ef-abe4-2fd10ef034ef] Reasoning: This sentence discusses identifying particular 'light work' jobs, which is unrelated to the statutory definition of 'record' and does not provide interpretive information about the phrase of interest.
  [ID: 75c35597-ed9d-4ff2-8af3-6adcada63af9] Reasoning: This sentence quotes the statute verbatim, providing no new interpretive information about the phrase 'identifying particular'.
  [ID: b583bb28-8000-454b-83a1-b6c4acd439bc] Reasoning: This sentence quotes the statute's definition of 'system of records', offering no new interpretive information regarding 'identifying particular'.
  [ID: 6ead03d9-11c8-470e-a828-749b5faeb6e4] Reasoning: This sentence discusses identified shipping routes, which is unrelated to the statutory definition of 'record' and does not provide interpretive information about the phrase of interest.
  [ID: 40ab1c31-7004-4c81-9ce9-3b6188ee8ab0] Reasoning: This sentence quotes the statute's definition of 'system of records', providing no new interpretive information about 'identifying particular'.
  [ID: bfbbcdd8-e62d-4158-8916-ab2645e6dd4c] Reasoning: This sentence discusses identifying particular client relationships, which is unrelated to the statutory definition of 'record' and does not provide interpretive information about the phrase of interest.
  [ID: 85ce214f-f491-4911-ac20-8175ab93ffa5] Reasoning: This sentence discusses identifying particular customers, which is unrelated to the statutory definition of 'record' and does not provide interpretive information about the phrase of interest.
  [ID: d567d21f-164d-4bc2-a82b-7e0e23014b77] Reasoning: This sentence discusses identifying particular federal claims, which is unrelated to the statutory definition of 'record' and does not provide interpretive information about the phrase of interest.
  [ID: 3ffb6949-88f6-4cc8-9f59-6faff16e2c80] Reasoning: This sentence discusses identifying particular groups of defendants, which is unrelated to the statutory definition of 'record' and does not provide interpretive information about the phrase of interest.
  [ID: 5f7b9cbe-35f6-4d84-a2c2-a64bfaaf1651] Reasoning: This sentence quotes the statute verbatim, providing no new interpretive information about the phrase 'identifying particular'.
  [ID: eb3f9113-927d-4504-8385-10a1e4f71bed] Reasoning: This sentence quotes the statute's definition of 'system of records', providing no new interpretive information about 'identifying particular'.
  [ID: fa80d6fa-6102-4896-a165-1eeb2e8de533] Reasoning: This sentence quotes the statute's definition of 'systems of records', providing no new interpretive information about 'identifying particular'.
  [ID: 71d78ad6-e5c7-4bfd-9c92-9b90419ec203] Reasoning: This sentence discusses identifying particular activity but does not relate to the statutory definition of 'identifying particular' in the context of records about individuals.
  [ID: 5a83acb0-df45-4520-aded-785ed0f085fa] Reasoning: This sentence mentions identifying particular misleading statements but does not provide interpretive information about the statutory term 'identifying particular'.
  [ID: 4de7db58-8e95-4dfd-bf2d-c414cc54b314] Reasoning: This sentence refers to identifying particular claimants in a case but does not elaborate on the meaning of 'identifying particular' as defined in the statute.
  [ID: 49682b79-eac3-40f5-bd8b-a746f987cafb] Reasoning: This sentence discusses identifying particular committees but does not provide any interpretive value regarding the statutory term 'identifying particular'.
  [ID: 35e74eac-8d45-4fca-a470-ca1e7e275188] Reasoning: This sentence mentions identifying particular statutory provisions but does not clarify the meaning of 'identifying particular' in the context of the statute.
  [ID: 54452a5c-71a9-4083-a821-5d1dad43cf80] Reasoning: This sentence is a verbatim quote from the statute and does not add any interpretive meaning.
  [ID: 677392a3-ac4b-4286-8d1d-2334965fab21] Reasoning: This sentence discusses identifying particular workplaces but does not relate to the statutory definition of 'identifying particular' in the context of records about individuals.
  [ID: e090cc90-dab5-4401-8b18-46a83d4e80f9] Reasoning: This sentence refers to identifying particular substantive due process rights but does not provide interpretive information about the statutory term 'identifying particular'.
  [ID: c77735b5-a86e-4aa6-a72d-d4db87c5a76e] Reasoning: This sentence discusses identifying particular facts but does not clarify the meaning of 'identifying particular' in the context of the statute.
  [ID: b48e89bc-8b95-4bb3-adba-9b7c4dd9cc96] Reasoning: This sentence mentions identifying particular documents but does not provide any interpretive value regarding the statutory term 'identifying particular'.
  [ID: d2318d57-116e-4bae-9e95-cc72a2f0c566] Reasoning: This sentence discusses identifying particular positions but does not clarify the meaning of 'identifying particular' in the context of the statute.
  [ID: 4e806ee4-6fa8-4990-828c-3cae8996c112] Reasoning: This sentence discusses identifying particular hours in a procedural context but does not provide interpretive information about the statutory term 'identifying particular'.
  [ID: c327ccc0-86a4-466e-bb24-c292f335ac12] Reasoning: This sentence discusses identifying particular instances in a credibility determination but does not clarify the meaning of 'identifying particular' in the context of the statute.
  [ID: 0f8d7c20-27a4-4429-a335-398c86e12a62] Reasoning: This sentence discusses identifying particular instances but does not provide interpretive information about the statutory term 'identifying particular'.
  [ID: f6349062-d2c1-4d8c-80cc-8eeca6e46b61] Reasoning: This sentence discusses identifying particular accounts but does not clarify the meaning of 'identifying particular' in the context of the statute.
  [ID: 4738cbcc-269c-4a7e-aafc-87fa079aa24c] Reasoning: This sentence discusses identifying particular emissions but does not provide any interpretive value regarding the statutory term 'identifying particular'.
  [ID: 3f391d10-4aaa-45b4-8045-da27a59b8a6f] Reasoning: This sentence provides a definition of the term 'record' which includes 'identifying particular', thus it adds interpretive value to the phrase of interest.
  [ID: 47766c2a-b200-455c-a701-caf6e47f5a3f] Reasoning: This sentence discusses identifying particular provisions but does not clarify the meaning of 'identifying particular' in the context of the statute.
  [ID: 03cb50dd-c964-46f6-87ee-27b7091c59e2] Reasoning: This sentence discusses identifying particular statements but does not provide interpretive information about the statutory term 'identifying particular'.
  [ID: 02314f99-6b7a-411c-8aee-df7f97764e1b] Reasoning: This sentence discusses identifying particular false statements but does not clarify the meaning of 'identifying particular' in the context of the statute.
  [ID: 47ea586e-87eb-4310-b4b1-7cd87712fd28] Reasoning: This sentence discusses identifying particular acts but does not provide interpretive information about the statutory term 'identifying particular'.
  [ID: 868a9fd7-ae51-4594-aaff-b1d89a422e6f] Reasoning: This sentence is a verbatim quote from the statute and does not add any interpretive meaning.
  [ID: bcdcb510-70a3-477e-abd2-1fa5048ec206] Reasoning: This sentence is a verbatim quote from the statute and does not add any interpretive meaning.
  [ID: be595342-8fd6-4962-8b44-cb1ca5137e61] Reasoning: This sentence discusses identifying particulars in a procedural context but does not clarify the meaning of 'identifying particular' in the context of the statute.
  [ID: 411b62b6-e1dd-406f-b5e2-0d9c3c5dffe7] Reasoning: This sentence discusses identifying defendants in a legal context but does not relate to the statutory definition of 'identifying particular' as it pertains to records about individuals.
  [ID: 580dbc34-a86b-4b21-b313-4e220bc21efd] Reasoning: This sentence refers to identifying particular species in a different context (environmental law) and does not relate to the statutory meaning of 'identifying particular' in the context of records about individuals.
  [ID: 79145d77-6b47-4e28-a752-ae1bbc8ff69f] Reasoning: This sentence discusses trademark rights and identifying services, which is unrelated to the statutory context of identifying particulars related to individual records.
  [ID: 74acb5e9-90ef-43d4-9629-a0fbd13af411] Reasoning: This sentence discusses identifying employment practices in the context of disparate impact claims, which does not relate to the statutory definition of identifying particulars in records about individuals.
  [ID: 30e80458-be7a-4e0c-a813-97903aa5df18] Reasoning: This sentence refers to identifying particular cases in a medical context, which does not provide interpretive value regarding the statutory term 'identifying particular' as it relates to records about individuals.
  [ID: 451e5eb1-f441-4cb5-9373-3e426448e497] Reasoning: This sentence discusses identifying clients in a legal context but does not relate to the statutory definition of 'identifying particular' in the context of records about individuals.
  [ID: 371e7aac-a892-4500-9efe-ae4b56878e8a] Reasoning: This sentence discusses identifying particular facts in a legal claim context, which does not relate to the statutory definition of identifying particulars in records about individuals.
  [ID: f3ddea7f-9fac-4467-817e-81a0e002af48] Reasoning: This sentence discusses identifying particular comments in a workplace context, which does not provide interpretive value regarding the statutory term 'identifying particular' as it relates to records about individuals.
  [ID: 7d77004a-2308-4ac3-8236-d7e9170cf886] Reasoning: This sentence discusses identifying particular cases in a legal context, which does not relate to the statutory definition of identifying particulars in records about individuals.
  [ID: 1eca418b-e283-417f-892d-2ce939d98a6e] Reasoning: This sentence discusses identifying particular false claims in a legal context, which does not provide interpretive value regarding the statutory term 'identifying particular' as it relates to records about individuals.
  [ID: a000b543-db9b-4a5d-b7cf-2cebb340458e] Reasoning: This sentence discusses identifying particular sites in a regulatory context, which does not relate to the statutory definition of identifying particulars in records about individuals.
  [ID: e2dab49d-0382-478f-a231-932031b3a5f0] Reasoning: This sentence discusses identifying particular statements in a legal context, which does not provide interpretive value regarding the statutory term 'identifying particular' as it relates to records about individuals.
  [ID: 0af1ebde-1ea2-4754-b433-2e72cf62093c] Reasoning: This sentence discusses identifying particular conversations in a legal context, which does not relate to the statutory definition of identifying particulars in records about individuals.
  [ID: 336b19e6-2ef5-411e-9a47-1ad07e8c4198] Reasoning: This sentence provides a definition of 'system of records' that includes identifying particulars, which directly relates to the statutory definition and adds interpretive value.
  [ID: b3e64d35-b901-4c74-8ff0-a9b525ba1db1] Reasoning: This sentence discusses identifying particular references in a legal context, which does not provide interpretive value regarding the statutory term 'identifying particular' as it relates to records about individuals.
  [ID: 6ba5d5af-35f4-4370-aa61-2c18dee83f6f] Reasoning: This sentence discusses identifying particular statements in a legal context, which does not relate to the statutory definition of identifying particulars in records about individuals.
  [ID: 1f7e980b-dd2a-48d6-b88e-6269578be76e] Reasoning: This sentence discusses identifying particular portions of transcripts in a legal context, which does not provide interpretive value regarding the statutory term 'identifying particular' as it relates to records about individuals.
  [ID: 74355ac9-2582-4552-af2b-81dd957857c3] Reasoning: This sentence discusses identifying particular decision-making processes in a legal context, which does not relate to the statutory definition of identifying particulars in records about individuals.
  [ID: 3cc71d21-cc89-4c69-ba63-a2659e706ddd] Reasoning: This sentence discusses identifying particular decision-making processes in a legal context, which does not provide interpretive value regarding the statutory term 'identifying particular' as it relates to records about individuals.
  [ID: dbbb36cc-7903-4b4b-9bc9-fc51bebdfae0] Reasoning: This sentence discusses identifying particular defendants in a legal context, which does not relate to the statutory definition of identifying particulars in records about individuals.
  [ID: 57f12df7-1da3-48ba-a2c1-1858c7b648cf] Reasoning: This sentence discusses identifying particular conspiracies in a legal context, which does not provide interpretive value regarding the statutory term 'identifying particular' as it relates to records about individuals.
  [ID: 57434bc0-2ac3-4c26-9284-f572a9dae2bd] Reasoning: This sentence discusses identifying particular contaminants in a regulatory context, which does not relate to the statutory definition of identifying particulars in records about individuals.
  [ID: 625e103b-f630-4e2b-898b-ebcad6e5579f] Reasoning: This sentence discusses identifying particular claims in a legal context, which does not provide interpretive value regarding the statutory term 'identifying particular' as it relates to records about individuals.
  [ID: a1f09260-a4a8-4d3c-8801-16f9fe8f9245] Reasoning: This sentence discusses identifying particular products in a legal context, which does not relate to the statutory definition of identifying particulars in records about individuals.
  [ID: ab03c79c-c4b3-490c-8fef-6e97f1cdcfdf] Reasoning: This sentence discusses identifying particulars in a legal context, but does not provide new interpretive information about the statutory term as it relates to records about individuals.
  [ID: 5b79153c-5f23-4e6b-b469-5873ea541950] Reasoning: This sentence discusses trademarks and their functions, which is unrelated to the phrase 'identifying particular' in the context of the statute.
  [ID: e6c6597c-a58e-45a3-8627-f524707bb8c2] Reasoning: This sentence mentions identifying particular government offices but does not relate to the statutory context of identifying particulars about individuals.
  [ID: 331fc8db-b7b9-4d1d-8050-14358193d35b] Reasoning: This sentence refers to 'violator identifiers' used by the DEA, which is a different context and does not provide interpretive value regarding the statutory term.
  [ID: 62f5ecc6-54d4-4586-b95d-c0da0df69d5c] Reasoning: This sentence provides a definition of 'system of records' that includes the phrase 'identifying particular', which is relevant and adds interpretive value to the statute.
  [ID: 15f28602-3e1a-423f-bba4-ecbfe7c0ad5e] Reasoning: This sentence identifies particular individuals in a gambling context, which does not relate to the statutory definition of identifying particulars about individuals.
  [ID: 6cfc9a86-29e3-4e0d-aa61-e7b273707385] Reasoning: This sentence quotes the statute verbatim, providing no new interpretive information.
  [ID: 6ae843f2-d64c-4cc4-b5ac-4b68851df5b6] Reasoning: This sentence discusses identifying particular parcels for acquisition, which is unrelated to the statutory context of identifying particulars about individuals.
  [ID: 15acba72-97b3-40c9-a818-e70d55f93f92] Reasoning: This sentence discusses identifying particular traffic, which is unrelated to the statutory context of identifying particulars about individuals.
  [ID: e1885dd9-80fa-4e1f-bba4-350fccb2acd2] Reasoning: This sentence discusses redacting information that might identify particular cadets, which is somewhat related but does not provide strong interpretive value regarding the statutory term.
  [ID: fe66664b-9e22-4316-ba55-c92c74219ae8] Reasoning: This sentence discusses identifying particular dates of discharge, which is unrelated to the statutory context of identifying particulars about individuals.
  [ID: 90c3807b-a012-42f4-b5f4-78d6b0416d34] Reasoning: This sentence discusses identifying particular features of treatment plants, which is unrelated to the statutory context of identifying particulars about individuals.
  [ID: 183d7d16-d80f-43cb-ac6b-a9962a5f60bc] Reasoning: This sentence repeats the statute verbatim, providing no new interpretive information.
  [ID: e27bc6e8-a46c-4ffe-9348-42c5e8e9e697] Reasoning: This sentence lists allegations but does not provide interpretive value regarding the statutory term 'identifying particular'.
  [ID: b1742e62-f832-449a-a27c-ca5b15e214b0] Reasoning: This sentence discusses identifying particular reasons related to a risk of flight, which is unrelated to the statutory context of identifying particulars about individuals.
  [ID: 11f1005f-e601-40e7-9481-da5f4836c046] Reasoning: This sentence discusses identifying particular points related to fraud, which is unrelated to the statutory context of identifying particulars about individuals.
  [ID: f87593bc-fdcf-40c8-b82f-07a1c50ef8e4] Reasoning: This sentence discusses identifying particular pay decisions, which is unrelated to the statutory context of identifying particulars about individuals.
  [ID: 7ff5199a-bc66-4ae2-94c2-630cad9ba20e] Reasoning: This sentence discusses identifying particular sellers related to counterfeit goods, which is unrelated to the statutory context of identifying particulars about individuals.
  [ID: 659dbdce-4566-4842-ab8d-ae0692ce1e53] Reasoning: This sentence discusses identifying particular individuals in a legal context, but it does not provide strong interpretive value regarding the statutory term.
  [ID: 5ed7f3f7-d695-4a74-830e-c94104d02375] Reasoning: This sentence discusses identifying particular types of documents, which is unrelated to the statutory context of identifying particulars about individuals.
  [ID: 9ab9b177-4c20-49ea-8f09-ea04fd2d11a8] Reasoning: This sentence discusses identifying particular individuals or issues for clemency proceedings, which is unrelated to the statutory context of identifying particulars about individuals.
  [ID: 0f4eab22-26a9-4340-9268-a786aa147a4d] Reasoning: This sentence discusses identifying particular hours for billing, which is unrelated to the statutory context of identifying particulars about individuals.
  [ID: 222b9e86-524c-4cc9-89c5-ac01667421e8] Reasoning: This sentence discusses identifying particular third parties in a business context, which is unrelated to the statutory context of identifying particulars about individuals.
  [ID: 9ac908e1-9746-4b03-b28d-fdee35590b33] Reasoning: This sentence discusses identifying particular employees in a discrimination context, which is unrelated to the statutory context of identifying particulars about individuals.
  [ID: 3914af09-99c8-45d3-95ed-5b472e4806d6] Reasoning: This sentence discusses identifying particular transactions related to accounting irregularities, which is unrelated to the statutory context of identifying particulars about individuals.
  [ID: 2feeb7f5-3091-4c19-8c32-f4d6d6045705] Reasoning: This sentence discusses identifying particular hours in billing records, which is unrelated to the statutory context of identifying particulars about individuals.
  [ID: b82b34d8-e010-46ce-81be-fa6f8fbc63b4] Reasoning: This sentence discusses items to be seized during a search, which does not relate to the statutory definition of 'record' or the phrase 'identifying particular' in a meaningful way.
  [ID: 23eafca2-c78f-481f-b4a8-d2d6cc25e944] Reasoning: The sentence refers to identifying particular providers in a legal context but does not elaborate on the meaning of 'identifying particular' as it relates to the statute.
  [ID: 66800bf0-3464-49e3-8be4-35955b93c2af] Reasoning: This sentence discusses identifying particular false claims but does not provide interpretive meaning related to the statutory definition of 'record' or the phrase 'identifying particular'.
  [ID: ae106d9e-9899-4d20-959f-b696b1776b34] Reasoning: The sentence mentions identifying particular acts but does not clarify or elaborate on the statutory meaning of 'identifying particular'.
  [ID: 950453ba-cf7e-4a4d-a16e-b89d895a2d9a] Reasoning: This sentence discusses deficiencies in pleadings but does not provide any interpretive meaning related to the phrase 'identifying particular'.
  [ID: 890173ae-bc7a-40cd-9d82-8259f54d3bd5] Reasoning: The sentence discusses a means-plus-function element but does not provide interpretive meaning related to the statutory definition of 'record' or the phrase 'identifying particular'.
  [ID: 4ef62742-59b4-478c-b153-f5543f89c1b1] Reasoning: This sentence mentions identifying particular events but does not elaborate on the meaning of 'identifying particular' in relation to the statute.
  [ID: 2e6febf4-4114-4933-961d-1fc37da09e84] Reasoning: The sentence discusses identifying particular members of a class but does not provide interpretive meaning related to the statutory definition of 'record' or the phrase 'identifying particular'.
  [ID: 02912478-725f-4c25-a197-13f68fe19be2] Reasoning: This sentence discusses the difficulty of identifying particular members of a class but does not clarify the meaning of 'identifying particular' in relation to the statute.
  [ID: c8885d4c-23e4-47eb-b6e6-a8874e37a7fd] Reasoning: The sentence discusses the certification of a class but does not provide interpretive meaning related to the statutory definition of 'record' or the phrase 'identifying particular'.
  [ID: f1854492-5747-458f-a122-316ed67553dd] Reasoning: This sentence discusses identifying particular positions for reassignment but does not elaborate on the meaning of 'identifying particular' in relation to the statute.
  [ID: 57ba60a8-8d3c-409f-9482-460ff2f6d141] Reasoning: The sentence discusses identifying particular boys in film descriptions but does not provide interpretive meaning related to the statutory definition of 'record' or the phrase 'identifying particular'.
  [ID: c9346f50-b9ed-45dd-a662-1a66612c2615] Reasoning: This sentence discusses identifying particular defendants in a legal context but does not clarify or elaborate on the meaning of 'identifying particular' as it relates to the statute.
  [ID: 9b42b98e-9d4a-4990-b56a-04d1bf9b2bbb] Reasoning: The sentence discusses identifying particular individuals for a claim but does not provide interpretive meaning related to the statutory definition of 'record' or the phrase 'identifying particular'.
  [ID: 016f10fe-8934-4bab-952a-995254b5bbb5] Reasoning: This sentence discusses identifying particular coverage but does not elaborate on the meaning of 'identifying particular' in relation to the statute.
  [ID: 4001bc60-de23-40e7-a87f-97fddcbcda46] Reasoning: The sentence discusses identifying particular employees in a legal context but does not clarify or elaborate on the meaning of 'identifying particular' as it relates to the statute.
  [ID: 5e79e544-d265-4d98-a16a-6365974074a4] Reasoning: This sentence discusses identifying particular web pages but does not provide interpretive meaning related to the statutory definition of 'record' or the phrase 'identifying particular'.
  [ID: ccd0af26-b6e3-4b7b-a2a1-923c9a2c837f] Reasoning: The sentence discusses identifying particular defects in prior law but does not elaborate on the meaning of 'identifying particular' in relation to the statute.
  [ID: 009c4bd7-7f27-47d0-942d-8fedd77f1c51] Reasoning: This sentence discusses identifying particular modifications in a legal context but does not clarify or elaborate on the meaning of 'identifying particular' as it relates to the statute.
  [ID: 459381ba-1b57-4cd1-bfb2-a8a78622f7da] Reasoning: The sentence discusses identifying particular errors in a legal context but does not provide interpretive meaning related to the statutory definition of 'record' or the phrase 'identifying particular'.
  [ID: 270be79f-b160-416a-9337-a1c6e6dc4d48] Reasoning: This sentence discusses identifying particular costs but does not elaborate on the meaning of 'identifying particular' in relation to the statute.
  [ID: ecc0155c-b88f-46f0-819b-3c18c3ba9d02] Reasoning: The sentence discusses identifying particular projects in a legal context but does not clarify or elaborate on the meaning of 'identifying particular' as it relates to the statute.
  [ID: c6def099-9d2d-4893-abdb-081348625bdc] Reasoning: This sentence discusses identifying particular conversations in the context of wiretapping but does not provide interpretive meaning related to the statutory definition of 'record' or the phrase 'identifying particular'.
  [ID: 6b3b3bfb-43b6-4065-bf64-69eb4353a929] Reasoning: The sentence discusses identifying particular positions in a legal context but does not clarify or elaborate on the meaning of 'identifying particular' as it relates to the statute.
  [ID: afcc51d9-9446-49ed-beb9-b1d5419225c4] Reasoning: This sentence discusses identifying particular policies in the context of insurance but does not provide interpretive meaning related to the statutory definition of 'record' or the phrase 'identifying particular'.
  [ID: 3aade2d0-448b-45ca-9aac-1e967a1e8580] Reasoning: This sentence reiterates the requirement that information must be about an individual and include an identifying particular, which is already stated in the statute.
  [ID: 1d3aef52-0ac1-41a4-a2b7-7f7e5fced320] Reasoning: This sentence explains the conclusion of the agency's inquiry regarding records that are about an individual and include an identifying particular, but it does not add new interpretive information beyond the statute.
  [ID: 64c3c794-b6b9-4d3b-94f3-c56de4aadf67] Reasoning: This sentence provides a judicial interpretation that links identifying particulars to the definition of a record, which adds interpretive value to the phrase of interest.
  [ID: 9fb00307-00e1-4278-9271-2c1069afe78f] Reasoning: This sentence quotes the statute verbatim, providing no new interpretive information.
  [ID: 7254ddff-4a9b-4baf-a4fe-428b20e6b448] Reasoning: This sentence repeats the requirement that information must contain an identifying particular, which is already stated in the statute.
  [ID: c5541651-b91b-48b6-b34b-75970054b8bc] Reasoning: This sentence critiques a definition that fails to link information to an identifying particular, providing some interpretive insight into the importance of this link.
  [ID: 95061ca0-09cc-4404-880e-e9e37c8102db] Reasoning: This sentence discusses a court's interpretation of the statute regarding the disclosure of information not associated with identifying particulars, which adds interpretive value.
  [ID: 6b085887-e7f5-46a4-9611-4802579a601a] Reasoning: This sentence critiques a previous court's interpretation regarding identifying particulars, providing interpretive context.
  [ID: bc28c95e-6a3a-4cbf-bd9b-6da77393eed3] Reasoning: This sentence discusses identifying particular goods or services, which is unrelated to the phrase of interest in the context of personal records.
  [ID: 73657d93-62d5-40e9-ac99-a51e8d9d47e7] Reasoning: This sentence discusses identifying particular appliance models, which is unrelated to the phrase of interest regarding personal records.
  [ID: 26d5915b-34f8-491a-8460-a430cb91c95c] Reasoning: This sentence discusses identifying particular dangerous individuals in a custody case, which is unrelated to the phrase of interest.
  [ID: b6a70cc0-d445-4d18-995f-c4a6f2aeffc6] Reasoning: This sentence discusses the retrieval of records by identifying particulars, which is relevant and adds interpretive value.
  [ID: 26ec0266-d4f1-429c-b6fa-80ae1f4bd5cd] Reasoning: This sentence defines a system of records in relation to identifying particulars, which adds interpretive value.
  [ID: 5ac218bf-9081-4156-a1e4-de93f0806b70] Reasoning: This sentence questions the retrieval of records by identifying particulars, which adds interpretive context.
  [ID: 4a9fd85e-24ec-40d5-b31c-df7a5e112188] Reasoning: This sentence discusses the nature of records in relation to identifying particulars, which adds interpretive value.
  [ID: 8606b587-8e78-469c-922a-a5b95bd53e24] Reasoning: This sentence discusses the retrieval of information from records by identifying particulars, which adds interpretive value.
  [ID: 224d44af-f9ec-43e9-81fb-1ba3fd18502d] Reasoning: This sentence reiterates the definition of 'record' from the statute, providing no new interpretive information.
  [ID: 82fb0753-8a9f-4678-97ec-92f70f37e6be] Reasoning: This sentence defines 'system of records' in relation to identifying particulars, which adds interpretive value.
  [ID: c0a94683-ef9e-486b-a4b0-4c0067f7c10b] Reasoning: This sentence discusses identifying particular individuals in a criminal context, which is unrelated to the phrase of interest.
  [ID: 274ffd2e-5747-42c9-988d-ddde28373c6a] Reasoning: This sentence discusses identifying particular aspects of a judicial record, which is unrelated to the phrase of interest.
  [ID: 2e9ca50e-cb66-46db-91a8-d58c2a17b1e0] Reasoning: This sentence discusses identifying particular transactions in a business context, which is unrelated to the phrase of interest.
  [ID: 9c4fee59-b29d-45f4-b66c-77ef8b384938] Reasoning: This sentence discusses identifying particular individuals in a legal context, which is unrelated to the phrase of interest.
  [ID: f318e247-848b-4263-a225-366ce83c3c91] Reasoning: This sentence discusses identifying particular claims or parties in a legal context, which is unrelated to the phrase of interest.
  [ID: cb86768b-ad43-477f-9000-9b3853d26713] Reasoning: This sentence discusses identifying particular services in a fee request context, which is unrelated to the phrase of interest.
  [ID: 345b6bdd-9206-405c-aaf0-fb030d62dfdc] Reasoning: This sentence discusses identifying particular examples of land use regulation, which is unrelated to the phrase of interest.
  [ID: c1db73bb-6027-4c77-8cce-4c1416e9d289] Reasoning: This sentence discusses identifying particular types of signs but does not relate to the statutory context of identifying particulars about individuals as defined in the statute.
  [ID: 9b3342fb-069e-4159-afff-7ad140b3316b] Reasoning: This sentence mentions identifying particular men but does not provide any interpretive information related to the statutory definition of identifying particulars about individuals.
  [ID: df79d576-bb14-44c3-9529-a7603d25dd82] Reasoning: This sentence identifies particular transactions but does not elaborate on the meaning of 'identifying particular' in the context of the statute.
  [ID: 0e0b3cc7-248b-41cf-b942-91b5e8d75814] Reasoning: This sentence discusses identifying particular instances of delay, which does not relate to the statutory definition of identifying particulars about individuals.
  [ID: 3c698e2b-80bd-4ca6-ad14-2d36c89c3d13] Reasoning: This sentence quotes a court case requiring identification of particular false claims, but it does not provide interpretive meaning related to the statutory definition of identifying particulars.
  [ID: 58836782-736b-4e57-8abb-003a52b08b2a] Reasoning: This sentence mandates identifying particular examples of testimony but does not clarify the meaning of 'identifying particular' in the context of the statute.
  [ID: c6c1547a-70a1-4457-9b0a-3b0f709b331c] Reasoning: This sentence explains the need to identify particular instances in the record but does not provide interpretive meaning related to the statutory definition.
  [ID: 89df4bb2-b979-4a88-b2df-26d306bcb364] Reasoning: This sentence quotes the statute verbatim, providing no new interpretive information.
  [ID: 8cd47d16-21c3-4912-8cc1-6f158928a504] Reasoning: This sentence discusses the need to identify particular individuals with privacy interests but does not clarify the meaning of 'identifying particular' in the context of the statute.
  [ID: 75963162-26ca-4fef-87b6-f5fea085a143] Reasoning: This sentence repeats the statute verbatim, providing no new interpretive information.
  [ID: de95ea69-55cd-425b-bae5-34dcde89675b] Reasoning: This sentence defines 'system of records' but does not elaborate on the meaning of 'identifying particular' in the context of the statute.
  [ID: 5443bde8-9b54-4047-a88e-dab229c5d3a7] Reasoning: This sentence discusses the need to plead particular details of a fraudulent scheme but does not clarify the meaning of 'identifying particular' in the context of the statute.
  [ID: 4e09d6d8-39b0-4be4-983a-d5c141291c48] Reasoning: This sentence states that the complaint must provide details identifying particular false claims but does not clarify the meaning of 'identifying particular' in the context of the statute.
  [ID: 15881b62-25db-4178-9116-bd10d2775e6c] Reasoning: This sentence discusses the need to plead details that identify particular false claims but does not clarify the meaning of 'identifying particular' in the context of the statute.
  [ID: 706208f4-4034-46b6-bb3d-f979bcc6a8c7] Reasoning: This sentence states that the United States did not identify particular false claims but does not clarify the meaning of 'identifying particular' in the context of the statute.
  [ID: c591a279-d011-4f95-a7f9-8b0e4d9c3560] Reasoning: This sentence discusses identifying particular invoices but does not clarify the meaning of 'identifying particular' in the context of the statute.
  [ID: 7dc20803-4718-40c4-b473-a09e77d8380a] Reasoning: This sentence discusses identifying particular aircraft or boats but does not relate to the statutory context of identifying particulars about individuals.
  [ID: 1a7771e1-5ac2-403b-ba39-33d0eb5719c0] Reasoning: This sentence mentions identifying particular process-type phrases but does not relate to the statutory context of identifying particulars about individuals.
  [ID: 3acb4bc8-3540-45b2-8e5b-e14e1a12bdd4] Reasoning: This sentence discusses identifying particular places in the context of an indictment but does not clarify the meaning of 'identifying particular' in the context of the statute.
  [ID: c78a7911-2b31-4cf6-876e-6e97b12c0c94] Reasoning: This sentence repeats definitions of 'record' and 'system of records' but does not provide new interpretive information regarding 'identifying particular'.
  [ID: 25230f94-22a8-40e4-9f5c-8a7f1bc03f86] Reasoning: This sentence discusses identifying particular errors in a decision but does not clarify the meaning of 'identifying particular' in the context of the statute.
  [ID: 6c7c159d-20c9-4adb-a336-4150031b2e41] Reasoning: This sentence discusses identifying particular errors in a decision but does not clarify the meaning of 'identifying particular' in the context of the statute.
  [ID: aad1e811-f49a-4659-8c8b-8a2ae53a1423] Reasoning: This sentence discusses identifying particular employees but does not clarify the meaning of 'identifying particular' in the context of the statute.
  [ID: ba54272a-8b59-4ade-9524-67b240f53b8e] Reasoning: This sentence discusses identifying particular candidates in the context of campaign communications but does not clarify the meaning of 'identifying particular' in the context of the statute.
  [ID: 0c206ec4-e3e4-4ec3-b68b-03427ac8d824] Reasoning: This sentence discusses identifying particular instances in the record but does not clarify the meaning of 'identifying particular' in the context of the statute.
  [ID: 9bd67713-e78c-4a80-b16a-40689a876ccf] Reasoning: This sentence repeats the definition of 'record' from the statute without adding any new interpretive information.
  [ID: a9c1f37d-ee7a-4623-9e3d-ee7cfd0226c8] Reasoning: This sentence defines 'system of records' but does not provide any interpretive information about 'identifying particular' as defined in the statute.
  [ID: 28fa3235-f2d9-489b-912e-44a86d0a92fb] Reasoning: This sentence discusses the identification of particular pages in a legal context but does not elaborate on the meaning of 'identifying particular' as defined in the statute.
  [ID: 3fee7645-dfef-417e-b0e6-5839fde4d90c] Reasoning: This sentence discusses a legal case and mentions 'identifying particular theory' but does not relate to the statutory definition of 'identifying particular'.
  [ID: 449104af-b458-40bb-89c2-11a20bd1ba2b] Reasoning: This sentence discusses the requirement of identifying particular false claims in a legal context but does not provide interpretive information about the statutory term.
  [ID: f9a35038-bc64-45ea-a40d-6215abc3ab1c] Reasoning: This sentence references a court case that examined the definition of 'record' under the Privacy Act, providing some interpretive context about the term 'identifying particular'.
  [ID: acfa17c8-ebf2-4b3f-8edc-81cff4f7f99b] Reasoning: This sentence compares the definitions of 'record' under FOIA and the Privacy Act, which provides some context but does not directly elaborate on 'identifying particular'.
  [ID: 950fd9b2-d6e6-45c9-bfb1-ea0a16d9e6e8] Reasoning: This sentence discusses a court's interpretation of a record's relevance to an individual but does not provide direct interpretive information about 'identifying particular'.
  [ID: e8cd1a2b-cbd4-4fe8-b85c-757be188299d] Reasoning: This sentence implies that information linked with an identifying particular is relevant, providing some implicit elaboration on the term.
  [ID: 50175a63-84b2-4d28-a9fa-223271cc23c9] Reasoning: This sentence defines 'system of records' but does not add interpretive value regarding 'identifying particular'.
  [ID: 8a1f90a3-d4b2-4d83-ba44-f622c4e8c0df] Reasoning: This sentence discusses identifying particular defendants in a legal context but does not relate to the statutory definition of 'identifying particular'.
  [ID: 31e84d8e-62eb-43fd-be29-0aace9caeb1a] Reasoning: This sentence discusses anticipated testimony related to identifying particular defendants but does not provide interpretive information about the statutory term.
  [ID: 6848ed61-ecd9-467b-9fd2-87d82d40a202] Reasoning: This sentence repeats the definition of 'record' from the statute without adding any new interpretive information.
  [ID: 3a7c8c65-fb82-489a-a046-04f0a26f2855] Reasoning: This sentence discusses a legal case and mentions identifying particular project but does not relate to the statutory definition of 'identifying particular'.
  [ID: 8b264e78-2cad-4565-b9e3-f762f5b5b005] Reasoning: This sentence discusses identifying particular examples in a legal context but does not provide interpretive information about the statutory term.
  [ID: ef06d3e0-87e1-47b8-b137-8ab8c4f0b17b] Reasoning: This sentence repeats the definition of 'record' from the statute without adding any new interpretive information.
  [ID: d543b1dc-2d21-496d-8ca1-709cf240a99e] Reasoning: This sentence discusses identifying particular groups in a legal context but does not provide interpretive information about the statutory term.
  [ID: ad98db19-886a-4744-8972-e9ef61d0e22e] Reasoning: This sentence discusses identifying particular documents but does not provide interpretive information about the statutory term.
  [ID: 9f20c029-2ee0-4a41-9a01-49657e602e5a] Reasoning: This sentence discusses selecting and identifying particular lands but does not provide interpretive information about the statutory term.
  [ID: 3625fbf7-e99f-4a3c-b066-ba1119c57eb6] Reasoning: This sentence discusses identifying particular instances of discrimination but does not provide interpretive information about the statutory term.
  [ID: 8cad5ae0-fe39-400b-9cf2-5b6b42c6d3a4] Reasoning: This sentence discusses identifying particulars in the context of privacy interests but does not provide direct interpretive information about the statutory term.
  [ID: b2c33975-dacf-46d3-ac1a-6e80ed0a5243] Reasoning: This sentence discusses identifying particular instances in a legal context but does not provide interpretive information about the statutory term.
  [ID: 15a72db1-fc0a-455c-b28f-f4391075559c] Reasoning: This sentence repeats the definition of 'system of records' from the statute without adding any new interpretive information.
  [ID: 0d929731-0a22-4502-bbb1-a3b56816a395] Reasoning: This sentence discusses identifying particular courts in a legal context but does not provide interpretive information about the statutory term.
  [ID: 7aadad42-24aa-4290-9034-876e60c8df35] Reasoning: This sentence repeats the definition of 'system of records' from the statute without adding any new interpretive information.
  [ID: 512f8813-bdd8-409b-8f88-5b9ddb7729ad] Reasoning: This sentence defines 'system of records' in a way that is similar to the statute but does not add new interpretive information about 'identifying particular'.
  [ID: 9d821198-ffe5-4177-ad25-6594fa4bd780] Reasoning: This sentence discusses standing in a legal context but does not provide any interpretive information about 'identifying particular'.
  [ID: cdd670b5-2fb4-43a2-bf96-051cef9a61e1] Reasoning: This sentence repeats the definition of 'system of records' from the statute without adding new interpretive information about 'identifying particular'.
  [ID: 92f15c11-7a9b-47ba-933b-64301174d238] Reasoning: This sentence quotes the definition of 'record' from the statute and does not provide new interpretive information about 'identifying particular'.
  [ID: 317a0441-65f3-42bf-83e9-484eb422ad30] Reasoning: This sentence uses 'identifying particular' in a different context related to transactions but does not clarify its meaning in relation to the statute.
  [ID: fb237249-926c-4718-b6ec-8da2e6107aad] Reasoning: This sentence discusses the disclosure of information that contains an identifying particular, which relates to the statute but does not provide new interpretive information.
  [ID: 4d9af717-cf14-466e-b258-98cf14a6ddc7] Reasoning: This sentence quotes the definition of 'record' from the statute and does not provide new interpretive information about 'identifying particular'.
  [ID: 9e70a1d0-9589-48b9-9155-5e5819151f21] Reasoning: This sentence discusses the broad meaning of 'record' in relation to identifying particulars, providing some interpretive context, but not a strong elaboration.
  [ID: 5a124a96-5c51-468c-b037-80d35f7d5a81] Reasoning: This sentence explains how information linked with an identifying particular can be included in a record, providing explicit elaboration of meaning.
  [ID: 52d63896-6fdd-417d-b66d-1f034c569e97] Reasoning: This sentence repeats the definition of 'system of records' from the statute without adding new interpretive information about 'identifying particular'.
  [ID: 050c0b11-5f08-47be-ad01-cf3bf809870b] Reasoning: This sentence uses 'identifying particular' in a different context related to clients but does not clarify its meaning in relation to the statute.
  [ID: 400272b6-38a5-4812-8d27-5e531892dc9b] Reasoning: This sentence discusses deficiencies in a complaint without providing interpretive information about 'identifying particular'.
  [ID: 0c590c54-13c0-46c3-a85a-5608b833d7fc] Reasoning: This sentence discusses identifying particular answers but does not clarify the meaning of 'identifying particular' in relation to the statute.
  [ID: 524d4806-ba85-446e-9540-ad12ebd4e6e8] Reasoning: This sentence discusses identifying particular evidence in a legal context but does not clarify its meaning in relation to the statute.
  [ID: 5da322f7-de74-4af7-97b4-87de7e4c919f] Reasoning: This sentence discusses identifying particular job performance tests but does not clarify its meaning in relation to the statute.
  [ID: 3f537ec4-4a76-4e86-b095-a7ce0e14def8] Reasoning: This sentence discusses identifying particular synergies in a business context but does not clarify its meaning in relation to the statute.
  [ID: 54d1f27a-6b53-4947-abaf-3d1368d9b427] Reasoning: This sentence discusses identifying particular calls in a legal context but does not clarify its meaning in relation to the statute.
  [ID: 077e0018-69ba-4d67-b188-ceefc95897ba] Reasoning: This sentence discusses identifying particular documents in a legal context but does not clarify its meaning in relation to the statute.
  [ID: c4f7dcd5-142f-4971-ae4e-1ebc20bccd20] Reasoning: This sentence discusses identifying particular well locations but does not clarify its meaning in relation to the statute.
  [ID: c2ffa5e2-08e4-491e-8598-a75de5dcb47b] Reasoning: This sentence discusses identifying particular features of devices but does not clarify its meaning in relation to the statute.
  [ID: 2b6bd12f-b2da-40cb-a990-1a9ce6735b3f] Reasoning: This sentence repeats the definitions of 'record' and 'system of records' from the statute without adding new interpretive information about 'identifying particular'.
  [ID: 13215dfc2-af75-41f8-a6da-1c75638b7baf] Reasoning: This sentence discusses information that does not identify particular taxpayers but does not clarify the meaning of 'identifying particular' in relation to the statute.
  [ID: 5c59dcd2-af75-41f8-a6da-1c75638b7baf] Reasoning: This sentence discusses the exemption of return information data that identify particular taxpayers but does not clarify the meaning of 'identifying particular' in relation to the statute.
  [ID: 557f29ca-f1e0-419f-b192-180ad134d95c] Reasoning: This sentence discusses identifying particular types of cells in a medical context but does not clarify its meaning in relation to the statute.
  [ID: 98ce1466-2d57-4075-b90e-72fbeb769e89] Reasoning: This sentence repeats the definition of 'system of records' from the statute without adding new interpretive information about 'identifying particular'.
  [ID: e95c9612-d36b-46d4-8259-ce78d7531df3] Reasoning: This sentence discusses the requirement of providing identifying particulars in a petition, which relates to the phrase of interest but does not add new interpretive information beyond the statute.
  [ID: 793b612f-dac0-4b5d-8023-ea4693a66ce0] Reasoning: This sentence mentions identifying particulars in the context of privacy for children in court proceedings, which adds context but does not provide a clear interpretive meaning related to the statute.
  [ID: 266dcc0f-2057-4831-b99c-5e4d9576c4b5] Reasoning: This sentence refers to identifying particular property, which is unrelated to the phrase of interest regarding identifying particulars about individuals.
  [ID: 16e1bbcc-fa83-4ece-9b12-a449413c6dd0] Reasoning: This sentence is a repeat of the previous one and does not add any new information or context.
  [ID: c7656476-a4b5-4041-b121-70115c370621] Reasoning: This sentence discusses identifying particular facts and circumstances in a legal context, which is somewhat related but does not clarify the meaning of identifying particulars as defined in the statute.
  [ID: be0ab9cf-1aee-45e5-8395-900014741895] Reasoning: This sentence identifies particular items within a prohibition, which is relevant but does not elaborate on the meaning of identifying particulars in the context of the statute.
  [ID: 85263791-a7a3-41d9-ab93-3dfbb4bd72d7] Reasoning: This sentence discusses identifying particular conditions in jury instructions, which is not directly related to the phrase of interest regarding identifying particulars about individuals.
  [ID: 03275867-cf0b-4194-a564-f422820a8e8e] Reasoning: This sentence identifies particular reductions in fees, which does not relate to the phrase of interest regarding identifying particulars about individuals.
  [ID: e50e878c-56ea-4819-99fd-0e5bdc0755ae] Reasoning: This sentence discusses identifying particular police procedures, which is not directly related to the phrase of interest regarding identifying particulars about individuals.
  [ID: 9aafa2fa-5abf-47f5-ae5f-c0d8b0e7552d] Reasoning: This sentence identifies particular offenses that are too serious for expungement, which is relevant but does not clarify the meaning of identifying particulars as defined in the statute.
  [ID: 46829388-9897-42cc-8c31-59abea83595a] Reasoning: This sentence is a repeat of a previous one and does not add any new information or context.
  [ID: b44232e2-951c-44b7-8aca-027b8494d42a] Reasoning: This sentence discusses identifying particular factors for determining a legal right, which is not directly related to the phrase of interest regarding identifying particulars about individuals.
  [ID: 395bdd5e-4733-4093-986e-d80912837d4b] Reasoning: This sentence identifies particular individuals in a legal context, which is somewhat related but does not clarify the meaning of identifying particulars as defined in the statute.
  [ID: cea325a7-5660-45da-8211-bd6e33045e82] Reasoning: This sentence identifies particular complaints about representation, which is not directly related to the phrase of interest regarding identifying particulars about individuals.
  [ID: 04993d5b-b7e1-4679-b8a7-a1f3793e7a40] Reasoning: This sentence discusses identifying particular agents in a medical context, which is not directly related to the phrase of interest regarding identifying particulars about individuals.
  [ID: 2643f651-21f9-4044-af21-dc9ca30c752e] Reasoning: This sentence is a repeat of a previous one and does not add any new information or context.
  [ID: 66174ca0-7314-49a4-83c7-95e77198bc25] Reasoning: This sentence identifies particular types of corroborative evidence, which is not directly related to the phrase of interest regarding identifying particulars about individuals.
  [ID: 71d6a389-c71b-42c6-b706-1d76321312b6] Reasoning: This sentence discusses identifying particulars in the context of an insurance law amendment, which is somewhat related but does not clarify the meaning of identifying particulars as defined in the statute.
  [ID: 872d5ded-efd6-47cc-b0a2-50c35ccc70af] Reasoning: This sentence is a repeat of a previous one and does not add any new information or context.
  [ID: 2dec9155-2714-43c3-a963-8a4c72a9b402] Reasoning: This sentence discusses identifying particular sexual conduct, which is not directly related to the phrase of interest regarding identifying particulars about individuals.
  [ID: e934678a-b828-4209-89f5-8ea0523a6032] Reasoning: This sentence discusses identifying particular types of women in a legal context, which is not directly related to the phrase of interest regarding identifying particulars about individuals.
  [ID: 9f32b234-3cf4-4934-95e9-f33ccff0bbe1] Reasoning: This sentence discusses the lack of a mandate to identify particular parties in a legal context, which is not directly related to the phrase of interest regarding identifying particulars about individuals.
  [ID: 9b1ce1cd-d084-425d-962a-2e08954488e0] Reasoning: This sentence is a repeat of a previous one and does not add any new information or context.
  [ID: f9d8b77a-f6e9-4931-a354-a0f37f939a0a] Reasoning: This sentence discusses identifying particular deficiencies in a legal context, which is not directly related to the phrase of interest regarding identifying particulars about individuals.
  [ID: 4e1cbb5d-053d-4e67-8ab2-6d93fcd972df] Reasoning: This sentence discusses identifying particulars in the context of a notice, which is somewhat related but does not clarify the meaning of identifying particulars as defined in the statute.
  [ID: 61eafa67-a994-4a28-8233-090a1dcd9723] Reasoning: This sentence discusses the requirement to identify particular false claims for payment, which is related to the phrase of interest but does not elaborate on its meaning in the context of the statute.
  [ID: 91b84f5b-2216-499d-80b7-6db4c4a21daf] Reasoning: This sentence references the need to identify particular corroborating evidence but does not provide interpretive meaning related to the phrase of interest or the statute.
  [ID: 2ab73445-ba4b-483a-a75d-9ebb1b7cd377] Reasoning: This sentence discusses identifying particular persons eligible for relief, which is somewhat related but does not clarify the meaning of 'identifying particular' in the context of the statute.
  [ID: f2c3ddd5-fa1a-4053-ba4a-dfbecaf9f6f4] Reasoning: This sentence mentions identifying particular scenes but does not provide any interpretive information about the phrase of interest or the statute.
  [ID: cbb9f22c-82ec-4b6f-a769-2dff9a01e7f8] Reasoning: This sentence discusses identifying particular instances of protected speech but does not elaborate on the meaning of 'identifying particular' in relation to the statute.
  [ID: ef2b8618-4f45-43fb-bd2f-266ef18014e2] Reasoning: This sentence refers to identifying particular parts of an affidavit but does not provide interpretive meaning related to the phrase of interest or the statute.
  [ID: f3d72e54-4507-411c-bf57-9b0a341c97df] Reasoning: This sentence requires identifying particular sites or operations but does not clarify the meaning of 'identifying particular' in the context of the statute.
  [ID: fa302f14-ae12-4206-84b9-6bb620849a6f] Reasoning: This sentence discusses identifying particular goods and their costs but does not provide interpretive meaning related to the phrase of interest or the statute.
  [ID: 19777050-d68c-4957-baaf-e8207e485e88] Reasoning: This sentence mentions the failure to identify particular invoices but does not elaborate on the meaning of 'identifying particular' in relation to the statute.
  [ID: 57408106-32cd-4022-86aa-a98fb749e74e] Reasoning: This sentence repeats part of the statute regarding records and does not add any new interpretive information about 'identifying particular'.
  [ID: adf3e949-3676-4906-a49c-9d742ffeb2ae] Reasoning: This sentence discusses identifying particular defects but does not provide interpretive meaning related to the phrase of interest or the statute.
  [ID: bd5b8402-4c32-4dad-b256-a52fe8b691bc] Reasoning: This sentence discusses identifying particular members of a class but does not clarify the meaning of 'identifying particular' in the context of the statute.
  [ID: 4a3132a7-a0cf-405c-83a1-9596307223f0] Reasoning: This sentence reiterates the requirement to identify particular false claims for payment, which is related but does not add interpretive meaning.
  [ID: c31986da-1040-4bfa-8ccc-a8cdd8bee0fa] Reasoning: This sentence discusses identifying particular disclosing events but does not provide interpretive meaning related to the phrase of interest or the statute.
  [ID: e4f25170-f5d8-42ff-86e7-4793c707d8de] Reasoning: This sentence mentions identifying particular experts but does not elaborate on the meaning of 'identifying particular' in relation to the statute.
  [ID: a60207fc-50f3-44b8-81a9-d887c9cade93] Reasoning: This sentence references identifying particular amounts but does not provide interpretive meaning related to the phrase of interest or the statute.
  [ID: c4dd4b8c-8802-49fc-b5d3-58f5b02a2d82] Reasoning: This sentence reiterates the requirement to identify particular false claims for payment, which is related but does not add interpretive meaning.
  [ID: bd3494e8-5a29-414f-803d-0a7d362291cc] Reasoning: This sentence discusses the requirement to identify particular claims but does not clarify the meaning of 'identifying particular' in the context of the statute.
  [ID: 9bbfcb2e-40f3-40ef-a092-0af10083b3a4] Reasoning: This sentence reiterates the requirement to identify particular false claims for payment, which is related but does not add interpretive meaning.
  [ID: a8144eea-a019-4953-9d99-57da58ce6526] Reasoning: This sentence discusses identifying particular portions of reports but does not provide interpretive meaning related to the phrase of interest or the statute.
  [ID: e02bc15c-b0b2-45ec-b210-e7bebeb22b48] Reasoning: This sentence discusses identifying particular documents but does not clarify the meaning of 'identifying particular' in the context of the statute.
  [ID: 40525f2b-5720-4443-9714-fdd3597f8ee0] Reasoning: This sentence discusses identifying particular calls but does not provide interpretive meaning related to the phrase of interest or the statute.
  [ID: d2b73ea9-1165-45c5-b823-bdd36c20a114] Reasoning: This sentence discusses identifying particular contracts but does not clarify the meaning of 'identifying particular' in the context of the statute.
  [ID: 827b5ed9-7b6a-47b1-b309-195cc520a21e] Reasoning: This sentence reiterates the requirement to identify particular false claims for payment, which is related but does not add interpretive meaning.
  [ID: 2354d612-2192-4e37-92c0-d5763409c2ed] Reasoning: This sentence discusses identifying particular fraudulent acts but does not clarify the meaning of 'identifying particular' in the context of the statute.
  [ID: b94c4c06-72a5-45b0-b8c5-0d60328b13c6] Reasoning: This sentence provides an example of what does not qualify as an identifying particular, which helps clarify the term's boundaries but does not directly elaborate on its meaning.
  [ID: b98f6556-5c40-4203-a83a-66b2bf7e608f] Reasoning: This sentence discusses a court's interpretation of identifying particulars, providing a legal precedent that clarifies the term's application, thus offering significant interpretive value.
  [ID: c91aa4b2-4feb-4cbc-92c1-b52015425f47] Reasoning: This sentence references the identifying particular language in the statute and discusses its application in a specific case, but does not provide new interpretive information.
  [ID: f4c74b3d-f1b8-4728-bae2-0c9b564dd215] Reasoning: This sentence explains a reasoning process regarding what constitutes identifying particulars, suggesting a broader interpretation that adds value to understanding the term.
  [ID: b183418a-4d4d-414a-82cc-f93fd507eefb] Reasoning: This sentence restates part of the statute regarding identifying particulars without adding new interpretive information.
  [ID: 987d9f83-ca05-4068-a341-99a7ff7d7d76] Reasoning: This sentence provides a definition that clarifies the scope of identifying particulars, which is directly relevant to the phrase of interest.
  [ID: b88f4a53-e512-4ad7-a11a-e6098afbc5d8] Reasoning: This sentence elaborates on what does not qualify as an identifying particular, providing important context that helps define the term's boundaries.
  [ID: 55bd4387-676c-49de-947b-803876eed346] Reasoning: This sentence discusses how medical history can be a protected record if it contains identifying particulars, but does not elaborate on the meaning of identifying particulars themselves.
  [ID: 309a002b-697b-4be8-a323-04e092a7a978] Reasoning: This sentence discusses a specific case where identifying particulars were not disclosed, but does not provide new interpretive information about the term itself.
  [ID: 973ea641-a762-418a-bdeb-229049e22a9f] Reasoning: This sentence reiterates the requirement for a disclosure to include identifying particulars but does not add new interpretive information.
  [ID: dd01e097-064d-4cd3-8a20-424e95c62eee] Reasoning: This sentence identifies a category of individuals as identifying particulars, but does not provide new interpretive information about the term itself.
  [ID: c9c8dfb5-659e-49de-a121-3c18a9fe76d9] Reasoning: This sentence discusses a broader context of identifying particular schools but does not relate meaningfully to the statutory term of interest.
  [ID: 229b5d32-af30-40a7-9327-32ccddcf93ec] Reasoning: This sentence states that aggregate data does not identify particular persons, which is relevant but does not elaborate on the meaning of identifying particulars.
  [ID: 49aff3d5-b22c-4093-a230-53e1fdf5ff7f] Reasoning: This sentence discusses identifying particular employment practices but does not relate to the statutory term of interest.
  [ID: df7196e2-7df4-4283-bd4b-c4cad14d149f] Reasoning: This sentence discusses considerations in a line-up challenge and does not relate to the statutory term of interest.
  [ID: 4021866f-2524-4bce-998b-2378eeaf46a1] Reasoning: This sentence discusses identifying particular days for contract extensions but does not relate to the statutory term of interest.
  [ID: bd61d95f-5d64-47f2-b493-7593b36a13b2] Reasoning: This sentence discusses identifying particular securities but does not relate to the statutory term of interest.
  [ID: fac64a73-e053-4c34-a8bd-6bfb1ee6dd05] Reasoning: This sentence discusses identifying particular events but does not relate to the statutory term of interest.
  [ID: 182e95ac-22c1-4361-b351-ad0c495b1e9d] Reasoning: This sentence discusses identifying particular teams but does not relate to the statutory term of interest.
  [ID: d667d5ff-0964-477b-9272-a8114ed713b6] Reasoning: This sentence discusses identifying particular cattle but does not relate to the statutory term of interest.
  [ID: 64dd0db0-cd03-4f7f-8721-13aa165b9e61] Reasoning: This sentence discusses identifying particular features of a bite mark but does not relate to the statutory term of interest.
  [ID: 8e9372af-76f5-4345-9369-30c6939a0083] Reasoning: This sentence discusses identifying particular situations in a policy context but does not relate to the statutory term of interest.
  [ID: b7e6d3e1-34e4-44c2-ba6c-3c8782bee756] Reasoning: This sentence discusses identifying particular disrupted contracts in a tortious interference context but does not relate to the statutory term of interest.
  [ID: 9775d96d-1b56-439f-b8d2-83da421b4274] Reasoning: This sentence discusses identifying particular issues in a habeas context but does not relate to the statutory term of interest.
  [ID: 5027e6ff-faec-4f8e-b9fa-7fbb4bb12cf0] Reasoning: This sentence discusses identifying particular issues in a habeas context but does not relate to the statutory term of interest.
  [ID: fe635353-0f22-47fb-8174-2e9a77b48954] Reasoning: This sentence discusses identifying acts or omissions of a lawyer, which is unrelated to the statutory definition of 'record' or 'identifying particular'.
  [ID: 2c0de2bd-02b0-4dba-abf7-ec66a2fd3d6c] Reasoning: Similar to the previous sentence, this one focuses on identifying acts or omissions of a lawyer, which does not relate to the statutory phrase of interest.
  [ID: af0b85de-0060-42f8-82cb-9bd3a22a37b6] Reasoning: This sentence discusses identifying instances of unnecessary treatment, which does not relate to the statutory definition of 'record' or 'identifying particular'.
  [ID: 553708bc-1480-408a-bada-bfccdb68aecf] Reasoning: This sentence mentions identifying flaws in a court's reasoning, which is unrelated to the statutory phrase of interest.
  [ID: fc497ffc-9045-4106-9aba-118786daa88a] Reasoning: This sentence discusses identifying elements of an ear-piercing service, which does not relate to the statutory definition of 'record' or 'identifying particular'.
  [ID: 8485a613-7587-4293-a3d4-1c2707d29430] Reasoning: This sentence refers to identifying persons and officials related to concealed carry rights, which is unrelated to the statutory phrase of interest.
  [ID: 59273368-b33c-4c3e-bbab-7300618e7efe] Reasoning: This sentence discusses identifying unlawful conduct of a person under lawful detention, which does not relate to the statutory definition of 'record' or 'identifying particular'.
  [ID: e3ec77ee-c963-48ba-9a5b-afe42ebbf400] Reasoning: This sentence cites a case regarding ownership and does not provide interpretive information about the statutory phrase of interest.
  [ID: cf45297e-3412-448d-8f35-0f30e0d0283d] Reasoning: This sentence discusses identifying mitigating evidence in a trial context, which does not relate to the statutory definition of 'record' or 'identifying particular'.
  [ID: 677a39b9-9d09-4dbd-b396-219df3ceabfa] Reasoning: This sentence reiterates the requirement to identify acts or omissions of a lawyer, which does not provide new interpretive information about the statutory phrase.
  [ID: ee2f86ed-dc54-4fce-ab16-179c364bc5b2] Reasoning: This sentence is a repetition of previous sentences regarding identifying acts or omissions of a lawyer, providing no new interpretive information.
  [ID: 2ed69bae-574b-4f73-9749-ff8d009de11a] Reasoning: This sentence is a repetition of previous sentences regarding identifying acts or omissions of a lawyer, providing no new interpretive information.
  [ID: ff787a17-3d1d-4406-bf43-594118f687ef] Reasoning: This sentence is a repetition of previous sentences regarding identifying acts or omissions of a lawyer, providing no new interpretive information.
  [ID: cca9aea0-5fef-480d-ba0a-bca44bdad1c4] Reasoning: This sentence is a repetition of previous sentences regarding identifying acts or omissions of a lawyer, providing no new interpretive information.
  [ID: 81804224-e193-4a3e-a5e8-741ad9b8f5dd] Reasoning: This sentence is a repetition of previous sentences regarding identifying acts or omissions of a lawyer, providing no new interpretive information.
  [ID: 4fb79672-291d-4f9f-a1b0-96a29be1afa5] Reasoning: This sentence is a repetition of previous sentences regarding identifying acts or omissions of a lawyer, providing no new interpretive information.
  [ID: 96d5be11-6da6-4aba-b056-4dd28c105fd1] Reasoning: This sentence discusses identifying construction defects, which does not relate to the statutory definition of 'record' or 'identifying particular'.
  [ID: 9643c594-31fb-48a9-9d3e-b4a403962b6b] Reasoning: This sentence discusses identifying proceedings justifying courtroom closure, which does not relate to the statutory definition of 'record' or 'identifying particular'.
  [ID: 162a3d26-6a6a-4553-b27e-9f1e130fa91d] Reasoning: This sentence discusses identifying funds or monies in a legal context, which does not relate to the statutory definition of 'record' or 'identifying particular'.
  [ID: d7d54ad0-c7d0-4c86-9bfd-3d71980656a4] Reasoning: This sentence is a repetition of previous sentences regarding identifying acts or omissions of a lawyer, providing no new interpretive information.
  [ID: ad682c5f-e53b-4ad5-87d4-06966cfeef91] Reasoning: This sentence is a repetition of previous sentences regarding identifying acts or omissions of a lawyer, providing no new interpretive information.
  [ID: 92dd9b4e-578a-40e5-85e4-64d2ca46f227] Reasoning: This sentence reiterates the requirement to identify acts or omissions of a lawyer, which does not provide new interpretive information about the statutory phrase.
  [ID: 5494f32d-cfb6-4ad4-82cf-7e1ffe68c9c3] Reasoning: This sentence discusses elements for ineffective assistance of counsel claims, which does not relate to the statutory definition of 'record' or 'identifying particular'.
  [ID: e4834eb6-afc2-48a2-ab83-85999bd793bb] Reasoning: This sentence discusses not identifying errors in reasoning, which does not relate to the statutory definition of 'record' or 'identifying particular'.
  [ID: c743cb33-f65b-459e-893e-7ac88fcc4183] Reasoning: This sentence discusses intent to identify goods, which does not relate to the statutory definition of 'record' or 'identifying particular'.
  [ID: f2f50464-9734-4fd8-ab35-34b61ac349ec] Reasoning: This sentence discusses Kelly's testimony but does not relate to the statutory definition of 'identifying particular' in the context of records or information about individuals.
  [ID: 0c0d8900-22f9-47e2-b1ee-c8b67e42b93c] Reasoning: This sentence refers to identifying co-conspirators but does not provide any interpretive information related to the statutory phrase 'identifying particular' as it pertains to records.
  [ID: 1828dd41-627d-4f9b-bf7d-cd5ff28a0454] Reasoning: This sentence discusses the inability to identify witnesses but does not elaborate on the statutory meaning of 'identifying particular' in the context of records.
  [ID: 36620f5b-33f3-4bb0-b33a-a0ba474da528] Reasoning: This sentence discusses the need to identify false claims but does not provide interpretive information relevant to the statutory definition of 'identifying particular' in the context of records.
  [ID: 25b24412-4ce6-46ca-b7b7-72be76fdd8db] Reasoning: This sentence mentions identifying physical obstacles but does not relate to the statutory context of identifying particulars about individuals.
  [ID: 82890c49-86ff-49dc-b360-dcdf0428da3d] Reasoning: This sentence discusses identifying products but does not provide relevant interpretive information about the statutory phrase 'identifying particular' in the context of records.
  [ID: f3254988-37c3-4824-82c6-8063894ff9d9] Reasoning: This sentence discusses reasonable suspicion and identifying facts but does not relate to the statutory definition of 'identifying particular' in the context of records.
  [ID: 4e588c7b-23f0-43ba-8632-a9c2da924b96] Reasoning: This sentence provides a definition related to 'personally identifiable information' but does not directly elaborate on the statutory phrase 'identifying particular' as it pertains to records.
  [ID: 5948dd8b-73a1-4648-8654-326ca2613f0f] Reasoning: This sentence discusses identifying costs but does not provide relevant interpretive information about the statutory phrase 'identifying particular' in the context of records.
  [ID: 17deabd1-dd22-4b6e-a13d-06f20fb0c189] Reasoning: This sentence provides a definition of 'system of records' that closely relates to the statutory phrase 'identifying particular', thus offering interpretive value.
  [ID: 093c1fe5-74c9-44c0-a13a-cea614e787b5] Reasoning: This sentence discusses types of matters to be withheld but does not provide interpretive information relevant to the statutory phrase 'identifying particular'.
  [ID: 63558872-4183-4c1d-8f90-b72438a21a8f] Reasoning: This sentence discusses the retrieval of a video by identifying particulars but does not provide interpretive information about the statutory phrase 'identifying particular'.
  [ID: ccaecccf-7683-47fc-9e9e-c4ef73748413] Reasoning: This sentence repeats the statutory definition of 'record' and does not add any new interpretive information about 'identifying particular'.
  [ID: 6441ebfe-d9e5-49a0-b2cf-de5d090f0e29] Reasoning: This sentence provides a citation of the statute but does not add interpretive meaning regarding 'identifying particular'.
  [ID: fda120d4-0e39-4172-be0c-8f837280dedd] Reasoning: This sentence discusses requests for criminal records that identify individuals but does not provide new interpretive information about 'identifying particular'.
  [ID: 1a4f82c8-938f-4db7-920e-a6c3e3521e7d] Reasoning: This sentence discusses withholding names and identifying particulars but does not provide interpretive information relevant to the statutory phrase 'identifying particular'.
  [ID: 20cfa1b0-3d77-495e-99c9-d7950793e003] Reasoning: This sentence discusses inadequacies in a complaint but does not provide interpretive information about 'identifying particular' in the context of records.
  [ID: 3dfb46c4-4d06-4c8c-8678-6bdd7ad54b54] Reasoning: This sentence discusses deficiencies in supervision but does not provide interpretive information relevant to the statutory phrase 'identifying particular'.
  [ID: 330c179e-98c8-48b5-9c57-6ad6bbe140af] Reasoning: This sentence discusses events that do not suffice but does not provide interpretive information about 'identifying particular' in the context of records.
  [ID: ba7ae306-1e34-4d08-b162-ec2d6f983798] Reasoning: This sentence discusses identifying segments of a river but does not provide interpretive information relevant to the statutory phrase 'identifying particular'.
  [ID: cf3e1972-67d7-472d-9753-087729b4b212] Reasoning: This sentence discusses identifying claims but does not provide interpretive information about 'identifying particular' in the context of records.
  [ID: e7171edb-297f-4c8d-8fae-362899dc86c7] Reasoning: This sentence discusses identifying hazardous substances but does not provide interpretive information relevant to the statutory phrase 'identifying particular'.
  [ID: 7efa35e9-7a91-480a-a94f-259d2cea4a52] Reasoning: This sentence discusses identifying third parties but does not provide interpretive information about 'identifying particular' in the context of records.
  [ID: 4ae7a341-6dcf-4453-a72b-7c6416e765ac] Reasoning: This sentence discusses pleading requirements but does not provide interpretive information relevant to the statutory phrase 'identifying particular'.
  [ID: 152ad1d5-5588-403b-9f62-e7b45694a161] Reasoning: This sentence discusses identifying geographical regions but does not provide interpretive information about 'identifying particular' in the context of records.
  [ID: 2b6f2f79-7e48-4a48-9e62-98d84e797845] Reasoning: This sentence discusses Delaware common law decisions and fiduciaries, which does not relate to the phrase 'identifying particular' or the statute's context.
  [ID: b175f5a6-dbb0-4b2d-8d4c-bf8175cea4d3] Reasoning: This sentence explains that duty titles are not considered 'identifying particulars' under the statute, providing interpretive context relevant to the phrase of interest.
  [ID: 45af662f-fd82-4263-8b57-6da6f378b616] Reasoning: This sentence quotes the statute verbatim, providing no new interpretive information about 'identifying particular'.
  [ID: dc90ab4d-caef-4b13-b062-77d057e077ab] Reasoning: This sentence states that documents without identifying particulars are not protected, which adds interpretive context to the phrase of interest.
  [ID: e35521aa-06f1-49cc-bff8-8c601406143e] Reasoning: This sentence asserts that duty titles do not qualify as identifying particulars, providing a direct interpretation relevant to the phrase.
  [ID: 7e8c1900-d6a3-457b-be4d-8ff1c68cc2b7] Reasoning: This sentence discusses the conditions under which duty titles may be considered identifying particulars, providing a nuanced interpretation of the phrase.
  [ID: 738416ab-b7e7-46b1-a35f-221a764f0f85] Reasoning: This sentence explains why duty titles do not qualify as identifying particulars, adding interpretive value to the phrase.
  [ID: 4a4e34a1-63bf-4fdf-8f3f-adb2fcc9e9da] Reasoning: This sentence states that the plain language of the Privacy Act does not support duty titles as identifying particulars, providing interpretive context.
  [ID: cf881752-8a8b-44e8-8ad4-5852ed05e309] Reasoning: This sentence explains the requirement for a telephone number to be linked to an individual by an identifying particular, adding interpretive value.
  [ID: cd91867d-64dc-4188-b70d-0879424d6ed2] Reasoning: This sentence confirms the necessity of linking information to an individual by name or identifying particular, providing interpretive clarity.
  [ID: d6e6ac0b-41a0-406b-aab1-2522c006b189] Reasoning: This sentence states that duty titles do not qualify as identifying particulars, providing a direct interpretation relevant to the phrase.
  [ID: 62e1c8e5-757c-4fb3-91d4-19b11c18f175] Reasoning: This sentence explains that the final response letter did not include the requisite linkage to an individual by identifying particular, adding interpretive value.
  [ID: d555bc33-e9a1-4449-b754-7db71b613855] Reasoning: This sentence discusses the insufficiency of duty titles as identifying particulars, providing interpretive context relevant to the phrase.
  [ID: 36234f92-3388-4fab-8ee6-deef0d743663] Reasoning: This sentence argues that duty titles are not identifying particulars due to their changing nature, providing interpretive context.
  [ID: 53362a64-ada4-47df-b661-533fc3febf03] Reasoning: This sentence discusses the privacy interest in outdated information linked to an individual by identifying particular, adding interpretive value.
  [ID: 278df94b-88a4-48f2-824c-7a28f11a7f10] Reasoning: This sentence quotes the statute, providing no new interpretive information about 'identifying particular'.
  [ID: fb7befbe-1722-4ae9-80eb-e3437f19fd12] Reasoning: This sentence explains that the information was not linked to the individual by identifying particular, providing interpretive context.
  [ID: 00c98d2a-210f-444b-8872-275500b7ead9] Reasoning: This sentence discusses the non-exclusivity of the list of identifying particulars in the statute, adding interpretive value.
  [ID: 74d78e97-cbad-41fa-aece-4a44ae9dd45e] Reasoning: This sentence states that information must be linked to an individual by identifying particular, providing interpretive context.
  [ID: cd8ed53c-ad70-4eee-9461-44630b7e94cd] Reasoning: This sentence explains the filtering of documents by the definition of 'record', adding interpretive value to the phrase.
  [ID: 4ecad297-9a87-41b8-9fb1-1ab13cc0167c] Reasoning: This sentence states that a report was designed to omit identifying particulars, which does not add interpretive value to the phrase.
  [ID: 99e7574e-59c7-4ea6-a08f-34b2119b8123] Reasoning: This sentence discusses the omission of identifying particulars in a report, which does not add interpretive value to the phrase.
  [ID: 5fea84b7-add2-452f-97cd-467a09ecd9a7] Reasoning: This sentence quotes the statute verbatim, providing no new interpretive information about 'identifying particular'.
  [ID: d89e0d75-e08a-4d7c-8fa0-e765bf02aed5] Reasoning: This sentence quotes the definition of 'system of records', providing no new interpretive information about 'identifying particular'.
  [ID: 82397e78-5d6b-4f8a-8cf6-f42ec25512cc] Reasoning: This sentence discusses identifying particular Emulex customers, but does not relate meaningfully to the statutory definition of 'identifying particular'.
  [ID: e1920fb9-3f4d-45e5-976d-6c44ea968465] Reasoning: This sentence discusses identifying particular acts or omissions of a lawyer, which is unrelated to the statutory definition of 'record' and does not provide any interpretive information about the phrase 'identifying particular'.
  [ID: b2f41b14-abf6-4f86-8fbd-0f3ea323a2ad] Reasoning: Similar to the previous sentence, this one repeats the same concept of identifying acts or omissions of a lawyer without adding any interpretive value related to the statutory term.
  [ID: d5f24e21-3e90-45d4-8abf-c9376e739d0a] Reasoning: This sentence is a repetition of the previous ones, discussing identifying acts or omissions of a lawyer, which does not relate to the statutory definition of 'record'.
  [ID: dc9ae6d1-c0a0-4d48-987b-28c61176e2e4] Reasoning: This sentence mentions identifying particular acts or omissions of a lawyer, which does not provide any interpretive information about the statutory term 'identifying particular'.
  [ID: 87128030-f538-418e-bf17-8aac93915ec6] Reasoning: This sentence is a reiteration of the requirement to identify acts or omissions of a lawyer, which does not relate to the statutory definition of 'record' or the phrase of interest.
  [ID: 716482e5-6c15-417b-95c9-a867f83744a7] Reasoning: This sentence discusses identifying documents, which is not relevant to the statutory definition of 'record' or the phrase 'identifying particular'.
  [ID: 9ab6af24-26f5-4a2c-9d4b-58f25f7085ef] Reasoning: This sentence is another repetition of the requirement to identify acts or omissions of a lawyer, which does not provide any interpretive value regarding the statutory term.
  [ID: 1b97e34e-50c6-4ee7-b49a-b2dde58cedb1] Reasoning: This sentence repeats the same concept of identifying acts or omissions of a lawyer, which does not relate to the statutory definition of 'record'.
  [ID: 309f83b5-6e69-4a71-adca-e477319131af] Reasoning: This sentence is a repetition of the previous ones, discussing identifying acts or omissions of a lawyer without adding any interpretive value related to the statutory term.
  [ID: 4c1a128f-07f1-42e1-85dd-64e1675bd291] Reasoning: This sentence reiterates the requirement to identify acts or omissions of a lawyer, which does not provide any interpretive information about the statutory term 'record'.
  [ID: e2a23a47-9d4a-4290-adb5-3533a7d5c6e4] Reasoning: This sentence is another repetition of the requirement to identify acts or omissions of a lawyer, which does not relate to the statutory definition of 'record'.
  [ID: 8d4da1a2-5774-4e52-b808-bdc3e866d28c] Reasoning: This sentence repeats the requirement to identify acts or omissions of a lawyer, which does not provide any interpretive value regarding the statutory term.
  [ID: 9261241d-9130-48d6-9041-c4b239fe7802] Reasoning: This sentence discusses the implications of identifying particular individuals by their names, which is somewhat related to the concept of identification but does not clarify the statutory term 'record'.
  [ID: f71d9092-8f41-40b7-b400-17fe90638b96] Reasoning: This sentence discusses identifying particular statements that were false, which does not relate to the statutory definition of 'record' or the phrase 'identifying particular'.
  [ID: 67a1e2c5-e60c-4bb2-93b2-99be6938c634] Reasoning: This sentence is a repetition of the requirement to identify acts or omissions of a lawyer, which does not provide any interpretive value regarding the statutory term.
  [ID: 34dc9b43-3661-4c99-9e74-824c7efdf755] Reasoning: This sentence reiterates the requirement to identify acts or omissions of a lawyer, which does not provide any interpretive information about the statutory term 'record'.
  [ID: b7f46e60-caef-4e9e-8f81-948e4f723761] Reasoning: This sentence is another repetition of the requirement to identify acts or omissions of a lawyer, which does not relate to the statutory definition of 'record'.
  [ID: cf7f134f-1266-44fb-9cef-8e91fcc127ec] Reasoning: This sentence repeats the same concept of identifying acts or omissions of a lawyer, which does not provide any interpretive value regarding the statutory term.
  [ID: e9a4473d-d7fa-4cf7-b0b4-00d852cf800f] Reasoning: This sentence is a repetition of the requirement to identify acts or omissions of a lawyer, which does not relate to the statutory definition of 'record'.
  [ID: aac977b6-2c90-42ec-bd8c-f9d47c757931] Reasoning: This sentence discusses legislative considerations regarding identifying particular individuals or entities, which is somewhat related to the concept of identification but does not clarify the statutory term 'record'.
  [ID: f397ce92-be54-4051-ac9b-6e4685216608] Reasoning: This sentence is a heading that does not provide any interpretive information about the statutory term 'record' or the phrase 'identifying particular'.
  [ID: 2b972b00-51a3-4927-a0cd-28726b862ed2] Reasoning: This sentence discusses identifying particular defendants in a medical malpractice context, which does not relate to the statutory definition of 'record' or the phrase 'identifying particular'.
  [ID: 6ebfc8ce-4cba-4fce-93a4-18a30fe9c723] Reasoning: This sentence discusses identifying particular defendants in a legal context, which does not provide any interpretive information about the statutory term 'record' or the phrase 'identifying particular'.
  [ID: 6d2dc2cf-c25d-4ff8-88a4-6c04de207ce4] Reasoning: This sentence discusses identifying particular jobs, which is unrelated to the statutory definition of 'record' or the phrase 'identifying particular'.
  [ID: 6d24d050-daef-43ec-b696-017b973307cc] Reasoning: This sentence reiterates the requirement to identify acts or omissions of a lawyer, which does not provide any interpretive value regarding the statutory term.
  [ID: fd7c1b2f-910e-461b-8a7e-83f7e586da8e] Reasoning: This sentence discusses identifying particular activities in a billing context, which is unrelated to the statutory definition of 'record' or the phrase 'identifying particular'.
  [ID: c25f325e-5666-404c-bae3-65ed54090341] Reasoning: This sentence mentions identifying particular facts in a legal context but does not relate to the statutory definition of 'record' or the phrase 'identifying particular'.
  [ID: de5d9e62-1a0a-4c96-ab94-445452657972] Reasoning: This sentence refers to identifying particular circumstances but does not provide interpretive information about the statutory term 'record' or the phrase 'identifying particular'.
  [ID: 65de244a-302a-45ee-9a0f-326669ef415f] Reasoning: This sentence discusses identifying particular values related to products, which is not relevant to the statutory definition of 'record' or the phrase 'identifying particular'.
  [ID: 4775a42f-fea6-4edc-98dd-53e9c500e5e0] Reasoning: This sentence talks about identifying particular types of screws, which does not relate to the statutory definition of 'record' or the phrase 'identifying particular'.
  [ID: f5eabbe8-e205-4a7a-bff4-e2e45e53f1a3] Reasoning: This sentence mentions identifying particular circumstances in a pricing context, which does not provide interpretive information about the statutory term 'record' or the phrase 'identifying particular'.
  [ID: ce20b027-3053-4305-9a2b-9e40f3e107d8] Reasoning: This sentence discusses identifying particular types of material in the context of FOIA exemptions, which is somewhat related but does not directly interpret the statutory term 'record' or the phrase 'identifying particular'.
  [ID: 4c274b1d-8b9c-4d99-b349-fdabed0c4707] Reasoning: This sentence refers to identifying particular non-compensable time, which does not relate to the statutory definition of 'record' or the phrase 'identifying particular'.
  [ID: 7a2490b4-215a-45b4-94da-1e2fd67ddbae] Reasoning: This sentence discusses identifying particular facts in a legal context but does not provide interpretive information about the statutory term 'record' or the phrase 'identifying particular'.
  [ID: c54118e9-c427-4811-b79a-6200c269f3cc] Reasoning: This sentence outlines requirements for identifying particular defendants and statements, which does not relate to the statutory definition of 'record' or the phrase 'identifying particular'.
  [ID: 2b8db353-a922-4e70-81a8-6de95d1a23f7] Reasoning: This sentence discusses the conditions under which an individual may request an amendment of a record, which is relevant to the statutory definition of 'record' but does not elaborate on the phrase 'identifying particular'.
  [ID: 6e52fdba-a8ea-4371-86fd-46b1f4fc9d7d] Reasoning: This sentence discusses identifying particular organizations in a legal context, which does not provide interpretive information about the statutory term 'record' or the phrase 'identifying particular'.
  [ID: 3eadeea4-4a48-4b01-92c4-5b37eec0e2ac] Reasoning: This sentence discusses identifying particular pricing information in a regulatory context, which does not relate to the statutory definition of 'record' or the phrase 'identifying particular'.
  [ID: af1fbe46-ec90-4ff4-bad1-5fb1d1b3192c] Reasoning: This sentence discusses identifying particular facts in a policy context, which does not provide interpretive information about the statutory term 'record' or the phrase 'identifying particular'.
  [ID: 1ec6bc82-68d8-46e2-8c88-26e0fcaa8a0f] Reasoning: This sentence discusses identifying particular documents and conversations in a legal context, which does not provide interpretive information about the statutory term 'record' or the phrase 'identifying particular'.
  [ID: 19016727-2274-467b-95cb-9e1802398004] Reasoning: This sentence discusses identifying particular frequency limits in a technical context, which does not relate to the statutory definition of 'record' or the phrase 'identifying particular'.
  [ID: ff042cfb-4c17-4ccd-a79a-6625d829cd3c] Reasoning: This sentence discusses identifying particular inmates in a criminal context, which does not provide interpretive information about the statutory term 'record' or the phrase 'identifying particular'.
  [ID: 302511bd-3c18-4e7f-98f5-033685d2cf43] Reasoning: This sentence describes a communication module that identifies particular words, which is not relevant to the statutory definition of 'record' or the phrase 'identifying particular'.
  [ID: d1ce98cc-61bc-41fc-ad96-298fbf0592ff] Reasoning: This sentence discusses identifying particular words in a technical context, which does not relate to the statutory definition of 'record' or the phrase 'identifying particular'.
  [ID: 5f29e057-26a4-4e98-a7ba-affc0115f41e] Reasoning: This sentence defines a system of records in a way that relates to the statutory definition of 'record', but it does not elaborate on the phrase 'identifying particular'.
  [ID: 09d8a6c2-309a-4eb0-ab13-7d4d6a4cf5fc] Reasoning: This sentence mentions identifying particular leases but does not provide interpretive information about the statutory term 'record' or the phrase 'identifying particular'.
  [ID: 212050e0-8a71-44f6-a429-b134c5ea55e5] Reasoning: This sentence repeats the statutory definition of 'record' verbatim, providing no new interpretive information.
  [ID: c4779b3d-30f1-4c4f-9e55-0dbf76cbc899] Reasoning: This sentence discusses identifying particular Delphi entities in an insurance context, which does not provide interpretive information about the statutory term 'record' or the phrase 'identifying particular'.
  [ID: 9bc58a7f-67a2-4a0d-9bf8-35c7f05cd45b] Reasoning: This sentence discusses identifying particular property in a legal context, which does not provide interpretive information about the statutory term 'record' or the phrase 'identifying particular'.
  [ID: 35389ee1-14ba-4db8-9750-4df9d70cdf95] Reasoning: This sentence outlines requirements for identifying particular defendants and statements, which does not relate to the statutory definition of 'record' or the phrase 'identifying particular'.
  [ID: 9d5718b7-e20c-4141-a9aa-a9512d0e79bf] Reasoning: This sentence discusses the court's observation regarding protective orders and does not provide any interpretive information about the phrase 'identifying particular' as it relates to the statute.
  [ID: 054c0383-0994-4512-b57a-51a1a8dc6dfa] Reasoning: This sentence repeats the definition of 'record' from the statute and does not add any new interpretive information regarding 'identifying particular'.
  [ID: f71c3af3-a798-487e-9e8b-d503ebec9f27] Reasoning: This sentence provides a definition of 'system of records' but does not elaborate on the phrase 'identifying particular' in a meaningful way.
  [ID: e27007c9-91e1-4a04-af67-9c797289eac3] Reasoning: This sentence references a court case but does not provide any interpretive information about 'identifying particular' as it relates to the statute.
  [ID: a9b4fd97-2db9-4f3e-855c-e1b069920169] Reasoning: This sentence discusses specific life-insurance policies but does not relate to the statutory meaning of 'identifying particular'.
  [ID: cc046d06-c3c8-4fd8-9a71-38b4beddb01e] Reasoning: This sentence discusses ineffective assistance of counsel claims but does not provide interpretive information about 'identifying particular'.
  [ID: 1a881e03-77d8-43a7-ac2b-8b0af922a2e2] Reasoning: This sentence is a repeat of the previous one regarding ineffective assistance of counsel and does not add interpretive value.
  [ID: e69ceec9-7d41-4845-9e1f-0991c3ede3db] Reasoning: This sentence discusses identifying individuals but does not provide interpretive information about 'identifying particular' in the context of the statute.
  [ID: 61aa9c9c-9d87-4202-889d-f1aade558402] Reasoning: This sentence is a repeat of a previous one regarding ineffective assistance of counsel and does not add interpretive value.
  [ID: 9c7db215-96e9-4b2e-8e9d-7f9efbd8f8d1] Reasoning: This sentence discusses how cases were identified but does not provide interpretive information about 'identifying particular' in the context of the statute.
  [ID: efb434ac-3cdc-4bb9-9137-625abd952398] Reasoning: This sentence discusses the Secretary's decision regarding disclosure but does not provide interpretive information about 'identifying particular'.
  [ID: c10f4ae9-7cc2-49da-8cb8-a36c8c1b0f6c] Reasoning: This sentence repeats the definition of 'record' from the statute and does not add any new interpretive information regarding 'identifying particular'.
  [ID: 407eeac7-89ed-4d6c-80b5-e2040fa293fb] Reasoning: This sentence provides a definition of 'system of records' but does not elaborate on the phrase 'identifying particular' in a meaningful way.
  [ID: e215ce48-826d-40ac-b775-aa14a7fd15b6] Reasoning: This sentence discusses a judge's actions but does not provide interpretive information about 'identifying particular' as it relates to the statute.
  [ID: af6395c3-8a88-4bd4-b2c5-7dec8966d369] Reasoning: This sentence discusses how employees identify locations but does not provide interpretive information about 'identifying particular' in the context of the statute.
  [ID: 0eac83a9-4dda-4383-895a-1bc459bc7e03] Reasoning: This sentence discusses proclamations identifying objects but does not provide interpretive information about 'identifying particular' in the context of the statute.
  [ID: aebc6c69-a5b5-4be9-b021-4e12427f5bc2] Reasoning: This sentence is a repeat of a previous one regarding ineffective assistance of counsel and does not add interpretive value.
  [ID: 02e1018e-6504-4fb9-9c72-af06b089df3f] Reasoning: This sentence is a repeat of a previous one regarding ineffective assistance of counsel and does not add interpretive value.
  [ID: 0c071ef1-26f3-456f-bca6-34803680c378] Reasoning: This sentence provides examples of cases but does not provide interpretive information about 'identifying particular' in the context of the statute.
  [ID: f7cb966e-3735-490c-aed4-8e3dc1c2506a] Reasoning: This sentence is a repeat of a previous one regarding ineffective assistance of counsel and does not add interpretive value.
  [ID: 1af39992-95a1-4600-92aa-0fff739fbe2c] Reasoning: This sentence is a repeat of a previous one regarding ineffective assistance of counsel and does not add interpretive value.
  [ID: 1b322928-d5b8-484a-9788-6124b0293338] Reasoning: This sentence is a repeat of a previous one regarding ineffective assistance of counsel and does not add interpretive value.
  [ID: 6890ac38-4ec0-481e-9d84-e50f92cdfce4] Reasoning: This sentence is a repeat of a previous one regarding ineffective assistance of counsel and does not add interpretive value.
  [ID: 99a168f4-b873-477f-ad69-4ae00be80b2e] Reasoning: This sentence discusses the requirements for a claim of ineffective assistance of counsel but does not provide interpretive information about 'identifying particular'.
  [ID: 126898fb-33dd-422a-b50c-b1474451ccd5] Reasoning: This sentence discusses a failure to identify acts or omissions but does not provide interpretive information about 'identifying particular' in the context of the statute.
  [ID: 085691d7-a1a4-47fc-9dad-60e9a96092cd] Reasoning: This sentence discusses the requirement for an ALJ to identify particular statements but does not relate to the statutory definition of 'identifying particular' in the context of records maintained by an agency.
  [ID: 3275d69b-d75c-4e78-beea-49d6b5da101d] Reasoning: This sentence refers to identifying particular situations in a different context (trading situations) and does not relate to the statutory definition of 'identifying particular' as it pertains to records about individuals.
  [ID: 08c0757c-042b-4482-b820-e6c4e04ce5a5] Reasoning: This sentence mentions the failure to identify particular contracts but does not provide any interpretive information about the statutory term 'identifying particular' as it relates to records.
  [ID: bccfe4b1-2304-4e17-9e09-0f45ca791478] Reasoning: This sentence discusses the failure to identify particular defendants in a legal context but does not relate to the statutory definition of 'identifying particular' in the context of records maintained by an agency.
  [ID: ffc8c079-11e1-4dbc-99ad-0aed7bcbfa3d] Reasoning: This sentence discusses how a defendant identified particular additions but does not provide interpretive information about the statutory term 'identifying particular' as it relates to records.
  [ID: 28bd571d-a3ae-4ae7-a7cd-d0901ab1dbbe] Reasoning: This sentence discusses the requirement to identify particular false claims in a legal context but does not provide interpretive information about the statutory term 'identifying particular' as it relates to records.
  [ID: f84e8983-2e53-4a10-b2b8-0454b53f2f18] Reasoning: This sentence discusses the inability to identify particular firms but does not provide interpretive information about the statutory term 'identifying particular' as it relates to records.
  [ID: 68f471f3-d87b-42ac-bfbc-807dc731da49] Reasoning: This sentence discusses the inability to identify particular firms in a different context and does not provide interpretive information about the statutory term 'identifying particular' as it relates to records.
  [ID: 8303b0b7-1a34-43ac-b05d-1bb9b7e5437f] Reasoning: This sentence discusses the requirement to identify particular false claims for payment but does not provide interpretive information about the statutory term 'identifying particular' as it relates to records.
  [ID: d339e4d6-7669-4dd1-ba6c-920266dcc514] Reasoning: This sentence discusses the failure to identify particular categories of discovery but does not provide interpretive information about the statutory term 'identifying particular' as it relates to records.
  [ID: f4236fb3-594e-4918-8e1e-13fcc01668d3] Reasoning: This sentence discusses the burden of identifying particular positions but does not provide interpretive information about the statutory term 'identifying particular' as it relates to records.
  [ID: c4df73f8-f9ed-47dc-abea-291e7d6f6540] Reasoning: This sentence discusses the inability to uncover abuse due to regulations prohibiting the identification of particular card users but does not provide interpretive information about the statutory term 'identifying particular' as it relates to records.
  [ID: 6c7ad000-6b17-4a3d-ac1f-ef0590c3ae3a] Reasoning: This sentence discusses team emblems and symbols identifying particular teams but does not provide interpretive information about the statutory term 'identifying particular' as it relates to records.
  [ID: d9676134-2db5-4b8d-a6a2-e377e1636d2d] Reasoning: This sentence discusses PCR testing for identifying particular gene sequences but does not provide interpretive information about the statutory term 'identifying particular' as it relates to records.
  [ID: c2868f40-5fed-4852-bb81-7ddcc3444645] Reasoning: This sentence discusses identifying particular information to protect from disclosure but does not provide interpretive information about the statutory term 'identifying particular' as it relates to records.
  [ID: 5fb88221-4879-4647-ab3c-fc769162fb56] Reasoning: This sentence discusses the interest in identifying particular individuals but does not provide interpretive information about the statutory term 'identifying particular' as it relates to records.
  [ID: 51514815-fba9-44b1-a2cb-a8c939d81fd6] Reasoning: This sentence discusses allegations of violations without identifying particular dates but does not provide interpretive information about the statutory term 'identifying particular' as it relates to records.
  [ID: 0b8c0132-0135-4c26-840e-6608dfc5667e] Reasoning: This sentence discusses the requirement for a plaintiff to identify particular effluents but does not provide interpretive information about the statutory term 'identifying particular' as it relates to records.
  [ID: 1ee71a01-270c-4cc0-86a7-1addeea801b4] Reasoning: This sentence discusses the identification of particular problems with proposed substitutions but does not provide interpretive information about the statutory term 'identifying particular' as it relates to records.
  [ID: 06ce745a-6ff7-44ed-b54f-41d561c8a0b2] Reasoning: This sentence discusses identifying particular portions of summaries for trial but does not provide interpretive information about the statutory term 'identifying particular' as it relates to records.
  [ID: dff6a9fb-8e12-4561-97c8-3f4b4d8c59fb] Reasoning: This sentence discusses identifying particular services and means of providing services but does not provide interpretive information about the statutory term 'identifying particular' as it relates to records.
  [ID: 3c91646a-e97b-419c-87de-45facfe8f9b8] Reasoning: This sentence discusses the failure to identify particular questions posed during a deposition but does not provide interpretive information about the statutory term 'identifying particular' as it relates to records.
  [ID: 4e5ed8b5-0e6a-4bfe-87ac-970bc0fbd610] Reasoning: This sentence discusses the failure to identify particular instances of treatment of male officers but does not provide interpretive information about the statutory term 'identifying particular' as it relates to records.
  [ID: 00f0e5d1-7e52-452e-a223-3f974fb3a3a0] Reasoning: This sentence discusses the court identifying particular distinctions in declarations but does not provide interpretive information about the statutory term 'identifying particular' as it relates to records.
  [ID: c31b53bb-cc97-497e-a88a-8f3ab5bfaede] Reasoning: This sentence quotes the statute verbatim and does not add any interpretive meaning regarding the term 'identifying particular'.
  [ID: 7ad43f17-9a34-4016-bfdc-98fb65da8ae6] Reasoning: This sentence discusses land-status actions and does not relate to the phrase 'identifying particular' in the context of personal information or records as defined in the statute.
  [ID: 2725b1d8-38bb-4dc7-a426-0d9a55e8f0e1] Reasoning: This sentence refers to identifying particular inmates, which is related to identification but does not elaborate on the statutory context of personal records or information.
  [ID: 0341e70e-6d44-4479-989b-090427efc858] Reasoning: This sentence discusses the authority to issue subpoenas without identifying particular individuals, which is somewhat related but does not provide interpretive meaning about the statutory term 'identifying particular'.
  [ID: 7c9f5139-d054-4008-9ed7-b2b883262340] Reasoning: This sentence mentions identifying particular discovered information but does not relate to the statutory context of personal records or identifying particulars.
  [ID: 6cfa26b7-b8b8-476c-b30b-26e8a933a6e9] Reasoning: This sentence discusses the identification of particular legal documents but does not provide interpretive meaning related to the statutory definition of 'identifying particular'.
  [ID: ac78557b-bea5-4838-9a9d-52a1ef64e7ea] Reasoning: This sentence refers to identifying particular conduct relevant to a case but does not elaborate on the statutory meaning of 'identifying particular'.
  [ID: 71e42725-bbad-41f8-8349-b39941872edc] Reasoning: This sentence discusses identifying particular racketeering acts but does not relate to the statutory context of personal records or identifying particulars.
  [ID: bb196ef5-baaf-4044-92de-9af5f4903eb5] Reasoning: This sentence provides a definition of 'personally identifiable information' and explicitly states what it does not include, which adds interpretive meaning relevant to the phrase of interest.
  [ID: d41f800a-5541-407d-b519-e920069522e5] Reasoning: This sentence discusses identifying particular portions of testimony but does not relate to the statutory context of personal records or identifying particulars.
  [ID: 10bcf3ec-8cdc-4181-b989-a118ac414a10] Reasoning: This sentence discusses identifying particular misstatements or omissions but does not provide interpretive meaning related to the statutory definition of 'identifying particular'.
  [ID: a9868de6-22a3-413e-b94c-27c71c658ea0] Reasoning: This sentence mentions identifying particular findings but does not relate to the statutory context of personal records or identifying particulars.
  [ID: a5bdf6fd-5aa3-4d46-a0ab-7e1e6e2fe01a] Reasoning: This sentence discusses identifying particular constitutional or statutory provisions but does not provide interpretive meaning related to the statutory definition of 'identifying particular'.
  [ID: dc1a1c43-bfae-426f-8fae-310e5a11e436] Reasoning: This sentence discusses identifying particular entries but does not relate to the statutory context of personal records or identifying particulars.
  [ID: 858cd964-0af3-46be-8597-45d183629f2f] Reasoning: This sentence discusses identifying particular currency transactions but does not provide interpretive meaning related to the statutory definition of 'identifying particular'.
  [ID: 134439ac-bf98-46df-abc5-504e5de6bbc0] Reasoning: This sentence discusses identifying particular facts favorable to the plaintiff but does not relate to the statutory context of personal records or identifying particulars.
  [ID: 356a30bd-19c7-4fc2-b92d-5ab3e347f48b] Reasoning: This sentence discusses identifying particular instances in the record but does not provide interpretive meaning related to the statutory definition of 'identifying particular'.
  [ID: d953997d-fea1-4afe-83d5-35d53fd2cf84] Reasoning: This sentence discusses identifying particular individuals in the context of a complaint but does not provide interpretive meaning related to the statutory definition of 'identifying particular'.
  [ID: 7993e5d6-8d8d-417b-afae-bd4604821b42] Reasoning: This sentence discusses identifying particular social groups but does not relate to the statutory context of personal records or identifying particulars.
  [ID: 1303f2f0-bd32-4c1b-a248-85f7b3c3c165] Reasoning: This sentence discusses identifying particular check numbers in the context of subpoenas, which is somewhat related but does not provide interpretive meaning about the statutory term 'identifying particular'.
  [ID: d1dd23f4-172c-4f34-9b84-816bbf80956a] Reasoning: This sentence discusses identifying particular portions of testimony but does not relate to the statutory context of personal records or identifying particulars.
  [ID: 85b5c5ac-bd8a-4a8d-b4b2-8c360415ec68] Reasoning: This sentence discusses Congress identifying particular types of information but does not provide interpretive meaning related to the statutory definition of 'identifying particular'.
  [ID: 7e551da9-9bb6-4129-b36f-c8c32bcf3f26] Reasoning: This sentence discusses identifying particular individuals in the context of police descriptions but does not provide interpretive meaning related to the statutory definition of 'identifying particular'.
  [ID: 86d19a1a-bb7b-4b99-b01c-362c180420fb] Reasoning: This sentence discusses identifying particular employee groups but does not provide interpretive meaning related to the statutory definition of 'identifying particular'.
  [ID: bff56fa7-e0c5-4b53-b5ce-35588c8e8271] Reasoning: This sentence discusses identifying particular deficiencies in a legal context but does not provide interpretive meaning related to the statutory definition of 'identifying particular'.
  [ID: 90f1af53-9ffe-4128-baec-2b03a4b14c39] Reasoning: This sentence discusses identifying particular unposted positions but does not provide interpretive meaning related to the statutory definition of 'identifying particular'.
  [ID: cc5f69d5-8cab-4704-8033-a1c20c62fa25] Reasoning: This sentence discusses guidelines for identifying a system of records, which relates to the phrase of interest but does not provide new interpretive information about 'identifying particular' as defined in the statute.
  [ID: 1b0b3894-6437-4dc5-8987-942cfcbf9ff0] Reasoning: This sentence uses 'identify particular' in a different context related to false claims, which is not directly related to the statutory definition of 'identifying particular' in the Privacy Act.
  [ID: 13517446-212d-4061-ae9f-463501a6b364] Reasoning: Similar to the previous sentence, this one discusses identifying particular false claims in a legal context, which does not relate to the statutory meaning of 'identifying particular'.
  [ID: e03f2451-e512-47b6-9c25-f519de0651f7] Reasoning: This sentence discusses the failure to provide specifics that identify particular false claims, which is not relevant to the statutory definition of 'identifying particular'.
  [ID: 1695d1aa-ad7c-4829-8fff-dcf0fecdddc5] Reasoning: This sentence discusses the definition of a 'system of records' in relation to the Privacy Act, which is relevant but does not add new interpretive information about 'identifying particular'.
  [ID: fefdd635-2acd-4a29-bb3b-6ba6d12f14e6] Reasoning: This sentence discusses identifying particular contractual remedies, which is unrelated to the statutory meaning of 'identifying particular'.
  [ID: 69e7d529-f94a-41f4-ac5d-c14caa56b15b] Reasoning: This sentence discusses identifying particular aspects of a credit transaction, which does not relate to the statutory definition of 'identifying particular'.
  [ID: 10c72900-d32c-4b1d-a42b-3bcb878b484f] Reasoning: This sentence discusses identifying particular pieces of documentation in a legal context, which is not relevant to the statutory meaning of 'identifying particular'.
  [ID: 5def5d70-e282-4e03-a134-7ff954588b3a] Reasoning: This sentence discusses identifying particular documents in a legal context, which does not relate to the statutory definition of 'identifying particular'.
  [ID: cf6086ff-d7fd-4610-84e9-b8c47ddf8080] Reasoning: This sentence quotes the statutory definition of 'system of records', which does not add new interpretive information about 'identifying particular'.
  [ID: 8901bfc1-9b28-477a-8dd4-7223ee6544be] Reasoning: This sentence discusses identifying particular appliance models, which is unrelated to the statutory meaning of 'identifying particular'.
  [ID: 9fc33e6a-7be1-4dd7-ac6f-5d3fb17939a3] Reasoning: This sentence discusses personally identifiable information and its relation to identifying particular persons, which is somewhat relevant but does not provide new interpretive information.
  [ID: 2fff77bf-5c72-4183-a074-69efdb2bc3f5] Reasoning: This sentence discusses identifying particular documents in a legal context, which does not relate to the statutory definition of 'identifying particular'.
  [ID: 9d32f560-7b6a-43d4-b4e6-5de224b2e1f5] Reasoning: This sentence discusses identifying particular evidence in a legal context, which does not relate to the statutory definition of 'identifying particular'.
  [ID: 85e1b070-3c1f-4867-a8d8-725d171280b6] Reasoning: This sentence repeats the statutory definition of 'record', which does not add new interpretive information about 'identifying particular'.
  [ID: 2b4e8973-d3fe-4d37-b75e-5c3d0c66bdc6] Reasoning: This sentence discusses identifying particular funds in a legal context, which does not relate to the statutory definition of 'identifying particular'.
  [ID: 75fd8e1e-abea-485a-9ce3-d29101746006] Reasoning: This sentence discusses identifying particular advertising practices, which is unrelated to the statutory meaning of 'identifying particular'.
  [ID: d38194f9-d399-44a7-96c7-2993a7f87799] Reasoning: This sentence discusses identifying particular members in a legal context, which does not relate to the statutory definition of 'identifying particular'.
  [ID: 352fa821-db27-4bb7-9659-50066b1001c6] Reasoning: This sentence discusses identifying particular provisions of a contract, which is unrelated to the statutory meaning of 'identifying particular'.
  [ID: b6055400-5ed9-4fe2-846c-59c2892b9744] Reasoning: This sentence discusses identifying particular evidence in a legal context, which does not relate to the statutory definition of 'identifying particular'.
  [ID: 5bb33dd2-cfeb-483a-b03f-baee7ba5b889] Reasoning: This sentence discusses identifying particular disclosing events in a legal context, which does not relate to the statutory definition of 'identifying particular'.
  [ID: 72f59910-800f-4c78-8acb-f0cb70ff0ab4] Reasoning: This sentence repeats the statutory definition of 'system of records', which does not add new interpretive information about 'identifying particular'.
  [ID: 988f8c55-39c8-4910-a3f5-419d768c9e4d] Reasoning: This sentence discusses identifying particular examples in a legal context, which does not relate to the statutory definition of 'identifying particular'.
  [ID: 3aa8038f-6954-46da-8101-172460af185c] Reasoning: This sentence discusses identifying particular offenses in a legal context, which does not relate to the statutory definition of 'identifying particular'.
  [ID: f9ed5e04-2be5-4441-94ae-3d180496fcd7] Reasoning: This sentence discusses identifying particular advertisements in a legal context, which does not relate to the statutory definition of 'identifying particular'.
  [ID: ed85a327-0e37-4986-929a-6eaf2d67126b] Reasoning: This sentence discusses the 'rule of completeness' in a legal context but does not provide any interpretive information about the phrase 'identifying particular' as it relates to the statute.
  [ID: 5efffed2-ee32-448b-8728-6c5d53495b77] Reasoning: This sentence refers to 'identifying particular types of judgments or orders' but does not elaborate on the meaning of 'identifying particular' in the context of the statute.
  [ID: 3354f9c1-8049-44d6-928b-a3077d86eaf7] Reasoning: This sentence mentions 'identify particular property' but does not provide any interpretive information relevant to the statute's definition of 'record' or 'identifying particular'.
  [ID: 99c6906a-0f3e-46c8-9376-98513799677b] Reasoning: This sentence is a verbatim quote from a statute and does not add any interpretive value regarding 'identifying particular'.
  [ID: 61d77d0d-209b-4ce0-beff-d95caec35e8e] Reasoning: This sentence discusses 'identified particular circumstances' but does not relate to the phrase 'identifying particular' in the context of the statute.
  [ID: ef11bbff-afe3-4dcf-9ccc-e81e84b458b5] Reasoning: This sentence mentions 'identified particular reasons' but does not provide any interpretive information about the phrase 'identifying particular' as it relates to the statute.
  [ID: 139da08d-3375-43a4-b265-dbd73599c184] Reasoning: This sentence discusses the instruction's failure to 'identify particular facts' but does not elaborate on the meaning of 'identifying particular' in the context of the statute.
  [ID: 10b2cc18-cc8a-4140-b105-5dd5a3413101] Reasoning: This sentence refers to 'identified particular statements' but does not provide any interpretive information relevant to the statute's definition of 'record' or 'identifying particular'.
  [ID: 2e14a4af-95cb-4dbd-be62-279706e55a97] Reasoning: This sentence discusses the board's requirement to 'identify particular evidence' but does not elaborate on the meaning of 'identifying particular' in the context of the statute.
  [ID: 861f62cd-e606-4321-a4f4-3a55b07ebd5b] Reasoning: This sentence discusses 'identification' in a different context and does not provide any interpretive information about the phrase 'identifying particular' as it relates to the statute.
  [ID: 1746058c-4a95-41d0-b56b-db95c4f91d27] Reasoning: This sentence mentions 'identified particular employees' but does not provide any interpretive information relevant to the statute's definition of 'record' or 'identifying particular'.
  [ID: 59a8310a-79b7-47bb-ade0-c85725e03425] Reasoning: This sentence provides a definition of 'system' that includes 'identifying particular' but does not elaborate on its meaning in the context of the statute.
  [ID: 2fbcdee1-87c1-4e4c-b697-0fb13ee31a7d] Reasoning: This sentence discusses 'identifies particular enrollment thresholds' but does not provide any interpretive information about the phrase 'identifying particular' in the context of the statute.
  [ID: 4229f458-7d6c-4e80-954b-f0a1a8001ae0] Reasoning: This sentence refers to 'identified particular statements' but does not provide any interpretive information relevant to the statute's definition of 'record' or 'identifying particular'.
  [ID: 80f14581-b46c-4a9d-84f2-7d356e8bc6b8] Reasoning: This sentence discusses 'identifying particular species' but does not provide any interpretive information about the phrase 'identifying particular' as it relates to the statute.
  [ID: e1eec60c-0cda-4dc3-9ad2-9b3519c11c0d] Reasoning: This sentence discusses 'identify particular problems' but does not provide any interpretive information relevant to the statute's definition of 'record' or 'identifying particular'.
  [ID: 899bf512-6c57-44e9-847c-61f96fa3b044] Reasoning: This sentence is a repetition of a previous sentence and does not add any new interpretive information regarding 'identifying particular'.
  [ID: 979a9a7c-3f39-48e6-8a73-185776062ab0] Reasoning: This sentence mentions 'identify particular products' but does not provide any interpretive information relevant to the statute's definition of 'record' or 'identifying particular'.
  [ID: 0ecc602c-871a-44f0-8935-b4845e1d7253] Reasoning: This sentence discusses 'identified particular statements' but does not provide any interpretive information relevant to the statute's definition of 'record' or 'identifying particular'.
  [ID: f5fffde7-2f7a-4cbd-9d57-69a912278061] Reasoning: This sentence is a repetition of a previous sentence and does not add any new interpretive information regarding 'identifying particular'.
  [ID: 7cf03f96-c658-4bed-b8bd-981b92294b18] Reasoning: This sentence discusses 'identified particular areas' but does not provide any interpretive information relevant to the statute's definition of 'record' or 'identifying particular'.
  [ID: e9d99b53-02d2-43c7-9a81-122ebea084e0] Reasoning: This sentence discusses 'identify particular evidence' but does not provide any interpretive information relevant to the statute's definition of 'record' or 'identifying particular'.
  [ID: b2d35b35-bef5-4c6e-b5be-9042e0b8cc15] Reasoning: This sentence discusses 'identify particular actions' but does not provide any interpretive information relevant to the statute's definition of 'record' or 'identifying particular'.
  [ID: fdbdc98a-4dfa-4f8f-9c2e-99ca12b27047] Reasoning: This sentence discusses 'identify particular symptoms' but does not provide any interpretive information relevant to the statute's definition of 'record' or 'identifying particular'.
  [ID: efed4d59-2967-41b3-93e0-1c72b7afb2c2] Reasoning: This sentence discusses 'identify particular species' but does not provide any interpretive information relevant to the statute's definition of 'record' or 'identifying particular'.
  [ID: e067b4f4-06a6-4e86-801a-f80de649f2f9] Reasoning: This sentence discusses identifying particular property in a different context (trusts) and does not relate to the phrase of interest in the statute.
  [ID: c51db108-487c-491b-9bdf-630d14a15681] Reasoning: This sentence refers to identifying particular personal bonds in a legal context but does not provide interpretive information about the phrase of interest in the statute.
  [ID: 7d23a5bb-de43-4590-82a5-9fa74b331735] Reasoning: This sentence discusses identifying particular transactions in a legal objection context, which does not relate to the phrase of interest in the statute.
  [ID: b677639b-441b-4139-86a2-5eb336e8d692] Reasoning: This sentence discusses identifying particular trends in criminal history but does not provide direct interpretive information about the phrase of interest in the statute.
  [ID: fab5e3a7-ad5e-4742-8c4d-db9ef9b4815f] Reasoning: This sentence identifies particular types of competitive behavior, which is unrelated to the phrase of interest in the statute.
  [ID: 2228922b-aa4c-484a-9b97-b3be607b08a5] Reasoning: This sentence discusses a case where particular individuals were not identified, but it does not provide interpretive meaning related to the phrase of interest in the statute.
  [ID: fd63afcf-d903-42da-806a-4faf40ac3cc3] Reasoning: This sentence identifies particular contracts but does not relate to the phrase of interest in the statute.
  [ID: 3abe8570-ffdf-41b4-b148-615e85567adf] Reasoning: This sentence discusses identifying particular units in a legal context but does not provide interpretive information about the phrase of interest in the statute.
  [ID: 189cd991-384c-4400-adfc-cf69dab21c70] Reasoning: This sentence discusses trial courts not needing to identify particular sentencing factors, which does not relate to the phrase of interest in the statute.
  [ID: 3b2987a1-4e5b-42de-b3b9-1797c2e939c6] Reasoning: This sentence discusses the original claims not identifying particular benefits, which does not provide interpretive meaning related to the phrase of interest in the statute.
  [ID: b7715c2e-3d2a-422a-83e8-6714787379d9] Reasoning: This sentence discusses general and specific intent in relation to identifying particular crimes, but it does not provide direct interpretive information about the phrase of interest in the statute.
  [ID: c627ec86-8aed-452a-afc8-7fb43c74a88d] Reasoning: This sentence provides a definition of 'records' that includes the phrase of interest, offering explicit elaboration relevant to the statute.
  [ID: 0f0566e1-a71a-4e16-a661-2e66d10572b9] Reasoning: This sentence discusses identifying particular false statements but does not relate to the phrase of interest in the statute.
  [ID: 012a5078-3cf2-422a-4b9-45689c5b6977] Reasoning: This sentence discusses not needing to identify particular records, which does not provide interpretive meaning related to the phrase of interest in the statute.
  [ID: 47f4ab46-c462-45a5-89f6-71783879ec51] Reasoning: This sentence discusses identifying particular concerns regarding gang members but does not provide interpretive meaning related to the phrase of interest in the statute.
  [ID: 11309de4-282a-4062-832c-e128714b7ad4] Reasoning: This sentence discusses the trial court not identifying particular sentencing factors, which does not relate to the phrase of interest in the statute.
  [ID: 0efb984a-8624-48a2-961d-70c976698fbf] Reasoning: This sentence states that trial courts need not identify particular sentencing factors, which does not provide interpretive meaning related to the phrase of interest in the statute.
  [ID: 3876774b-f19e-4351-98a8-c10a9b294e86] Reasoning: This sentence discusses the instruction regarding identifying particular sentencing factors, which does not relate to the phrase of interest in the statute.
  [ID: 9e84feed-e4eb-4187-9449-425e3dbee164] Reasoning: This sentence discusses the trial court's actions regarding identifying particular proceedings, which does not provide interpretive meaning related to the phrase of interest in the statute.
  [ID: a2e3c294-e924-4a0d-bb9f-ca03fd002cb9] Reasoning: This sentence discusses trial courts not needing to identify particular sentencing factors, which does not relate to the phrase of interest in the statute.
  [ID: 7773dab7-f91a-4971-bd1c-9571c1904914] Reasoning: This sentence discusses general and specific intent in relation to identifying particular offenses, but it does not provide direct interpretive information about the phrase of interest in the statute.
  [ID: 1f42615c-50ee-43f5-8e34-742a570052cb] Reasoning: This sentence discusses identifying particular state and federal laws but does not provide interpretive meaning related to the phrase of interest in the statute.
  [ID: 3e8be745-a819-4ecf-9c17-f06c38911ff9] Reasoning: This sentence discusses studies indicating a need for additional facilities but does not provide interpretive meaning related to the phrase of interest in the statute.
  [ID: 0dac22e9-9e4e-4f61-abd0-3697055f4b87] Reasoning: This sentence discusses identifying particular processors but does not relate to the phrase of interest in the statute.
  [ID: 41ee2671-b3c7-4083-b767-2a523ecdada8] Reasoning: This sentence discusses identifying particular companies but does not provide interpretive meaning related to the phrase of interest in the statute.
  [ID: c248ba3e-6354-4fa0-8ec5-70f31e4ac066] Reasoning: This sentence discusses trial courts and their requirements regarding sentencing factors, which does not relate to the phrase 'identifying particular' in the context of the statute about records and identifying particulars about individuals.
  [ID: e5702e66-4107-4c9f-8ea1-34ca200ce66e] Reasoning: This sentence refers to a case where a plaintiff could not identify a particular manufacturer, but it does not provide interpretive information about the statutory term 'identifying particular' as it relates to records about individuals.
  [ID: e8599336-e4a8-4a82-b33b-4706f23f5576] Reasoning: This sentence discusses a provision that supplements a definition of public records by identifying particular records open to public inspection. It provides some interpretive context regarding the use of 'identifying particular' in a legal context, making it potentially useful.
  [ID: 0ce50b8c-669f-4b4a-b5ce-2e1eda064aa9] Reasoning: This sentence discusses statutes that identify particular facts as aggravating circumstances but does not elaborate on the meaning of 'identifying particular' in the context of the statute about records.
  [ID: dea7bfab-1efe-4f66-b517-ebb239cd84d4] Reasoning: This sentence mentions identifying particular concerns in a letter but does not provide any interpretive information relevant to the statutory context of identifying particulars about individuals.
  [ID: f8fc6e6f-8166-40df-aaba-4c351fec3759] Reasoning: This sentence discusses the court's failure to classify particular statements but does not provide any interpretive information about the statutory term 'identifying particular'.
  [ID: b729cff4-4fa5-413e-969a-22eac3c32c3a] Reasoning: This sentence discusses a products liability case where a plaintiff recognized a logo but does not provide interpretive meaning related to the statutory context of identifying particulars about individuals.
  [ID: 41d2453f-bc17-4e40-a597-56b2a9b1cc15] Reasoning: This sentence discusses an amendment related to identifying particular voters' ballots but does not provide interpretive information relevant to the statutory context of identifying particulars about individuals.
  [ID: 7ea7d658-9551-4e21-93b0-b7775e0cb154] Reasoning: This sentence discusses an amendment to remove language that allowed officials to identify particular ballots, but it does not provide interpretive information about the statutory term 'identifying particular' in the context of records.
  [ID: 0c2f6347-0b45-44d8-a760-3c8ea2e77e24] Reasoning: This sentence discusses identifying particular aggravating circumstances in a sentencing context but does not provide interpretive information relevant to the statutory context of identifying particulars about individuals.
  [ID: dd5353aa-19fa-4250-b73a-a51e4fe834fe] Reasoning: This sentence discusses the inability to identify particular dates or occasions of abuse, but it does not provide interpretive information relevant to the statutory context of identifying particulars about individuals.
  [ID: 139ac3f9-43a0-43df-a002-7cc994841efd] Reasoning: This sentence discusses factors that must be identified but does not provide interpretive information relevant to the statutory context of identifying particulars about individuals.
  [ID: c3085aec-b8e4-4c32-9034-d647833f3020] Reasoning: This sentence discusses various cases where locations were identified but does not provide interpretive information relevant to the statutory context of identifying particulars about individuals.
  [ID: 01a09d3a-b473-44a0-a782-d570d2e3a0a9] Reasoning: This sentence discusses transactions identified in an agreement but does not provide interpretive information relevant to the statutory context of identifying particulars about individuals.
  [ID: cc4327e7-af4a-4098-96fc-50014a5ff61d] Reasoning: This sentence is similar to a previous one discussing locations identified in cases but does not provide interpretive information relevant to the statutory context of identifying particulars about individuals.
  [ID: 0f0ee186-6762-44a4-8731-7fd14cdea275] Reasoning: This sentence discusses identifying particular investors but does not provide interpretive information relevant to the statutory context of identifying particulars about individuals.
  [ID: 0b22efca-80af-42eb-8165-4a8963b98225] Reasoning: This sentence contrasts cases regarding identifying particular categories of losses but does not provide interpretive information relevant to the statutory context of identifying particulars about individuals.
  [ID: 4bf7c109-d0a4-4a49-becd-73954cfbf4b4] Reasoning: This sentence discusses identifying particular losses covered by a payment but does not provide interpretive information relevant to the statutory context of identifying particulars about individuals.
  [ID: 73cc9cf3-64dd-4035-b7ba-8cbaf2632990] Reasoning: This sentence discusses the failure to identify particular dates of violations but does not provide interpretive information relevant to the statutory context of identifying particulars about individuals.
  [ID: 244158e5-678d-492b-9128-c639a0ffbe3a] Reasoning: This sentence discusses identifying particular statements and actions in a fraud context, which does not relate to the statutory definition of 'identifying particular' as it pertains to records maintained by an agency.
  [ID: 6ca08c5d-753f-4f09-9bc7-996872e41033] Reasoning: This sentence defines 'system of records' and relates to the retrieval of information by identifying particulars, which is relevant to the phrase of interest but does not elaborate on its meaning.
  [ID: 2c042543-e1ad-43ca-be93-e739e27a43e9] Reasoning: This sentence refers to identifying particular false claims in a legal context, which does not provide interpretive meaning related to the statutory definition of 'identifying particular'.
  [ID: b2e18d3a-e774-4b63-a3dc-90a5d9866afa] Reasoning: This sentence discusses the requirement for a plaintiff to provide detail to identify particular claims, which does not relate to the statutory definition of 'identifying particular' in the context of records.
  [ID: 417af1ff-d7bc-44c4-847e-74edbb005098] Reasoning: This sentence reiterates the need for plaintiffs to plead with particularity, which does not add interpretive meaning to the statutory phrase 'identifying particular'.
  [ID: 593f2b00-4cfb-4332-928b-ff25d2525a6b] Reasoning: This sentence emphasizes the need for particularity in pleading false claims, which does not provide interpretive meaning related to the statutory definition of 'identifying particular'.
  [ID: f8f882c6-73ab-469d-9718-9fa32739a470] Reasoning: This sentence discusses the sufficiency of detail in identifying false claims, which does not relate to the statutory definition of 'identifying particular'.
  [ID: 1ec7a90e-1f22-4760-bce7-8e00dee2185a] Reasoning: This sentence quotes the statutory definition of 'record', which includes 'identifying particular', but does not add any new interpretive information.
  [ID: ba0a2d00-02e8-4fcd-b032-037f736997da] Reasoning: This sentence discusses the court's observation regarding protective orders and does not relate to the statutory definition of 'identifying particular'.
  [ID: a5ec356b-3b81-4502-8fc2-2f35a7499abe] Reasoning: This sentence discusses the debtor's failure to identify particular documents, which does not relate to the statutory definition of 'identifying particular'.
  [ID: cd988a5d-c682-495f-be56-4a5bbd770b61] Reasoning: This sentence discusses the failure to identify particular false documents, which does not provide interpretive meaning related to the statutory definition of 'identifying particular'.
  [ID: b48bf44c-afe7-4b44-9180-398e0bf7b968] Reasoning: This sentence defines 'system of records' and relates to the retrieval of information by identifying particulars, which is relevant to the phrase of interest but does not elaborate on its meaning.
  [ID: 25ec6ee5-ccd8-4600-a06e-9217cf9ce91b] Reasoning: This sentence discusses identifying particular errors in tax returns, which does not relate to the statutory definition of 'identifying particular'.
  [ID: 3c38b7eb-90fa-4952-8d4b-09cf32957abd] Reasoning: This sentence discusses various cases and their requirements for particularity, which does not provide interpretive meaning related to the statutory definition of 'identifying particular'.
  [ID: 7a04eb2e-9d50-4903-a41d-418fe16e1734] Reasoning: This sentence discusses the need for specificity in identifying particular misrepresentations, which does not relate to the statutory definition of 'identifying particular'.
  [ID: d9878674-62f7-4ba6-b6dc-81c936c1b213] Reasoning: This sentence discusses the inability to identify particular patients in a medical context, which does not relate to the statutory definition of 'identifying particular'.
  [ID: 06dea4fa-b5c8-47a9-8184-770cd7b83d2c] Reasoning: This sentence discusses the requirement for plaintiffs to identify particular defendants and occasions, which does not relate to the statutory definition of 'identifying particular'.
  [ID: dbe1efbc-5692-4ba2-a1d1-92633819c581] Reasoning: This sentence discusses the instruction to identify particular prospective jurors, which does not relate to the statutory definition of 'identifying particular'.
  [ID: 273ecaf0-66c9-43bd-ae23-f1da001afa23] Reasoning: This sentence discusses identifying particular facts related to misleading statements, which does not relate to the statutory definition of 'identifying particular'.
  [ID: c4ceec3d-5d02-413d-8136-626e5e38a171] Reasoning: This sentence discusses the FAR and does not provide interpretive meaning related to the statutory definition of 'identifying particular'.
  [ID: ab82be3f-4a27-4cb9-8312-9b4c3acd1f91] Reasoning: This sentence discusses identifying particular uses of a photograph in a copyright context, which does not relate to the statutory definition of 'identifying particular'.
  [ID: 2712e5a0-e5ff-43f8-94c1-3792b8eff1e0] Reasoning: This sentence discusses identifying particular facts in a legal context, which does not relate to the statutory definition of 'identifying particular'.
  [ID: 15e24b69-a2a9-4ad5-ac79-c99d8e2acf1b] Reasoning: This sentence discusses identifying particular advertising practices, which does not relate to the statutory definition of 'identifying particular'.
  [ID: c699764a-92bb-449e-b9b2-41b436c51ce3] Reasoning: This sentence discusses identifying particular instances of unresponsiveness in a legal context, which does not relate to the statutory definition of 'identifying particular'.
  [ID: 2f4c0259-b7db-4fa7-9d44-bf44223ce7f7] Reasoning: This sentence discusses various cases and their requirements for identifying particulars, which does not provide interpretive meaning related to the statutory definition of 'identifying particular'.
  [ID: 1d1a3f19-4a43-4ca0-b915-f6a149f401b0] Reasoning: This sentence discusses identifying particular facts in a legal context but does not relate to the statutory definition of 'identifying particular' as it pertains to personal information maintained by an agency.
  [ID: 81616e3c-a0cb-476b-82eb-be27882031d9] Reasoning: This sentence uses 'identify particular' in a different context related to business problems, which does not connect to the statutory meaning of identifying particulars related to personal information.
  [ID: d85fa24d-8a14-4d77-9808-c7e990bfec2e] Reasoning: This sentence mentions identifying particular contractors but does not provide any interpretive information about the statutory term 'identifying particular' as it relates to personal information.
  [ID: 98878bf3-9536-4cfa-8833-569cf24754bf] Reasoning: This sentence discusses identifying particular areas of flood risk but does not relate to the statutory definition of 'identifying particular' in the context of personal information.
  [ID: adaa2d21-087d-46e6-a468-545ee8331f06] Reasoning: This sentence quotes the statute verbatim, providing no additional interpretive information about the term 'identifying particular'.
  [ID: 9b0e39c0-1d65-48ff-96c0-01260480065a] Reasoning: This sentence also quotes the statute verbatim, offering no new interpretive information regarding 'identifying particular'.
  [ID: 441b5f1a-fcbe-40de-918d-a6ce26cbf142] Reasoning: This sentence discusses identifying particular patients in a legal context but does not clarify the statutory meaning of 'identifying particular' related to personal information.
  [ID: 47d151fe-75b3-43ec-b1f3-95156cd0847b] Reasoning: This sentence refers to identifying particular consumers in a marketing context, which does not relate to the statutory definition of 'identifying particular' in terms of personal information.
  [ID: de877cb3-eaa8-4e69-9a0c-219a83fd06fa] Reasoning: This sentence discusses identifying particular communications but does not provide any interpretive information about the statutory term 'identifying particular' as it relates to personal information.
  [ID: 59502413-f5d4-4f86-8ba8-1b9caf8e46c2] Reasoning: This sentence mentions identifying particular criteria but does not relate to the statutory definition of 'identifying particular' in the context of personal information.
  [ID: fc5cac99-9d47-408b-a778-e79a032864b0] Reasoning: This sentence discusses identifying particular goods and services in a trademark context, which does not connect to the statutory meaning of 'identifying particular' related to personal information.
  [ID: ee5d3125-3b39-4ed7-a4be-e01c26ef65e6] Reasoning: This sentence refers to identifying particulars in a historical context related to seamen but does not clarify the statutory meaning of 'identifying particular' in terms of personal information.
  [ID: 4f49299f-97f4-47eb-8e4c-fb750c75182e] Reasoning: This sentence discusses identifying particular customers in a business context, which does not relate to the statutory definition of 'identifying particular' in terms of personal information.
  [ID: 8e9d1ccb-a1f3-4f40-8737-231aec5707bf] Reasoning: This sentence contains a fragment that mentions 'identifying particular' but does not provide any context or interpretive information related to the statutory definition.
  [ID: c5cbec02-a388-4c47-86e3-ba053e485736] Reasoning: This sentence discusses identifying particular factual findings but does not clarify the statutory meaning of 'identifying particular' related to personal information.
  [ID: d06e1fa7-4b15-4f06-95a4-523d149a924f] Reasoning: This sentence discusses identifying particular producers in a regulatory context but does not provide any interpretive information about the statutory term 'identifying particular' as it relates to personal information.
  [ID: e2d873e8-50e0-45f5-8a5d-d5ae87c06ec1] Reasoning: This sentence discusses identifying particular disclosing events in a legal context but does not clarify the statutory meaning of 'identifying particular' related to personal information.
  [ID: 7d350194-e2c7-4606-ab32-53ca46385bba] Reasoning: This sentence discusses identifying particular facts for jurisdictional purposes but does not relate to the statutory definition of 'identifying particular' in terms of personal information.
  [ID: 4860981b-956c-49bf-bb50-990586f91610] Reasoning: This sentence discusses identifying particular causes of action but does not clarify the statutory meaning of 'identifying particular' related to personal information.
  [ID: 662dc7c7-adf2-4fe7-89d1-5fefd11bb99a] Reasoning: This sentence discusses identifying particular transactions but does not provide any interpretive information about the statutory term 'identifying particular' as it relates to personal information.
  [ID: e0e45610-338a-4230-b0bd-640d1e7c09d2] Reasoning: This sentence discusses identifying particular causes of action based on law but does not clarify the statutory meaning of 'identifying particular' related to personal information.
  [ID: 3c837881-4895-4455-b376-af45febf05fd] Reasoning: This sentence discusses identifying particular assets in a business context but does not relate to the statutory definition of 'identifying particular' in terms of personal information.
  [ID: 097486e2-7a4c-440c-b527-881b3a38d539] Reasoning: This sentence discusses identifying particular examples of testimony in a legal context but does not clarify the statutory meaning of 'identifying particular' related to personal information.
  [ID: d408c53e-6b6d-47ee-9716-d8e1175f0da3] Reasoning: This sentence quotes the statute verbatim, providing no additional interpretive information about the term 'identifying particular'.
  [ID: f277a52f-ea66-4179-8174-9d39bbd01d79] Reasoning: This sentence defines 'system of records' in a way that relates to identifying particulars, but it does not provide new interpretive information about the statutory term itself.
  [ID: 5f3d950d-5ae3-4214-ac55-847c17e47718] Reasoning: This sentence discusses identifying particular sections of a plumbing code, which is unrelated to the statutory term 'identifying particular' as it pertains to personal information. Therefore, it adds no relevant interpretive value.
  [ID: 8869841f-d1d0-4dce-8feb-b2df7c85ee62] Reasoning: This sentence quotes the statute verbatim, providing no new interpretive information about the phrase 'identifying particular'.
  [ID: dc326803-b0a3-47a0-92af-dee3917ea29f] Reasoning: This sentence defines 'system of records' and includes the phrase 'identifying particular', but it does not provide new interpretive information beyond what is already stated in the statute.
  [ID: adabdffa-0a7d-43c0-a3e5-dcecf06b4030] Reasoning: This sentence uses 'identify particular' in a different context related to aircraft and boats, which is unrelated to the statutory meaning of 'identifying particular' as it pertains to personal information. Thus, it adds no relevant interpretive value.
  [ID: 19935f99-7682-471f-acc2-e8b99bc6d5da] Reasoning: This sentence discusses identifying particular components of an assembly, which is unrelated to the statutory term 'identifying particular' as it pertains to personal information. Therefore, it adds no relevant interpretive value.
  [ID: 171aedb2-29bd-4325-80a9-a163469387a2] Reasoning: This sentence identifies particular Delphi entities in a contract context, which does not relate to the statutory meaning of 'identifying particular' regarding personal information. Thus, it adds no relevant interpretive value.
  [ID: b60ef41d-5ae5-4c0b-814c-74e5bc2d95fe] Reasoning: This sentence discusses a legal case where plaintiffs failed to identify particular programs, which is unrelated to the statutory meaning of 'identifying particular' as it pertains to personal information. Therefore, it adds no relevant interpretive value.
  [ID: 37000602-d337-4a2e-ac81-86271cdb49a5] Reasoning: This sentence identifies particular legal services or expenses, which does not relate to the statutory meaning of 'identifying particular' regarding personal information. Thus, it adds no relevant interpretive value.
  [ID: 4b4661bd-60ca-4ff4-9e35-841b80139795] Reasoning: This sentence identifies particular routes, which is unrelated to the statutory meaning of 'identifying particular' as it pertains to personal information. Therefore, it adds no relevant interpretive value.
  [ID: 9c5fa477-f3ac-4edb-b342-b98e0217d3c1] Reasoning: This sentence discusses identifying particular park areas, which is unrelated to the statutory meaning of 'identifying particular' as it pertains to personal information. Thus, it adds no relevant interpretive value.
  [ID: 86c75a7d-2549-4a3b-b8a1-99c347e17b25] Reasoning: This sentence identifies particular vaccines and associated symptoms, which is unrelated to the statutory meaning of 'identifying particular' as it pertains to personal information. Therefore, it adds no relevant interpretive value.
  [ID: e6b4ae83-78d9-498f-bb96-37d1c76fdda4] Reasoning: This sentence identifies particular incidents involving command officers, which is unrelated to the statutory meaning of 'identifying particular' as it pertains to personal information. Thus, it adds no relevant interpretive value.
  [ID: e44054c6-26ca-4e40-9503-ffe645c1ea22] Reasoning: This sentence discusses identifying particular non-profit organizations, which is unrelated to the statutory meaning of 'identifying particular' as it pertains to personal information. Therefore, it adds no relevant interpretive value.
  [ID: 6be69007-349b-4e75-9237-7b23a971f9bc] Reasoning: This sentence discusses identifying particular records subpoenaed by the Federal Grand Jury, which is unrelated to the statutory meaning of 'identifying particular' as it pertains to personal information. Thus, it adds no relevant interpretive value.
  [ID: 356348bd-2544-488c-b0c7-16c2a6b940dd] Reasoning: This sentence quotes the statute verbatim, providing no new interpretive information about the phrase 'identifying particular'.
  [ID: a4c3ed18-9d55-4a6e-afce-1e1b9544d0b7] Reasoning: This sentence discusses a broad test for defining a 'record' and mentions 'identifying particular', but it does not provide new interpretive information beyond what is already stated in the statute.
  [ID: d9917ab3-664a-456c-bb35-06dfc24abe9a] Reasoning: This sentence defines 'system of records' and includes the phrase 'identifying particular', but it does not provide new interpretive information beyond what is already stated in the statute.
  [ID: 48ff2515-32b0-44e4-92ff-cc07ea179f5a] Reasoning: This sentence discusses the applicability of provisions of the Act to 'records' maintained by an agency, which does not provide new interpretive information about 'identifying particular' beyond what is already stated in the statute.
  [ID: f20bae89-9848-4200-abc1-836278dda41b] Reasoning: This sentence discusses a legal case and mentions identifying particular facts, which is unrelated to the statutory meaning of 'identifying particular' as it pertains to personal information. Therefore, it adds no relevant interpretive value.
  [ID: 51d0a208-5907-4270-96d6-521a1d03eaed] Reasoning: This sentence discusses the information that may be disclosed and includes the phrase 'identifying particular', but it does not provide new interpretive information beyond what is already stated in the statute.
  [ID: 90d454ab-437d-4334-995e-7b334b479a27] Reasoning: This sentence discusses identifying particular facts in a misleading opinion context, which is unrelated to the statutory meaning of 'identifying particular' as it pertains to personal information. Therefore, it adds no relevant interpretive value.
  [ID: 3b55e7af-88c1-46a7-aa87-303fb774797a] Reasoning: This sentence is a verbatim quote of the statute, providing no new interpretive information about the phrase 'identifying particular'.
  [ID: 1304afd9-8eda-4013-aa4c-849389f953ff] Reasoning: This sentence discusses the definition of 'system of records' and includes the phrase 'identifying particular', but it does not provide new interpretive information beyond what is already stated in the statute.
  [ID: 33b8e4ba-4961-4f54-a31e-41b4896c6c34] Reasoning: This sentence quotes the statute verbatim, providing no new interpretive information about the phrase 'identifying particular'.
  [ID: 8c7bfc5f-9085-486b-af5e-8dba74c37589] Reasoning: This sentence defines 'system of records' and includes the phrase 'identifying particular', but it does not provide new interpretive information beyond what is already stated in the statute.
  [ID: ef82dc37-3921-4fac-8136-020c869dfe49] Reasoning: This sentence discusses restrictions on the Company's use of funds but does not relate to the phrase 'identifying particular' in a meaningful way. It does not provide any interpretive information about the statutory term.
  [ID: e2d2cb98-fe28-448d-a507-2ad990262acf] Reasoning: This sentence mentions the need to identify particular relationships for legal rights but does not elaborate on the meaning of 'identifying particular' in the context of the statute. It is not directly relevant to the statutory term.
  [ID: 6cab5b11-85ac-42f5-bfbd-a8e4f2740c1e] Reasoning: This sentence requires identifying particular 'disclosing events' but does not clarify or elaborate on the statutory term 'identifying particular'. It does not provide new interpretive information.
  [ID: 9d0f2d7a-8030-42e0-8adf-feb3254b3705] Reasoning: This sentence discusses particulars about shareholders but does not provide interpretive meaning related to the statutory term 'identifying particular'. It is not relevant to the statute's context.
  [ID: 7b729799-d32b-4eb2-8011-16018da043c7] Reasoning: This sentence refers to identifying particular contexts for mandatory withdrawal but does not elaborate on the statutory term 'identifying particular'. It lacks interpretive value.
  [ID: 9af80112-e106-4e69-bb6d-a33d5f669f73] Reasoning: This sentence mentions identifying particular passengers but does not provide any interpretive information about the statutory term 'identifying particular'. It is not relevant.
  [ID: f598706e-cb65-48e6-ad67-e80d1da1df8f] Reasoning: This sentence discusses identifying particular factors in a legal context but does not clarify the meaning of 'identifying particular' as used in the statute. It lacks interpretive value.
  [ID: 051b4ad0-1a4d-4f51-ba69-42c1a8b5a03f] Reasoning: This sentence identifies particular governmental actions but does not provide interpretive meaning related to the statutory term 'identifying particular'. It does not clarify the statute's context.
  [ID: e904f450-b471-4399-8fdd-11a3c5671652] Reasoning: This sentence refers to identifying particular circumstances regarding government employees but does not elaborate on the statutory term 'identifying particular'. It lacks interpretive value.
  [ID: 38cfe9cb-a560-4b56-89be-3faceaf785fc] Reasoning: This sentence discusses identifying particular firearms in an indictment but does not provide interpretive meaning related to the statutory term 'identifying particular'. It is not relevant.
  [ID: ee380545-595e-42b3-8a8c-1e5c463bdeba] Reasoning: This sentence mentions identifying particular covenants but does not clarify or elaborate on the statutory term 'identifying particular'. It lacks interpretive value.
  [ID: 32b8c2f4-4c81-4c4d-9bbb-174339720943] Reasoning: This sentence refers to identifying particular spill locations but does not provide interpretive meaning related to the statutory term 'identifying particular'. It is not relevant.
  [ID: 4159373d-bda2-4e94-bb58-8e0b5a200915] Reasoning: This sentence discusses a nuclease enzyme identifying particular base sequences but does not relate to the statutory term 'identifying particular' in a legal context. It lacks relevance.
  [ID: 8ef0a717-09d8-4e7a-b7de-bd27fa27aee5] Reasoning: This sentence discusses identifying particular property but does not provide interpretive meaning related to the statutory term 'identifying particular'. It lacks relevance.
  [ID: 93237e64-b9ab-47e1-a597-f75803df0add] Reasoning: This sentence discusses identifying particular ICE employees but does not clarify or elaborate on the statutory term 'identifying particular'. It lacks interpretive value.
  [ID: 9b55140e-1719-407f-990e-80b207de1576] Reasoning: This sentence discusses identifying particular staff members but does not provide interpretive meaning related to the statutory term 'identifying particular'. It lacks relevance.
  [ID: 7e87213e-7408-469a-92b8-a9747e4b0a48] Reasoning: This sentence discusses identifying particular trades but does not clarify or elaborate on the statutory term 'identifying particular'. It lacks interpretive value.
  [ID: 3d88f5e7-f1ef-48f0-9970-b7c6e441ec7f] Reasoning: This sentence discusses identifying particular instances of misconduct but does not provide interpretive meaning related to the statutory term 'identifying particular'. It lacks relevance.
  [ID: f86c463a-5c69-46f1-badc-e906aee0e85d] Reasoning: This sentence discusses identifying particular problems in reactor safety but does not clarify or elaborate on the statutory term 'identifying particular'. It lacks interpretive value.
  [ID: 39360443-f3a9-4eb9-aaca-027368823819] Reasoning: This sentence discusses identifying particular employees but does not provide interpretive meaning related to the statutory term 'identifying particular'. It lacks relevance.
  [ID: 0a711d9c-2de1-48a4-b822-f3e3a307888f] Reasoning: This sentence discusses identifying particular dates of discrimination but does not clarify or elaborate on the statutory term 'identifying particular'. It lacks interpretive value.
  [ID: 674de26b-660f-48ab-80e1-01a13c6b508e] Reasoning: This sentence discusses identifying particular causes of action but does not provide interpretive meaning related to the statutory term 'identifying particular'. It lacks relevance.
  [ID: 0e3b7fda-95e4-4e26-a7a1-d7af92b800d9] Reasoning: This sentence discusses identifying particular calls in a legal context but does not clarify or elaborate on the statutory term 'identifying particular'. It lacks interpretive value.
  [ID: 3cc140bc-33f5-4f57-935e-8cb3a5612e07] Reasoning: This sentence discusses identifying particular allegations but does not provide interpretive meaning related to the statutory term 'identifying particular'. It lacks relevance.
  [ID: 668cc308-73a0-40b8-be84-0550ee1359a9] Reasoning: This sentence discusses identifying particular acts of counsel but does not clarify or elaborate on the statutory term 'identifying particular'. It lacks interpretive value.
  [ID: 769b81a4-9b44-4851-8b49-363b77935065] Reasoning: This sentence defines a system of records in relation to the phrase of interest, but it does not provide new interpretive information beyond what is already stated in the statute.
  [ID: a21820ce-72c7-4274-9512-2b8b2712b9b1] Reasoning: This sentence discusses a specific case involving the Kelleys and their report, but it does not provide new interpretive information about the phrase 'identifying particular' beyond what is stated in the statute.
  [ID: edc52109-f8c3-473a-96b7-8228c75d0bc0] Reasoning: This sentence discusses the identification of particular attorneys under investigation, but it does not elaborate on the meaning of 'identifying particular' in the context of the statute.
  [ID: e26fa66a-bf6b-43b0-9af9-d4f60c166376] Reasoning: This sentence mentions the requirement to identify particular harms but does not provide interpretive information about the phrase 'identifying particular' as defined in the statute.
  [ID: b619242d-8aa0-4ddf-ae5d-d097f2a85e37] Reasoning: This sentence discusses the identification of particular corroborating evidence but does not clarify the meaning of 'identifying particular' in the context of the statute.
  [ID: 79f1e17a-ffb4-45f5-9586-34f6a66a87d1] Reasoning: This sentence refers to the need to identify particular jobs but does not provide interpretive information about the phrase 'identifying particular' as used in the statute.
  [ID: 4df27db9-6112-4c67-b5a4-ad6fd03fec40] Reasoning: This sentence discusses the failure to identify particular items in a request but does not elaborate on the meaning of 'identifying particular' in the context of the statute.
  [ID: c3dee837-52d9-414b-8f21-ec343c422baf] Reasoning: This sentence mentions identifying particular factors but does not provide interpretive information about the phrase 'identifying particular' as defined in the statute.
  [ID: 3ba6afbe-3bbe-42cc-bb46-398924db3112] Reasoning: This sentence discusses identifying particular pharmaceuticals but does not clarify the meaning of 'identifying particular' in the context of the statute.
  [ID: 9fecac80-2487-4682-9e8f-577730021854] Reasoning: This sentence is a heading and does not provide any interpretive information about the phrase 'identifying particular' as defined in the statute.
  [ID: 24fd5a54-1851-4c91-9e7f-720dcb6c7f26] Reasoning: This sentence discusses the identification of particular pieces of documentation but does not provide new interpretive information about the phrase 'identifying particular' in the context of the statute.
  [ID: 0fcf962f-b92a-4b87-a2fd-0c4db67b0b3b] Reasoning: This sentence discusses the identification of particular relevant information but does not clarify the meaning of 'identifying particular' in the context of the statute.
  [ID: 89f4dd4e-c26f-4c0f-aaac-8446e89212b0] Reasoning: This sentence mentions identifying particular applications but does not provide interpretive information about the phrase 'identifying particular' as defined in the statute.
  [ID: 5c88107a-6db3-4d88-b608-ac4afe0c549d] Reasoning: This sentence discusses the argument regarding the identification of particular lots of products but does not clarify the meaning of 'identifying particular' in the context of the statute.
  [ID: e7cb0dd8-a428-4879-a55e-e92c9a42c2b8] Reasoning: This sentence discusses the requirement for plaintiffs to identify particular defendants but does not provide interpretive information about the phrase 'identifying particular' in the context of the statute.
  [ID: 833b917f-9744-4eca-b947-12bf42c3a18a] Reasoning: This sentence repeats the definition of 'record' from the statute and does not add any new interpretive information about the phrase 'identifying particular'.
  [ID: ef0ae6e9-cf6e-4854-a2b0-9e5023582da0] Reasoning: This sentence defines 'system of records' similarly to the statute and does not provide new interpretive information about the phrase 'identifying particular'.
  [ID: 55015bd7-ecda-4529-88ed-060b627c5d96] Reasoning: This sentence discusses the need to identify particular false claims but does not provide interpretive information about the phrase 'identifying particular' in the context of the statute.
  [ID: 35e33321-a217-4dac-bd64-ab1486b82f7b] Reasoning: This sentence discusses various tendencies of witnesses but does not provide interpretive information about the phrase 'identifying particular' in the context of the statute.
  [ID: 5400e911-eab1-4117-b011-2a43b0fb1f14] Reasoning: This sentence discusses identifying particular elements in a claim chart but does not clarify the meaning of 'identifying particular' in the context of the statute.
  [ID: 12a79e48-a555-4d8b-a395-62718b21ded4] Reasoning: This sentence repeats the definition of 'system of records' and does not provide new interpretive information about the phrase 'identifying particular'.
  [ID: 121c6998-0c72-4acd-a216-206ac341ef95] Reasoning: This sentence discusses the inability to identify particular goods but does not provide interpretive information about the phrase 'identifying particular' in the context of the statute.
  [ID: e65cdd6e-16db-4bc5-98d6-d17c007b191f] Reasoning: This sentence repeats the definition of 'system of records' and does not provide new interpretive information about the phrase 'identifying particular'.
  [ID: 165ae014-fe88-4f74-917a-61a8100d5b8a] Reasoning: This sentence repeats the definition of 'record' from the statute and does not add any new interpretive information about the phrase 'identifying particular'.
  [ID: ef4878c9-e4e9-45ee-b952-1549d4e5d083] Reasoning: This sentence discusses the requirements for information to qualify as a record but does not provide interpretive information about the phrase 'identifying particular' in the context of the statute.
  [ID: 142872c0-5a83-4d53-93b2-6bac7ee0a408] Reasoning: This sentence discusses identifying particular inventions, which is unrelated to the statutory context of identifying particulars related to individuals. Thus, it does not add relevant interpretive information.
  [ID: 2f71c790-4028-49fc-b50a-bb0505be41a8] Reasoning: This sentence refers to identifying particular false claims for payment, which is a different context and does not relate to the statutory meaning of identifying particulars about individuals.
  [ID: aa8c2372-10d7-4ffc-b1a3-7779cfaa34fb] Reasoning: This sentence quotes the statute verbatim, providing no new interpretive information about the phrase of interest.
  [ID: b6eb64cd-d69e-4842-a196-69082738eae8] Reasoning: This sentence also quotes the statute verbatim regarding the definition of a system of records, adding no new interpretive information.
  [ID: fd65853b-12ec-41a9-aaf1-af0aff2ae7e1] Reasoning: This sentence discusses the adequacy of class definitions and does not relate to the statutory meaning of identifying particulars about individuals.
  [ID: 470c2fdb-ca7e-407e-94bb-8bde51a6dc3e] Reasoning: This sentence discusses the Secretary's decision regarding disclosure and does not provide relevant interpretive information about identifying particulars in the context of the statute.
  [ID: d7189739-f021-467b-b852-0a97c3987df1] Reasoning: This sentence discusses the grand jury's requirements and does not relate to the statutory meaning of identifying particulars about individuals.
  [ID: deb0a36b-4dc5-48f5-a8cd-f8b2fc5ad11b] Reasoning: This sentence refers to redactions of information identifying particular individuals, which is somewhat related but does not provide explicit interpretive information about the statutory term.
  [ID: be1ab146-b214-4b67-827e-87ef39cfeb3a] Reasoning: This sentence discusses identifying particular subscriber Plaintiffs, which is a different context and does not relate to the statutory meaning of identifying particulars about individuals.
  [ID: 14cb4e8b-b4b6-4b7f-a419-17b914f540c0] Reasoning: This sentence quotes the statute verbatim, providing no new interpretive information about the phrase of interest.
  [ID: 14659024-1aa5-465b-bc3d-257ba41b4e25] Reasoning: This sentence quotes the statute verbatim regarding the definition of a system of records, adding no new interpretive information.
  [ID: 1670c5c2-ad7a-42e9-9f63-c3f0a4e88ac8] Reasoning: This sentence provides a contrast between the definitions of record and system of records, which adds some interpretive value regarding the phrase of interest.
  [ID: e22acaf5-f186-4b13-9f41-fcc64d4ce536] Reasoning: This sentence discusses contentions that do not identify particular statements, which is somewhat related but does not provide explicit interpretive information about the statutory term.
  [ID: b6dde776-a72e-4326-b9e8-c492c061e618] Reasoning: This sentence quotes the definition of a system of records, providing no new interpretive information about the phrase of interest.
  [ID: b2f1f323-29b2-451b-970e-dc63d0a85188] Reasoning: This sentence discusses the agency's response regarding identifying particulars used in determining records, which is somewhat related but does not provide explicit interpretive information about the statutory term.
  [ID: 75bd86a8-098d-445c-b217-6788ef4812c8] Reasoning: This sentence discusses the necessity for an individual to have the agency search its files using identifying particulars, which is somewhat related but does not provide explicit interpretive information about the statutory term.
  [ID: a2196165-7698-45de-925a-3406cd649907] Reasoning: This sentence discusses the Air Force's conclusion regarding identifying particulars used in searching files, which is somewhat related but does not provide explicit interpretive information about the statutory term.
  [ID: 0c203e78-5c53-4f97-9681-edee5a541e48] Reasoning: This sentence discusses the necessity of identifying particulars in determining the existence of a system of records, which is somewhat related but does not provide explicit interpretive information about the statutory term.
  [ID: be6498c7-c3a6-417c-b710-63d7731d0ef8] Reasoning: This sentence discusses the need for identifying particulars used by the agency to locate records, which is somewhat related but does not provide explicit interpretive information about the statutory term.
  [ID: 11b76bb4-ddff-4b42-8adb-bc051c086c8d] Reasoning: This sentence discusses identifying particular manufacturers or television models, which is unrelated to the statutory context of identifying particulars related to individuals.
  [ID: 5ec2433b-9e4c-404c-8e19-b864bdd9c577] Reasoning: This sentence discusses the Commission's judgment regarding identifying particular manufacturers, which is unrelated to the statutory context of identifying particulars related to individuals.
  [ID: 322a63a6-21a2-482d-a2c0-c4faf5c1b464] Reasoning: This sentence discusses the distinction between products and does not relate to the statutory meaning of identifying particulars about individuals.
  [ID: 59ddf30b-13f8-48c0-af63-29754f353bd1] Reasoning: This sentence discusses the protection of return information and does not relate to the statutory meaning of identifying particulars about individuals.
  [ID: 5a2940b6-e97a-4f8b-86d5-77b4e37d3248] Reasoning: This sentence discusses identifying particular defendants in the context of an indictment, which is unrelated to the statutory context of identifying particulars related to individuals.
  [ID: e7019740-58f3-401e-bafd-3ef73a7fed8c] Reasoning: This sentence discusses identifying particular acts and omissions of counsel, which is unrelated to the statutory context of identifying particulars related to individuals.
  [ID: bfecee7c-b4a1-4eb3-a252-afd6ba82240e] Reasoning: This sentence uses the phrase 'identify particular' but does not relate to the statutory definition of 'record' or its context. It discusses elements of proof in a motion, which is unrelated to the meaning of the phrase in the statute.
  [ID: 0afa9543-3166-43c4-9a1e-c37b8878b010] Reasoning: This sentence discusses identifying particular packages of cigarettes, which is unrelated to the statutory context of identifying individuals or their records. It does not provide interpretive information about the phrase of interest.
  [ID: c93b27c1-2cbc-4d53-b052-0922da59a555] Reasoning: This sentence mentions 'identified particular circumstances' but does not elaborate on the meaning of 'identifying particular' in the context of the statute. It is not relevant to the statutory definition.
  [ID: 3d00f4d7-e821-4301-914e-c20ba341a242] Reasoning: This sentence discusses identifying particular documents and conversations in a legal context, but it does not clarify or elaborate on the statutory meaning of 'identifying particular' as it relates to records.
  [ID: ea6050b7-ced1-45b6-b1ce-fb36975df226] Reasoning: This sentence discusses the potential for linking information to specific individuals but does not provide a clear interpretation of 'identifying particular' in the context of the statute. It implies boundaries but lacks explicit elaboration.
  [ID: 6c5e5699-a347-4244-85c0-85b68f5e6c19] Reasoning: This sentence discusses identifying particular conversations in relation to wiretapping, which is a different context than the statutory definition of 'record'. It does not clarify the meaning of 'identifying particular' as used in the statute.
  [ID: a29c2a3b-555b-4acd-9a73-0108a22422cd] Reasoning: This sentence discusses identifying particular third parties in a legal context but does not provide interpretive information about the statutory phrase 'identifying particular'. It is not relevant to the statute's meaning.
  [ID: e4392d03-6785-420a-a17d-907b07b2f1d8] Reasoning: This sentence closely paraphrases the statute's definition of 'record', including the phrase 'identifying particular'. It does not add any new interpretive information.
  [ID: 6303f12e-6925-496a-8583-88a668b9ae56] Reasoning: This sentence discusses identifying particular types of matters exempted from disclosure, which is a different context than the statutory definition of 'record'. It does not clarify the meaning of 'identifying particular'.
  [ID: cb0b329e-46b2-4665-970e-b547166933de] Reasoning: This sentence discusses identifying particular dates in a legal context, which does not relate to the statutory definition of 'record' or the phrase 'identifying particular'.
  [ID: a0b682b0-6eeb-40cb-a4af-73ddbf824923] Reasoning: This sentence is a verbatim quote of the statute defining 'record', including the phrase 'identifying particular'. It does not add any new interpretive information.
  [ID: 2dcdfb75-ea28-4262-bfdc-92394d5530ab] Reasoning: This sentence defines 'system of records' and includes the phrase 'identifying particular', but it does not provide new interpretive information about the statutory term 'record'.
  [ID: 3e31a4f3-4e59-4dd8-bbfa-24659e96af9a] Reasoning: This sentence discusses identifying particular horses in a different context, which does not relate to the statutory definition of 'record' or the phrase 'identifying particular'.
  [ID: ff35d8fe-cda4-4cd7-acfd-5a6f6f0eb46f] Reasoning: This sentence discusses identifying particular sites in a legal context but does not clarify or elaborate on the statutory meaning of 'identifying particular' as it relates to records.
  [ID: e486debf-4fd3-42e6-94c4-578a6d7e96f9] Reasoning: This sentence discusses limiting the scope of interrogatories to delete the requirement to identify particular tapes, which does not relate to the statutory definition of 'record' or the phrase 'identifying particular'.
  [ID: 3d5d873b-51f5-4620-8c54-20b447951c97] Reasoning: This sentence discusses identifying particular acts of abuse in a legal context but does not provide interpretive information about the statutory phrase 'identifying particular'.
  [ID: 2de5e90b-9661-4880-b16c-ee2ad775bc86] Reasoning: This sentence discusses identifying particular statements made by a prosecutor, which is unrelated to the statutory definition of 'record' or the phrase 'identifying particular'.
  [ID: b032c7fd-893a-4cb7-a125-40d32da6edef] Reasoning: This sentence discusses identifying particular acts or omissions of a lawyer, which does not relate to the statutory definition of 'record' or the phrase 'identifying particular'.
  [ID: 70fea336-9b14-472f-9587-4845526a52ed] Reasoning: This sentence is a repeat of the previous one, discussing identifying particular acts or omissions of a lawyer, which does not relate to the statutory definition of 'record' or the phrase 'identifying particular'.
  [ID: f4d3b26c-6b01-4bd5-ba7f-257fde00451e] Reasoning: This sentence is a repeat of the previous two, discussing identifying particular acts or omissions of a lawyer, which does not relate to the statutory definition of 'record' or the phrase 'identifying particular'.
  [ID: e0665677-fc62-46c2-aa94-d30e11fdf91a] Reasoning: This sentence is a verbatim quote of the statute defining 'record', including the phrase 'identifying particular'. It does not add any new interpretive information.
  [ID: 1f82b518-d62f-42bf-8309-742ab319ddac] Reasoning: This sentence discusses identifying particular citizens for jury summons, which is unrelated to the statutory definition of 'record' or the phrase 'identifying particular'.
  [ID: 7df5615e-47d2-4ed1-a00a-f70d042bd006] Reasoning: This sentence discusses identifying particular acts or omissions by counsel, which does not relate to the statutory definition of 'record' or the phrase 'identifying particular'.
  [ID: fd12d6a0-7fb1-490e-b1c1-7d29266b3f17] Reasoning: This sentence is a repeat of the previous one, discussing identifying particular acts or omissions by counsel, which does not relate to the statutory definition of 'record' or the phrase 'identifying particular'.
  [ID: a4af692b-be39-4663-a12e-481d36185324] Reasoning: This sentence discusses identifying particular critical physical evidence for examination, which is unrelated to the statutory definition of 'record' or the phrase 'identifying particular'.
  [ID: a9b37873-996c-4fed-b312-e841781a69f1] Reasoning: This sentence discusses the phrase 'identify particular' in a different context related to fairness, which does not relate to the statutory definition of 'identifying particular' as it pertains to records about individuals.
  [ID: cffa3664-3e39-4b8f-9406-50e1b0048d48] Reasoning: This sentence uses 'identify particular' in a context unrelated to the statutory definition, focusing instead on market problems for a business.
  [ID: 2c9f10e6-a6e9-4486-9d9a-89a57ef72303] Reasoning: This sentence discusses identifying particular witnesses in a trial context, which does not relate to the statutory meaning of 'identifying particular' as it pertains to records about individuals.
  [ID: 3b796de9-1aa2-4be5-9def-5193a338c00e] Reasoning: This sentence provides a definition of 'system of records' that includes the phrase 'identifying particular', which is relevant to the statutory context and adds interpretive meaning.
  [ID: 925eff23-bfd6-4e00-9056-bf3e63cbe28d] Reasoning: This sentence discusses identifying particular items in a context unrelated to the statutory definition, focusing instead on burdens during searches.
  [ID: 483df64a-4ece-4e9f-bfd4-43ed5263d63d] Reasoning: This sentence mentions identifying particular evidence in a legal context, but it does not relate to the statutory meaning of 'identifying particular' as it pertains to records about individuals.
  [ID: bdd7acc5-41fc-4f80-99ce-1a5d0389101d] Reasoning: This sentence discusses identifying particular conversations in the context of wiretapping, which does not relate to the statutory definition of 'identifying particular' as it pertains to records about individuals.
  [ID: f2a29128-cbe4-4615-a32a-c26f94fdb1c6] Reasoning: This sentence discusses identifying particular significant evidence in a legal context, but it does not relate to the statutory meaning of 'identifying particular' as it pertains to records about individuals.
  [ID: e931b6a1-3ca8-4a38-8586-42ac8a6c9f5f] Reasoning: This sentence discusses identifying particular advertising practices appealing to youth, which does not relate to the statutory definition of 'identifying particular' as it pertains to records about individuals.
  [ID: d7f97885-b981-4f73-8a76-d156a7131873] Reasoning: This sentence discusses identifying particular calls in the context of wiretapping, which does not relate to the statutory definition of 'identifying particular' as it pertains to records about individuals.
  [ID: cf00ccfa-99fd-476a-b53c-0477af5dc9b4] Reasoning: This sentence discusses identifying particular individuals in the context of criminal records, which is somewhat related but does not provide new interpretive information about the statutory term.
  [ID: c2bb6813-1926-4429-812c-6d77cf007230] Reasoning: This sentence discusses the requirements for records to qualify as Sussman's records, which relates to the statutory definition and adds interpretive meaning.
  [ID: aa6e66cb-ad98-4e73-a8a8-19ce0abfed0b] Reasoning: This sentence provides a definition of 'system of records' that includes the phrase 'identifying particular', which is relevant to the statutory context and adds interpretive meaning.
  [ID: 38df78d5-162c-4acd-b5c8-d491d5898b04] Reasoning: This sentence provides a definition of 'system of records' that includes the phrase 'identifying particular', which is relevant to the statutory context and adds interpretive meaning.
  [ID: 345d8724-380a-459b-9f47-e97318242622] Reasoning: This sentence discusses identifying particular conversations in the context of legal proceedings, which does not relate to the statutory definition of 'identifying particular' as it pertains to records about individuals.
  [ID: 56ca8ce8-0a8f-4dbc-a2bb-4842d728af5b] Reasoning: This sentence discusses identifying particular allegations in a legal context, but it does not relate to the statutory meaning of 'identifying particular' as it pertains to records about individuals.
  [ID: bd68d715-2202-4f40-9359-59c899de3df9] Reasoning: This sentence discusses identifying particular clinicians or physicians in the context of privilege concerns, which does not relate to the statutory definition of 'identifying particular' as it pertains to records about individuals.
  [ID: 20267960-782f-4754-a74a-c0a2ccda17f0] Reasoning: This sentence discusses identifying particular pieces of evidence in a legal context, but it does not relate to the statutory meaning of 'identifying particular' as it pertains to records about individuals.
  [ID: 4443e88f-fdf3-4a55-ab0c-bd2ed9ce9f8e] Reasoning: This sentence discusses identifying particular claims in the context of pleading standards, which does not relate to the statutory definition of 'identifying particular' as it pertains to records about individuals.
  [ID: f11f457f-a456-4028-996e-ec9e275f889f] Reasoning: This sentence discusses identifying particular categories of information in a legal context, but it does not relate to the statutory meaning of 'identifying particular' as it pertains to records about individuals.
  [ID: 43df6285-1e8a-4019-8f1c-7c50ebb0842f] Reasoning: This sentence discusses identifying particular lands in a context unrelated to the statutory definition, focusing instead on disposal methods.
  [ID: f425bcf8-67bd-46e0-b7eb-307af7452e92] Reasoning: This sentence discusses identifying particular pieces of missing evidence in a legal context, but it does not relate to the statutory meaning of 'identifying particular' as it pertains to records about individuals.
  [ID: fc1135ea-28eb-47c9-bc86-bdd138bca8ba] Reasoning: This sentence quotes the statute verbatim, providing no new interpretive information about the phrase 'identifying particular'.
  [ID: bcd573a8-6422-4aa3-8a51-e1e05413f850] Reasoning: This sentence quotes the statute verbatim, providing no new interpretive information about the phrase 'identifying particular'.
  [ID: 7099e831-3682-4fcd-a0ec-656a437c4545] Reasoning: This sentence discusses the scope of section (e)(7) in relation to identifying particular records, which is relevant to the statutory context and adds interpretive meaning.
  [ID: af649c67-910f-401b-834a-fd58dd087067] Reasoning: This sentence discusses identifying particular acts or omissions of a lawyer, which is unrelated to the statutory definition of 'record' or the phrase 'identifying particular'.
  [ID: 566baad2-685e-4b3b-a8aa-55d5c03db45c] Reasoning: This sentence is identical to the previous one and does not relate to the statutory definition of 'record' or the phrase 'identifying particular'.
  [ID: 515d05c6-68ed-4866-924d-accb5da09967] Reasoning: This sentence is identical to the previous ones and does not provide any relevant information regarding the statutory definition or the phrase of interest.
  [ID: 09b2ac38-2fb5-4fa1-a4f9-f80094426022] Reasoning: This sentence is a quote of the previous sentences and does not add any new interpretive information regarding the statute or the phrase of interest.
  [ID: f36aeecb-7afd-4b4a-99d2-65b0a57416df] Reasoning: This sentence provides a definition of 'records' that includes the phrase 'identifying particular', which is relevant to the statute. However, it does not elaborate on the meaning of 'identifying particular' itself.
  [ID: 3959a4a0-e7f3-4da8-8ce9-84694605fe69] Reasoning: This sentence is a verbatim quote of the statute and does not provide any new interpretive information regarding the phrase of interest.
  [ID: 87726abf-6fe5-4a3c-9dc4-f8c06746a330] Reasoning: This sentence is a quote from a court explaining the definition of 'record', which includes the phrase 'identifying particular'. However, it does not provide new interpretive information beyond the statute.
  [ID: 4dac456e-2fb9-4a0a-8a21-b30c0c7b12dd] Reasoning: This sentence discusses the rights of individuals to inspect personal information in records, which relates to the statute but does not elaborate on the meaning of 'identifying particular'.
  [ID: 655e3a01-46d4-4d0f-9d02-907d073b3ac6] Reasoning: This sentence discusses the inspection of personal information maintained by reference to an identifying particular, but does not provide new interpretive information about the phrase itself.
  [ID: 9dbb6192-6f70-4911-8c6b-ca31d42b860a] Reasoning: This sentence is a repeat of previous sentences and does not relate to the statutory definition or the phrase of interest.
  [ID: 2ae67799-6e12-4d38-9bb7-2e788fb29b69] Reasoning: This sentence discusses identifying particular events related to insurance claims, which is unrelated to the statutory definition of 'record' or the phrase 'identifying particular'.
  [ID: 891983ae-4e65-44a3-ba5e-e1024ac98fdd] Reasoning: This sentence is a repeat of previous sentences and does not provide any relevant information regarding the statutory definition or the phrase of interest.
  [ID: 149f3ea5-3fb5-477c-a9c8-ac62e65dcbc3] Reasoning: This sentence discusses identifying particular questions related to a prosecutor's actions, which is unrelated to the statutory definition of 'record' or the phrase 'identifying particular'.
  [ID: c261bdad-dff9-4248-a882-018691b18f69] Reasoning: This sentence is a repeat of previous sentences and does not provide any relevant information regarding the statutory definition or the phrase of interest.
  [ID: b7612c36-d569-4233-ad92-5d9ef028861c] Reasoning: This sentence is a repeat of previous sentences and does not provide any relevant information regarding the statutory definition or the phrase of interest.
  [ID: 6f95c657-d3df-4c0d-85c7-5f9b196d90fd] Reasoning: This sentence is a repeat of previous sentences and does not provide any relevant information regarding the statutory definition or the phrase of interest.
  [ID: ae24304d-a4d9-4861-9fad-33c348627a4c] Reasoning: This sentence discusses identifying particular officers related to a claim, which is unrelated to the statutory definition of 'record' or the phrase 'identifying particular'.
  [ID: 54bd246b-9965-45ff-9114-fd267d199a10] Reasoning: This sentence is a repeat of previous sentences and does not provide any relevant information regarding the statutory definition or the phrase of interest.
  [ID: 6c70f2a1-5093-419f-86e3-51f0158bc888] Reasoning: This sentence is a repeat of previous sentences and does not provide any relevant information regarding the statutory definition or the phrase of interest.
  [ID: 2844e7a8-2241-43e8-be6c-3452c41479c8] Reasoning: This sentence is a repeat of previous sentences and does not provide any relevant information regarding the statutory definition or the phrase of interest.
  [ID: d0005606-e3e0-4fce-9136-ce0cf9067a84] Reasoning: This sentence discusses identifying particular scopes of work in project specifications, which is unrelated to the statutory definition of 'record' or the phrase 'identifying particular'.
  [ID: 8f15d9e8-1e3b-4363-ad5c-cda07ee27fa3] Reasoning: This sentence is a repeat of previous sentences and does not provide any relevant information regarding the statutory definition or the phrase of interest.
  [ID: ddbea2d5-4e7e-4951-82e8-a6f0a7a5042d] Reasoning: This sentence is a repeat of previous sentences and does not provide any relevant information regarding the statutory definition or the phrase of interest.
  [ID: 32650b93-5714-4a62-991c-8893366af285] Reasoning: This sentence discusses identifying particular groups related to religious beliefs, which is unrelated to the statutory definition of 'record' or the phrase 'identifying particular'.
  [ID: fde186bc-9498-4d3a-8746-c219a6029c60] Reasoning: This sentence is a repeat of previous sentences and does not provide any relevant information regarding the statutory definition or the phrase of interest.
  [ID: eb8b5fcb-0428-4eb9-850b-a55515483578] Reasoning: This sentence provides a definition of 'system of records' that relates to the phrase of interest, but it does not add new interpretive information beyond what is already stated in the statute.
  [ID: 7fcf47fa-ca98-4441-a772-8c90403b72c9] Reasoning: This sentence discusses 'particular issues' but does not relate to the statutory definition of 'identifying particular' or provide any interpretive information about it.
  [ID: 1b7f23ea-4d7e-415d-b2fe-3b5c028b83ab] Reasoning: This sentence refers to 'identifying particular neighborhoods' but does not relate to the statutory context of identifying particulars in terms of personal information.
  [ID: 6035e036-8def-46f0-bc79-4329cf22d170] Reasoning: This sentence mentions 'identified particular inmates' but does not provide any interpretive information relevant to the statutory definition of 'identifying particular'.
  [ID: af823e78-361e-4563-9171-6d618acc579e] Reasoning: This sentence discusses 'identified particular managers' but does not relate to the statutory context of identifying particulars in terms of personal information.
  [ID: a2597915-0de8-4a03-9f63-97de5fc44b0f] Reasoning: This sentence discusses the withholding of information but does not provide any new interpretive information about the phrase 'identifying particular' as defined in the statute.
  [ID: 35c90620-1f0a-43ca-9ea1-0c6c1228f46d] Reasoning: This sentence mentions 'identify particular problems' but does not relate to the statutory definition of 'identifying particular' or provide any interpretive information about it.
  [ID: 9c5ae5e4-205d-4641-9b89-bfcb74e9a148] Reasoning: This sentence quotes the statute verbatim, providing no new interpretive information about the phrase 'identifying particular'.
  [ID: d7c6693e-edfa-4885-ac0a-a89409b482d3] Reasoning: This sentence discusses identifying particular facts but does not relate to the statutory definition of 'identifying particular' in the context of personal information.
  [ID: 986800af-1d91-4757-b83e-2da72df76a9f] Reasoning: This sentence discusses identifying particular consumers but does not provide any interpretive information relevant to the statutory definition of 'identifying particular'.
  [ID: 8e194811-e812-4911-90c7-859878fa59a1] Reasoning: This sentence mentions identifying particular activity but does not relate to the statutory definition of 'identifying particular' or provide any interpretive information about it.
  [ID: 7aa2576a-9dbb-4a1d-8b76-fd81ee0cc9b4] Reasoning: This sentence discusses identifying particular claims but does not relate to the statutory definition of 'identifying particular' or provide any interpretive information about it.
  [ID: 9895b1ae-6e60-4ccd-a3d4-141994498ac2] Reasoning: This sentence repeats the statute verbatim, providing no new interpretive information about the phrase 'identifying particular'.
  [ID: 76c26a0e-0ed4-477e-86f7-67ce91dde029] Reasoning: This sentence quotes the statute verbatim, providing no new interpretive information about the phrase 'identifying particular'.
  [ID: 3d428928-72e6-4468-8b7b-34fd8292a04d] Reasoning: This sentence discusses identifying particular sales but does not relate to the statutory definition of 'identifying particular' or provide any interpretive information about it.
  [ID: b3f22f59-b6d9-4092-9a52-add241378617] Reasoning: This sentence mentions identifying particular statements but does not relate to the statutory definition of 'identifying particular' or provide any interpretive information about it.
  [ID: 80c7696c-2bec-4f5c-8c6a-22c2e2aebfb3] Reasoning: This sentence discusses identifying particular verbal communications but does not relate to the statutory definition of 'identifying particular' or provide any interpretive information about it.
  [ID: 915b969c-429b-46db-a5bf-c5093565fb90] Reasoning: This sentence discusses identifying particular phone call recipients but does not relate to the statutory definition of 'identifying particular' or provide any interpretive information about it.
  [ID: 07d33ec4-2e6e-4f72-8054-c01d0c37fc66] Reasoning: This sentence discusses identifying particular entries but does not relate to the statutory definition of 'identifying particular' or provide any interpretive information about it.
  [ID: 89563156-b01f-4f02-8df2-16277015a1ff] Reasoning: This sentence discusses identifying particular individuals but does not relate to the statutory definition of 'identifying particular' or provide any interpretive information about it.
  [ID: 81afe8da-8e13-4172-91c2-1a6094135b33] Reasoning: This sentence discusses identifying particular medical services but does not relate to the statutory definition of 'identifying particular' or provide any interpretive information about it.
  [ID: d6015c00-dbaf-44cd-9af8-fe8d41ec0f7b] Reasoning: This sentence discusses identifying particular claims but does not relate to the statutory definition of 'identifying particular' or provide any interpretive information about it.
  [ID: f0e69230-e828-4aac-8e3f-a91c284d5054] Reasoning: This sentence discusses identifying particular false claims but does not relate to the statutory definition of 'identifying particular' or provide any interpretive information about it.
  [ID: c39db04c-8d36-4842-a2c7-b0ef9e3eec64] Reasoning: This sentence discusses identifying particular days but does not relate to the statutory definition of 'identifying particular' or provide any interpretive information about it.
  [ID: 97089e6a-8fc7-453e-84a5-aa8e8fb22f1f] Reasoning: This sentence repeats the statute verbatim, providing no new interpretive information about the phrase 'identifying particular'.
  [ID: 6ef9635f-b46e-455a-b957-06aebdb7fc6f] Reasoning: This sentence uses 'identified particular' in a context unrelated to the statutory definition of 'identifying particular' as it pertains to information about an individual. It does not provide interpretive value regarding the statutory term.
  [ID: 7451eb8b-ea07-4b6f-8d6d-3bfb46f98d12] Reasoning: The phrase 'identifying particulars' here refers to invoices and does not relate to the statutory context of personal information maintained by an agency. It does not add interpretive meaning.
  [ID: c7b95196-c5dc-4df5-9f3d-1238b6df713a] Reasoning: This sentence discusses 'identifying particular causes of action' in a legal context that does not relate to the statutory definition of 'identifying particular' as it pertains to personal information. It does not provide interpretive value.
  [ID: 43012677-e559-4219-adf3-8d9407545725] Reasoning: The sentence mentions 'identifies particular types of appeals' but does not relate to the statutory meaning of 'identifying particular' in the context of personal information. It does not add interpretive value.
  [ID: ac0f4a68-36d3-4cb4-b9be-a936ebf372cf] Reasoning: This sentence discusses identifying particular elements for emotional harm damages, which is unrelated to the statutory context of personal information. It does not provide interpretive value.
  [ID: f9de3142-bfd7-4526-af17-156ed9a949d6] Reasoning: The sentence refers to 'identifying particular features of a subpopulation’s DNA profile' in a scientific context, which does not relate to the statutory definition of personal information. It does not add interpretive value.
  [ID: de8caf17-ca98-43bb-996b-4a3872adfa58] Reasoning: This sentence discusses the requirements for indictments and mentions 'identifying particulars' in a legal procedural context, which does not relate to the statutory definition of personal information. It does not provide interpretive value.
  [ID: 3711f20b-dfdd-4b24-b487-0eb783f69466] Reasoning: The phrase 'identified particular' in this context does not relate to the statutory definition of personal information and does not provide interpretive value.
  [ID: 644e0301-0400-442d-b814-b7b14eac1223] Reasoning: This sentence discusses identifying particular acts of a defendant, which is unrelated to the statutory definition of personal information. It does not provide interpretive value.
  [ID: e2db10ce-f63b-4ee3-85ba-d433013333dd] Reasoning: The sentence discusses identifying particular pages in a legal context, which does not relate to the statutory definition of personal information. It does not provide interpretive value.
  [ID: b5e1a2e6-9afc-4c08-8a82-b45051d0fb07] Reasoning: This sentence refers to identifying particular conduct of a franchisor, which is unrelated to the statutory definition of personal information. It does not provide interpretive value.
  [ID: eb631ffe-6d2b-435e-8f7a-29f0702f3b05] Reasoning: The sentence discusses identifying particular airports in a regulatory context, which does not relate to the statutory definition of personal information. It does not provide interpretive value.
  [ID: c6186a5a-cce3-4058-affd-fce4c1958a34] Reasoning: This sentence discusses identifying particular trust assets in a legal context, which does not relate to the statutory definition of personal information. It does not provide interpretive value.
  [ID: 980a0fd5-0bc7-4d40-b2e2-32f15ed2350d] Reasoning: The sentence discusses identifying particular land in a legal context, which does not relate to the statutory definition of personal information. It does not provide interpretive value.
  [ID: bb16e273-217d-4de5-96df-b23593ed6d78] Reasoning: This sentence discusses identifying particular types of equipment in a procurement context, which does not relate to the statutory definition of personal information. It does not provide interpretive value.
  [ID: b43c77d1-b27c-4e74-9728-9f8d38560c92] Reasoning: The sentence discusses identifying particular items as controlled substances, which is unrelated to the statutory definition of personal information. It does not provide interpretive value.
  [ID: eda832fb-627a-414f-a5eb-0b823966a4cc] Reasoning: This sentence discusses identifying particular items as controlled substances in a legal context, which does not relate to the statutory definition of personal information. It does not provide interpretive value.
  [ID: 91e788aa-b90f-4c84-a534-b6533f50e651] Reasoning: The sentence discusses the admissibility of evidence identifying particular items as controlled substances, which is unrelated to the statutory definition of personal information. It does not provide interpretive value.
  [ID: c69be483-6301-4bd6-b50c-60c96c7f9adf] Reasoning: This sentence discusses the reliability of identifying particular items as controlled substances, which is unrelated to the statutory definition of personal information. It does not provide interpretive value.
  [ID: d9bd5db3-49a5-4bfb-93e7-02118834cc6e] Reasoning: The sentence discusses identifying particular medications in a legal context, which does not relate to the statutory definition of personal information. It does not provide interpretive value.
  [ID: c91d6514-0566-4183-bc7c-9e1c3433b14b] Reasoning: This sentence discusses identifying particular persons to be arrested, which is unrelated to the statutory definition of personal information. It does not provide interpretive value.
  [ID: 1483c3d9-90cc-4013-89f8-faa310409538] Reasoning: The sentence discusses identifying particular pieces of money in a trust context, which does not relate to the statutory definition of personal information. It does not provide interpretive value.
  [ID: f8ba0af6-df24-4a82-98bb-a6e80d98efd9] Reasoning: This sentence discusses identifying particular categories of offenders for sentencing purposes, which is unrelated to the statutory definition of personal information. It does not provide interpretive value.
  [ID: 44663581-43f0-4e79-ab18-8a873f8d8a26] Reasoning: The sentence discusses identifying particular mortgage lending practices as unfair, which is unrelated to the statutory definition of personal information. It does not provide interpretive value.
  [ID: 931f85b4-4df7-4c3b-b88c-537cca6b3370] Reasoning: This sentence discusses identifying particular immigration consequences, which is unrelated to the statutory definition of personal information. It does not provide interpretive value.
  [ID: 7d43084e-722f-43b0-9500-abbfc0bcffb1] Reasoning: This sentence discusses identifying acts or omissions of a lawyer, which is unrelated to the statutory term 'identifying particular' as it pertains to personal information maintained by an agency.
  [ID: f6c0ff70-90cf-4f11-a9cc-c81597a96dd2] Reasoning: This sentence is identical to the previous one and does not relate to the statutory term 'identifying particular'.
  [ID: c277d39f-2098-4c54-90e6-10945328baa2] Reasoning: This sentence is identical to the previous ones and does not relate to the statutory term 'identifying particular'.
  [ID: dd217122-feab-4e1a-91f7-45d25000cdda] Reasoning: This sentence mentions identifying particular individuals but does not provide interpretive information related to the statutory term 'identifying particular' as it pertains to records maintained by an agency.
  [ID: 902979c0-c990-41e2-86fd-56ba286d5221] Reasoning: This sentence discusses identifying practices related to lead exposure, which is unrelated to the statutory term 'identifying particular' as it pertains to personal information.
  [ID: 50fb7cf7-a907-400a-b084-9fdbe8cc4dde] Reasoning: This sentence defines 'system of records' and relates to the statutory context, providing relevant interpretive information about how records are retrieved, which includes the phrase 'identifying particular'.
  [ID: 88795260-9351-4c42-b3f1-dc507a72ae96] Reasoning: This sentence is identical to previous ones discussing identifying acts or omissions of a lawyer, which is unrelated to the statutory term 'identifying particular'.
  [ID: b30906a5-39db-4753-948f-5d8e7a6f50f1] Reasoning: This sentence is identical to previous ones discussing identifying acts or omissions of a lawyer, which is unrelated to the statutory term 'identifying particular'.
  [ID: d82c25db-fef0-49cd-a1d2-14b6f1aa2f1f] Reasoning: This sentence is identical to previous ones discussing identifying acts or omissions of a lawyer, which is unrelated to the statutory term 'identifying particular'.
  [ID: 92525fee-5600-43dd-b598-ff606166f66d] Reasoning: This sentence is identical to previous ones discussing identifying acts or omissions of a lawyer, which is unrelated to the statutory term 'identifying particular'.
  [ID: 473930ab-a1e7-4551-b094-289f8e022657] Reasoning: This sentence is identical to previous ones discussing identifying acts or omissions of a lawyer, which is unrelated to the statutory term 'identifying particular'.
  [ID: 386a49c9-4a48-41de-a7ec-8edb7570ae67] Reasoning: This sentence is identical to previous ones discussing identifying acts or omissions of a lawyer, which is unrelated to the statutory term 'identifying particular'.
  [ID: 6d9698dc-c557-43fc-939f-fc6f83c294f8] Reasoning: This sentence is identical to previous ones discussing identifying acts or omissions of a lawyer, which is unrelated to the statutory term 'identifying particular'.
  [ID: 196e192d-c536-4ee2-9ff1-3795db448d07] Reasoning: This sentence is identical to previous ones discussing identifying acts or omissions of a lawyer, which is unrelated to the statutory term 'identifying particular'.
  [ID: 3d78c358-091d-4f7b-aa04-59b7cf13e95f] Reasoning: This sentence repeats the definition of 'record' from the statute, which does not add new interpretive information about 'identifying particular'.
  [ID: 3655977e-b198-4a2f-a23f-ba37a56d94e9] Reasoning: This sentence discusses identifying attributes among health insurance plans, which is unrelated to the statutory term 'identifying particular'.
  [ID: 0997890d-4e57-455b-bc0a-434fa8e7bcb5] Reasoning: This sentence is identical to previous ones discussing identifying acts or omissions of a lawyer, which is unrelated to the statutory term 'identifying particular'.
  [ID: 500c7416-fa53-4467-972b-eba3be32f053] Reasoning: This sentence discusses identifying particular people and transactions, which is unrelated to the statutory term 'identifying particular' as it pertains to records maintained by an agency.
  [ID: 68bc553f-48c3-4ab1-8c45-e2173cf542f3] Reasoning: This sentence is identical to previous ones discussing identifying acts or omissions of a lawyer, which is unrelated to the statutory term 'identifying particular'.
  [ID: d364803c-141f-46df-8153-73d9ebd06474] Reasoning: This sentence defines 'system of records' and relates to the statutory context, providing relevant interpretive information about how records are retrieved, which includes the phrase 'identifying particular'.
  [ID: 96c71095-4955-4ec3-b495-2e3e22bfa50a] Reasoning: This sentence suggests that Congress did not intend to require access to information not retrieved by reference to an identifying particular, which provides interpretive context for the statutory term.
  [ID: 4a86368b-27d8-4fb4-ab7e-1c2236950bd6] Reasoning: This sentence discusses both factual and legal determinations regarding access to materials retrievable by an identifying particular, providing relevant interpretive context.
  [ID: 6501548b-b2e3-46f8-9530-95789d4dad29] Reasoning: This sentence is identical to previous ones discussing identifying acts or omissions of a lawyer, which is unrelated to the statutory term 'identifying particular'.
  [ID: 00945f6c-85d8-47f4-8e0e-2ca6dccbebcd] Reasoning: This sentence is identical to previous ones discussing identifying acts or omissions of a lawyer, which is unrelated to the statutory term 'identifying particular'.
  [ID: a893f7ba-af56-4a90-b7eb-b7d886198a05] Reasoning: This sentence discusses identifying logs related to negligence, which is unrelated to the statutory term 'identifying particular' as it pertains to records maintained by an agency.
  [ID: c00f4f92-8894-41f6-9c42-1f7f001104cc] Reasoning: This sentence uses the phrase 'identify particular' but does not relate to the statutory definition of 'record' or its identifying particulars. It does not provide any interpretive information about the phrase of interest.
  [ID: bfab1693-98d2-4979-bc01-f766280e5ea1] Reasoning: This sentence mentions 'identify particular evidence' but does not relate to the statutory context of identifying particulars related to an individual. It does not add interpretive meaning to the phrase of interest.
  [ID: 52f21ea6-fe4e-4019-a053-12f934ea41d2] Reasoning: The phrase 'identify particular property' does not relate to the statutory definition of 'record' or its identifying particulars. It does not provide any interpretive information about the phrase of interest.
  [ID: 8d9d2022-c1a5-4f64-9c87-cb87e2eb375c] Reasoning: This sentence discusses 'identify particular acts or omissions' but does not connect to the statutory context of identifying particulars related to an individual. It does not add interpretive meaning to the phrase of interest.
  [ID: 2b0f811c-0676-4ee0-b63e-f4c0a872894e] Reasoning: This sentence mentions 'identify particular documents' but does not relate to the statutory definition of 'record' or its identifying particulars. It does not provide any interpretive information about the phrase of interest.
  [ID: aa7387b4-a08c-432f-aa88-13419598cb24] Reasoning: This sentence discusses 'identified particular questions' but does not connect to the statutory context of identifying particulars related to an individual. It does not add interpretive meaning to the phrase of interest.
  [ID: 4c02f6c0-b689-49f2-a367-e9c9beb8ed97] Reasoning: This sentence mentions 'identify particular acts or omissions' but does not relate to the statutory definition of 'record' or its identifying particulars. It does not provide any interpretive information about the phrase of interest.
  [ID: 889b5aab-b686-4b1e-a595-92d888c94d6b] Reasoning: This sentence discusses 'identified particular individuals' motives' but does not connect to the statutory context of identifying particulars related to an individual. It does not add interpretive meaning to the phrase of interest.
  [ID: 9dd27955-3753-401e-bd4e-8757c6e47e67] Reasoning: This sentence mentions 'identify particular acts or omissions' but does not relate to the statutory definition of 'record' or its identifying particulars. It does not provide any interpretive information about the phrase of interest.
  [ID: dc42f15b-9866-4d6d-b5ab-53cf71b6826f] Reasoning: This sentence discusses 'identify particular acts or omissions' but does not connect to the statutory context of identifying particulars related to an individual. It does not add interpretive meaning to the phrase of interest.
  [ID: f599b0bf-fbd3-4346-bf40-ecd1a1bc2e1d] Reasoning: This sentence mentions 'identify particular acts or omissions' but does not relate to the statutory definition of 'record' or its identifying particulars. It does not provide any interpretive information about the phrase of interest.
  [ID: 5eb988ab-3327-43c2-b0bb-d37fd31a0895] Reasoning: This sentence discusses 'identifying particular omissions' but does not connect to the statutory context of identifying particulars related to an individual. It does not add interpretive meaning to the phrase of interest.
  [ID: 76bacc3c-08f3-4bde-af1c-6ad9ca7394e0] Reasoning: This sentence mentions 'identifying particulars' in the context of an indictment but does not provide any interpretive information about the statutory definition of 'record' or its identifying particulars. It does not add interpretive meaning to the phrase of interest.
  [ID: 8db23c4e-1cca-4836-adf6-973a52e67228] Reasoning: This sentence mentions 'identify particular acts or omissions' but does not relate to the statutory definition of 'record' or its identifying particulars. It does not provide any interpretive information about the phrase of interest.
  [ID: 6d9f1abe-78af-4540-bfc4-1738ebc8313a] Reasoning: This sentence mentions 'identify particular acts or omissions' but does not relate to the statutory definition of 'record' or its identifying particulars. It does not provide any interpretive information about the phrase of interest.
  [ID: 19341c12-067c-412f-a43a-7bf197dab295] Reasoning: This sentence discusses 'identify particular institutions' but does not relate to the statutory definition of 'record' or its identifying particulars. It does not provide any interpretive information about the phrase of interest.
  [ID: 85a5f4c0-19ed-4ebb-bece-c36f602b2f96] Reasoning: This sentence mentions 'identify particular immigration consequences' but does not relate to the statutory definition of 'record' or its identifying particulars. It does not provide any interpretive information about the phrase of interest.
  [ID: 645c2a2f-77d0-434e-804b-fe77e0bd82a2] Reasoning: This sentence mentions 'identify particular acts or omissions' but does not relate to the statutory definition of 'record' or its identifying particulars. It does not provide any interpretive information about the phrase of interest.
  [ID: 1b79d611-0822-4c81-941a-afc3a8ddb021] Reasoning: This sentence mentions 'identify particular acts or omissions' but does not relate to the statutory definition of 'record' or its identifying particulars. It does not provide any interpretive information about the phrase of interest.
  [ID: dc059213-65d6-4fe5-a2a5-502d6e65b0c5] Reasoning: This sentence mentions 'identify particular acts or omissions' but does not relate to the statutory definition of 'record' or its identifying particulars. It does not provide any interpretive information about the phrase of interest.
  [ID: b331c358-a43c-47f1-8452-6e7bd7fc95c1] Reasoning: This sentence discusses 'identify particular acts or omissions' but does not connect to the statutory context of identifying particulars related to an individual. It does not add interpretive meaning to the phrase of interest.
  [ID: d6b413c5-01d0-4d73-a6f0-80fa3a7d0e6f] Reasoning: This sentence mentions 'identify particular acts or omissions' but does not relate to the statutory definition of 'record' or its identifying particulars. It does not provide any interpretive information about the phrase of interest.
  [ID: e73d79ec-a87b-4c0e-be47-41dd8d56cb50] Reasoning: This sentence mentions 'identify particular acts or omissions' but does not relate to the statutory definition of 'record' or its identifying particulars. It does not provide any interpretive information about the phrase of interest.
  [ID: 75b94ff4-a8c5-46d3-a472-77ab576a209a] Reasoning: This sentence mentions 'identify particular acts or omissions' but does not relate to the statutory definition of 'record' or its identifying particulars. It does not provide any interpretive information about the phrase of interest.
  [ID: 6e0ce263-7bea-4766-8865-fbdd60fe7b07] Reasoning: This sentence mentions 'identify particular acts or omissions' but does not relate to the statutory definition of 'record' or its identifying particulars. It does not provide any interpretive information about the phrase of interest.
  [ID: 036f9e13-5c83-4503-80b2-d99e493a5f0a] Reasoning: This sentence discusses the need to identify particular calls in the context of wiretap evidence suppression, but it does not provide any interpretive information about the phrase 'identifying particular' as it relates to the statute's definition of 'record'.
  [ID: 031db98c-aa83-4233-8f2e-cceecf3e46c6] Reasoning: This sentence refers to identifying particular sales in the context of admissibility of account-books, but it does not elaborate on the meaning of 'identifying particular' in relation to the statute's definition of 'record'.
  [ID: a8a5ca27-5cd1-4559-953a-cc2bfa5e321e] Reasoning: This sentence mentions objections without identifying particular concerns, but it does not provide any interpretive information about the phrase 'identifying particular' as it relates to the statute.
  [ID: 50acc7b4-6ec2-49ea-b54b-6af3e7dac74a] Reasoning: This sentence discusses the identification of particular cruelty as an aggravating factor, but it does not provide any interpretive information about the phrase 'identifying particular' in the context of the statute.
  [ID: a27e994a-5268-4e69-9f13-924d5c808723] Reasoning: This sentence mentions the failure to identify particular programs, but it does not elaborate on the meaning of 'identifying particular' in relation to the statute's definition of 'record'.
  [ID: e6dced1d-ab20-4a4d-8c2e-687edd306b4b] Reasoning: This sentence discusses the identification of particular jobs but does not provide any interpretive information about the phrase 'identifying particular' in the context of the statute.
  [ID: 622130ef-faed-4f28-85e8-9103e2d715a6] Reasoning: This sentence discusses the challenge to the district court's findings without identifying particular findings, but it does not provide interpretive information about the phrase 'identifying particular' in relation to the statute.
  [ID: 40d7f405-e255-4767-9428-6c307b9201df] Reasoning: This sentence mentions identifying particular features of a shooter's face, but it does not provide any interpretive information about the phrase 'identifying particular' in the context of the statute.
  [ID: 884b9f32-5c19-47fc-a3d4-53f7a23e1f15] Reasoning: This sentence discusses the failure to identify particular rulings but does not provide any interpretive information about the phrase 'identifying particular' in relation to the statute.
  [ID: 59a7c5e3-8b57-4137-a503-bd4d67b921f2] Reasoning: This sentence discusses identifying particular indictments but does not provide any interpretive information about the phrase 'identifying particular' in the context of the statute.
  [ID: 8b91ba40-f207-4906-b1e3-7576769f0ecc] Reasoning: This sentence mentions the prosecution's difficulty in identifying particular acts of abuse but does not provide any interpretive information about the phrase 'identifying particular' in relation to the statute.
  [ID: 0a18f043-834d-4031-9c8f-a484202eb86c] Reasoning: This sentence discusses the prosecution's basis for identifying particular acts of abuse but does not provide any interpretive information about the phrase 'identifying particular' in the context of the statute.
  [ID: c691704f-5c26-4e59-af0a-8286520597dc] Reasoning: This sentence is similar to the previous one, discussing the prosecution's basis for identifying particular acts of abuse without providing interpretive information about the phrase 'identifying particular' in relation to the statute.
  [ID: 6ba6e8f4-68b4-4549-9ce6-f7200e2f0de7] Reasoning: This sentence discusses identifying particular vulnerabilities of mail-order brides but does not provide any interpretive information about the phrase 'identifying particular' in the context of the statute.
  [ID: ff5979cb-ce60-452e-96af-5f7365e23c5f] Reasoning: This sentence discusses identifying particular characteristics of research subjects but does not provide any interpretive information about the phrase 'identifying particular' in relation to the statute.
  [ID: 4047919d-e2d4-462f-8ab6-de38c2a98b83] Reasoning: This sentence discusses identifying particular constitutional rights but does not provide any interpretive information about the phrase 'identifying particular' in the context of the statute.
  [ID: 7e2f7f0a-2e22-481b-bf5c-8392c5815f61] Reasoning: This sentence discusses identifying particular documents but does not provide any interpretive information about the phrase 'identifying particular' in relation to the statute.
  [ID: 33d47dee-bf84-4d3a-a53f-44b603dd1b5f] Reasoning: This sentence discusses the failure to identify particular pollutants but does not provide any interpretive information about the phrase 'identifying particular' in the context of the statute.
  [ID: e1797bda-a93e-4321-a2dd-beeba5edfcdf] Reasoning: This sentence discusses identifying particular activities but does not provide any interpretive information about the phrase 'identifying particular' in relation to the statute.
  [ID: 2c8a1f26-90f7-4777-9c07-cc68aa90430e] Reasoning: This sentence discusses the failure to identify particular individuals but does not provide any interpretive information about the phrase 'identifying particular' in the context of the statute.
  [ID: 79ecf0b5-2f68-4fe8-9309-a2206bd28dbe] Reasoning: This sentence discusses the failure to identify particular offending language but does not provide any interpretive information about the phrase 'identifying particular' in relation to the statute.
  [ID: dcba2cc9-fe4f-4aa9-bd18-b18e934744ff] Reasoning: This sentence discusses the need to identify particular statements in the context of false light but does not provide any interpretive information about the phrase 'identifying particular' in the context of the statute.
  [ID: cf7017ad-51e7-4a0f-8091-0f01ced443de] Reasoning: This sentence discusses the failure to identify particular policy concerns but does not provide any interpretive information about the phrase 'identifying particular' in relation to the statute.
  [ID: ea5fefd0-e309-4418-8198-f7cd5977166a] Reasoning: This sentence discusses the identification of particular documents but does not provide any interpretive information about the phrase 'identifying particular' in the context of the statute.
  [ID: 1ad5b918-2144-4b09-8e21-cc3bbe596bd0] Reasoning: This sentence discusses the need to show a pattern of interception of innocent conversations but does not provide any interpretive information about the phrase 'identifying particular' in relation to the statute.
  [ID: 58284e67-3c52-4b3d-b015-39a2c6eaeb59] Reasoning: This sentence discusses sentencing issues and enhancements, which is unrelated to the statutory definition of 'record' or the phrase 'identifying particular'.
  [ID: bc0f048d-dd77-4768-a2d9-99b8aef79675] Reasoning: This sentence discusses identifying particular customers with specific needs, which is a different context and does not relate to the statutory meaning of 'identifying particular' in the context of records.
  [ID: bf97b367-83bc-409e-ae10-26e96d75aa44] Reasoning: This sentence mentions identifying particular harms to national security, which does not relate to the statutory context of identifying particulars in records.
  [ID: 7d387d30-6540-42f3-b95e-bbddd5c9a726] Reasoning: This sentence discusses mechanisms for promotion and false claims, which does not relate to the statutory definition of 'record' or the phrase 'identifying particular'.
  [ID: bc45c8d1-9a34-4a04-af91-f9bdbfdbc11d] Reasoning: This sentence discusses a court's interpretation of a statute regarding taxpayer identification, which is somewhat related but does not provide explicit interpretive value regarding the phrase 'identifying particular'.
  [ID: db63c578-217e-4f32-9907-371d16cb6177] Reasoning: This sentence critiques a court's statement about the Haskell Amendment and taxpayer identification, but does not add interpretive value to the phrase 'identifying particular'.
  [ID: 84bd1884-82d9-4523-81cb-6cebe5130d07] Reasoning: This sentence discusses identifying individuals through uncommon names, which is related but does not provide a clear interpretive value regarding the statutory phrase.
  [ID: efe9d2da-92b2-4974-8856-7c22d02bf8a2] Reasoning: This sentence discusses identifying particular hours for disqualification, which is unrelated to the statutory context of identifying particulars in records.
  [ID: 04ef5526-831a-42b6-a79f-a7c8f1a90b75] Reasoning: This sentence discusses identifying particular property of an estate, which is unrelated to the statutory definition of 'record' or the phrase 'identifying particular'.
  [ID: 44d27fdf-b7cb-41c5-888b-f7a688d8d790] Reasoning: This sentence discusses the purpose of the place-of-birth field in identifying individuals, which is relevant and provides some interpretive context for the phrase 'identifying particular'.
  [ID: b992c9be-a881-464d-b0b4-d49e6bb921c0] Reasoning: This sentence discusses dogs identifying particular scents, which is unrelated to the statutory context of identifying particulars in records.
  [ID: 0bc4cf0a-7f29-48c7-a946-c439f0bf8c5a] Reasoning: This sentence discusses identifying particular component parts of a trade secret, which is unrelated to the statutory definition of 'record' or the phrase 'identifying particular'.
  [ID: a9d396df-a03f-4ddb-8ad6-9ef55a7efb83] Reasoning: This sentence discusses identifying particular component parts of a trade secret, which is unrelated to the statutory definition of 'record' or the phrase 'identifying particular'.
  [ID: acf075a5-a933-4820-8ade-48396a9210ee] Reasoning: This sentence discusses identifying particular medical findings, which is unrelated to the statutory definition of 'record' or the phrase 'identifying particular'.
  [ID: 42033fc7-0647-4d6b-8657-8b81d69734e9] Reasoning: This sentence discusses identifying particular people, which is unrelated to the statutory definition of 'record' or the phrase 'identifying particular'.
  [ID: c8ded7d3-fd8e-4866-a2c9-1875086bbbf0] Reasoning: This sentence discusses identifying particular instances of unresponsiveness, which is unrelated to the statutory definition of 'record' or the phrase 'identifying particular'.
  [ID: 2e9cfe4f-7247-4c3b-8e60-65c28e8a6a06] Reasoning: This sentence discusses identifying particular locations of cultural significance, which is unrelated to the statutory definition of 'record' or the phrase 'identifying particular'.
  [ID: 85f3e1eb-56c1-4a0f-bd24-e85202c2f4fc] Reasoning: This sentence discusses identifying particular provisions in a legal context, which is somewhat related but does not provide explicit interpretive value regarding the phrase 'identifying particular'.
  [ID: 5cc0ad5b-2c83-420f-a0fe-43efbed37b7b] Reasoning: This sentence discusses identifying particular funds in a legal context, which is somewhat related but does not provide explicit interpretive value regarding the phrase 'identifying particular'.
  [ID: c70ca8e7-3bcb-4c20-b0a4-e472811d0c64] Reasoning: This sentence discusses rules of tracing to identify particular dollars or assets, which is somewhat related but does not provide explicit interpretive value regarding the phrase 'identifying particular'.
  [ID: 2d928f2a-0c2b-4974-b88b-3b28b4c1b22a] Reasoning: This sentence discusses identifying particular subsections of a statute, which is somewhat related but does not provide explicit interpretive value regarding the phrase 'identifying particular'.
  [ID: 5d095b72-36a8-4126-a6d6-047ca527406e] Reasoning: This sentence discusses identifying particular transactions underlying accounting irregularities, which is somewhat related but does not provide explicit interpretive value regarding the phrase 'identifying particular'.
  [ID: 8ff60528-07cf-449a-9d3e-56450b443292] Reasoning: This sentence discusses identifying particular transactions in the context of accounting fraud, which is somewhat related but does not provide explicit interpretive value regarding the phrase 'identifying particular'.
  [ID: 02a32771-d451-412b-9b2c-e4a2f75fb7be] Reasoning: This sentence compares various cases regarding identifying particular provisions and acts, which is somewhat related but does not provide explicit interpretive value regarding the phrase 'identifying particular'.
  [ID: de298014-4699-4ba2-ba37-f64c041fc9f4] Reasoning: This sentence discusses identifying particular facts that compromise impartiality, which is unrelated to the statutory definition of 'record' or the phrase 'identifying particular'.
  [ID: e2d47f3e-1184-48fe-b57e-976ceca6c430] Reasoning: This sentence discusses the requirement to plead 'particularity' in fraud cases, which is unrelated to the statutory definition of 'record' or the phrase 'identifying particular'.
  [ID: 05b6ebae-5174-4969-b3cb-4d49dac54490] Reasoning: This sentence repeats the statutory definition of 'record' verbatim, including the phrase 'identifying particular', without adding any new interpretive information.
  [ID: 44e78e97-137f-456f-b525-12d84a77717e] Reasoning: This sentence provides case law examples that do not relate to the statutory definition of 'record' or the phrase 'identifying particular', thus adding no interpretive value.
  [ID: e947f46b-0c41-4096-9f31-3b438880a85c] Reasoning: This sentence mentions the requirement to identify 'particular affirmations of fact', which is related to the concept of specificity but does not clarify the meaning of 'identifying particular' in the context of the statute.
  [ID: c964198b-5b93-4103-ac25-4e2e9a3f231d] Reasoning: This sentence discusses identifying 'particular voids' in a different context, which does not relate to the statutory definition of 'record' or the phrase 'identifying particular'.
  [ID: 70f93c8f-094b-48a3-9604-d1f7e741923c] Reasoning: This sentence explains the phrase 'identify particular voids' but does not relate to the statutory definition of 'record' or the phrase 'identifying particular'.
  [ID: 1d56100b-3312-415d-8b36-3f782bef8f3f] Reasoning: This sentence discusses a court's construction of a term related to 'identifying particular voids', which is not relevant to the statutory definition of 'record' or the phrase 'identifying particular'.
  [ID: ede6e45f-cd53-4d4d-bc1a-6339e9e06208] Reasoning: This sentence describes a function related to 'identifying particular position' but does not clarify the meaning of 'identifying particular' in the context of the statute.
  [ID: d036d9ae-a2ea-4530-8604-60ac0ab6fe0d] Reasoning: This sentence discusses a circuit that assists in 'selective filling of a void at an identified particular position', which is unrelated to the statutory definition of 'record' or the phrase 'identifying particular'.
  [ID: 7033c44e-e429-4c01-a20b-a8e20f9b68af] Reasoning: This sentence discusses identifying 'particular corporate checks' in a different context, which does not relate to the statutory definition of 'record' or the phrase 'identifying particular'.
  [ID: ca95ad46-43ba-4a2c-9b75-d143ce904688] Reasoning: This sentence interprets the requirement to identify 'particular patients' in a different context, which does not clarify the meaning of 'identifying particular' in the statute.
  [ID: 2032173b-fb09-4812-9db6-3426af58ce2b] Reasoning: This sentence discusses the need to identify 'particular conversations' in a different legal context, which does not relate to the statutory definition of 'record' or the phrase 'identifying particular'.
  [ID: 06784f90-63c1-4995-b6ea-20c4b205b503] Reasoning: This sentence discusses the failure to identify 'particular items' in a different context, which does not clarify the meaning of 'identifying particular' in the statute.
  [ID: e69aa318-f1a5-49e0-8bfc-a768f14b08cd] Reasoning: This sentence discusses the need to identify 'particular instances' in a different context, which does not relate to the statutory definition of 'record' or the phrase 'identifying particular'.
  [ID: 96486690-b496-496b-9c65-227e2e6064e5] Reasoning: This sentence discusses identifying 'particular pieces of missing documentation' in a different context, which does not clarify the meaning of 'identifying particular' in the statute.
  [ID: 01a75b0a-25a1-4e61-9a03-b8c42e53a56d] Reasoning: This sentence discusses the failure to identify 'particular promotions' in a different context, which does not relate to the statutory definition of 'record' or the phrase 'identifying particular'.
  [ID: 84f371e1-c6f5-427e-983f-3f0783322adc] Reasoning: This sentence discusses identifying 'particular periods of time and circumstances' in a different context, which does not clarify the meaning of 'identifying particular' in the statute.
  [ID: 6a1c9014-f37e-465a-9e2f-c4e1a7f29c54] Reasoning: This sentence discusses identifying 'particular funds or property' in a different context, which does not relate to the statutory definition of 'record' or the phrase 'identifying particular'.
  [ID: c9b391a1-0033-4e1c-a535-ea8469f4107c] Reasoning: This sentence discusses the Supreme Court's determination regarding identifying 'particular individuals' in a different context, which does not clarify the meaning of 'identifying particular' in the statute.
  [ID: 3257fb71-6aae-4292-aafd-7c1963021bcd] Reasoning: This sentence discusses identifying 'particular songs' in a different context, which does not relate to the statutory definition of 'record' or the phrase 'identifying particular'.
  [ID: 0181bc4a-8b4b-4baa-a867-ef38894ae278] Reasoning: This sentence discusses rebuttal evidence without identifying 'particular pages', which does not clarify the meaning of 'identifying particular' in the statute.
  [ID: b1b3cb65-7c10-4600-9e53-c5dc3424e69d] Reasoning: This sentence discusses the need to identify 'particular calls' in a different context, which does not relate to the statutory definition of 'record' or the phrase 'identifying particular'.
  [ID: 659ffe3a-7e4d-46f9-b484-d476e46ede4a] Reasoning: This sentence discusses identifying 'particular difficulties' in a different context, which does not clarify the meaning of 'identifying particular' in the statute.
  [ID: 925776d5-3613-4d45-95b1-33444aca4502] Reasoning: This sentence discusses identifying 'particular corroborating evidence' in a different context, which does not relate to the statutory definition of 'record' or the phrase 'identifying particular'.
  [ID: 94f02ea3-d663-42ef-8798-fd610addc121] Reasoning: This sentence discusses the IJ's failure to identify 'particular corroborating evidence' in a different context, which does not clarify the meaning of 'identifying particular' in the statute.
  [ID: c24fd8c3-5333-42c3-bf43-b76db0295124] Reasoning: This sentence discusses identifying particular clients in a treatment context, which relates to the phrase of interest but does not provide a definition or elaboration on the statutory term 'identifying particular'.
  [ID: 74ab7b2a-08cf-4889-92fb-bba0150a6be8] Reasoning: This sentence is a citation of case law and does not provide any interpretive information regarding the phrase of interest or the statute.
  [ID: 0e275d0d-ce63-40d2-a0e3-69679d97f7d7] Reasoning: This sentence discusses the failure to identify particular papers in a subpoena context, which does not add interpretive meaning to the statutory term 'identifying particular'.
  [ID: 1f531da7-95b0-42c1-85f8-fdb930c6c778] Reasoning: This sentence discusses identifying particular localities on a highway, which is unrelated to the statutory context of identifying information about individuals.
  [ID: f251d68d-6598-4ed0-8e77-02cfdccd07ae] Reasoning: This sentence discusses the impossibility of identifying particular property, which does not relate to the statutory context of identifying information about individuals.
  [ID: fae275ad-2266-4af7-89fb-0450d20dc1bc] Reasoning: This sentence mentions qualifications for evaluators, which does not provide interpretive meaning related to the statutory term 'identifying particular'.
  [ID: 2fe394f2-45fa-47e5-98eb-53ac4eea02e4] Reasoning: This sentence is a repeat of a previous sentence and does not add any new interpretive information.
  [ID: 8dc70ff2-825a-4f7c-b403-0d4cd8100f03] Reasoning: This sentence discusses the inability to identify particular aspects of a knife, which does not relate to the statutory context of identifying information about individuals.
  [ID: c145b76c-8e07-4fe5-9123-b18d7a35e61c] Reasoning: This sentence discusses the failure to maintain an accurate accounting system for steel deliveries, which does not provide interpretive meaning related to the statutory term 'identifying particular'.
  [ID: 9291656b-dda0-48d6-91fe-e731f7f19556] Reasoning: This sentence discusses the identification of particular facts for a legal standard, which is somewhat related but does not provide a clear interpretive meaning for the statutory term.
  [ID: 83e3b9bc-dae7-4eaf-891c-8ba35293faef] Reasoning: This sentence provides details on identifying information for records, which is relevant to the phrase of interest and adds interpretive meaning regarding how to identify records.
  [ID: 3d899ae5-faf7-44f9-9859-89a759b669f0] Reasoning: This sentence identifies particular diseases under a different statutory context, which does not directly relate to the phrase of interest.
  [ID: 598bc52c-1099-43f5-b928-6937cce9e448] Reasoning: This sentence discusses identifying particular job classifications, which does not provide interpretive meaning related to the statutory term 'identifying particular'.
  [ID: 56c834e2-ff3b-494c-8427-185341ed9d79] Reasoning: This sentence is a repeat of a previous sentence and does not add any new interpretive information.
  [ID: 712584e9-421a-4335-b750-7b7392687939] Reasoning: This sentence is a repeat of a previous sentence and does not add any new interpretive information.
  [ID: c60e8600-38d4-4c4e-a0a9-8196c31a8590] Reasoning: This sentence is a repeat of a previous sentence and does not add any new interpretive information.
  [ID: b5c8d3f3-2d51-4976-90ae-5ede9e57bc96] Reasoning: This sentence is a repeat of a previous sentence and does not add any new interpretive information.
  [ID: 365c07c4-86e6-460d-b26b-64c533446a9d] Reasoning: This sentence discusses a legal ruling that did not identify particular property, which does not provide interpretive meaning related to the statutory term 'identifying particular'.
  [ID: c76e6f58-36e2-4062-a8d2-ceb16bd5a30e] Reasoning: This sentence discusses identifying a particular ruling in a legal context, which does not provide interpretive meaning related to the statutory term 'identifying particular'.
  [ID: 21243e2f-1399-4c5c-a36a-4ba95d1ae57d] Reasoning: This sentence is a repeat of a previous sentence and does not add any new interpretive information.
  [ID: 384ab948-c154-431b-9faa-b97a10557393] Reasoning: This sentence is a repeat of a previous sentence and does not add any new interpretive information.
  [ID: fc890c20-911c-47e5-8c4a-65321b423150] Reasoning: This sentence discusses identifying particular dredging locations, which does not relate to the statutory context of identifying information about individuals.
  [ID: dee0d5d8-4f2d-4bfe-8aac-aa01bc3c60e5] Reasoning: This sentence discusses a challenge to provisions identifying particular substances, which does not provide interpretive meaning related to the statutory term 'identifying particular'.
  [ID: 200aba51-9bc8-46f5-aeb7-b8afc9ba2b95] Reasoning: This sentence is a repeat of a previous sentence and does not add any new interpretive information.
  [ID: ffed3ca2-4471-441b-8143-f1b4186d94df] Reasoning: This sentence discusses testimony identifying particular incidents, which does not provide interpretive meaning related to the statutory term 'identifying particular'.
  [ID: b5bf59a5-3afb-4edc-b297-9ff21695e9fa] Reasoning: This sentence discusses identifying false claims for payment, which is unrelated to the statutory definition of 'identifying particular' in the context of personal information. It does not provide interpretive information relevant to the phrase of interest.
  [ID: b1032628-929d-49b9-b059-15a0efa660c9] Reasoning: This sentence refers to identifying lands as swamp and overflowed lands, which is unrelated to the statutory context of personal information. It does not provide relevant interpretive information about the phrase of interest.
  [ID: dadeb5f8-bf5f-4162-a3a0-a11a0ab1a183] Reasoning: This sentence discusses identifying attorneys under investigation, which does not relate to the statutory definition of identifying particulars in the context of personal information. It lacks interpretive value.
  [ID: 9c24abc9-d9ea-45a5-a43e-4633bc1cebc2] Reasoning: This sentence discusses identifying material facts in a legal context, which does not relate to the statutory definition of identifying particulars about individuals. It does not provide relevant interpretive information.
  [ID: a91d0c42-df1e-44ed-a91e-4e368cdc8e56] Reasoning: This sentence refers to identifying particular language in a court charge, which is unrelated to the statutory context of personal information. It does not provide interpretive value regarding the phrase of interest.
  [ID: bb545aa1-3e9d-4825-bb06-e5db75a52c2f] Reasoning: This sentence discusses identifying factual disputes in a legal context, which does not relate to the statutory definition of identifying particulars about individuals. It lacks interpretive value.
  [ID: 8f24212e-4d5e-4954-85fa-37ca26134a3f] Reasoning: This sentence discusses failing to identify particular representations in a fraud claim, which is unrelated to the statutory definition of identifying particulars about individuals. It does not provide relevant interpretive information.
  [ID: d92df689-250b-4c2d-baa1-5b0a4ac0897d] Reasoning: This sentence discusses identifying particular allegations in complaints, which does not relate to the statutory definition of identifying particulars about individuals. It lacks interpretive value.
  [ID: 17cabe13-229e-4886-afc3-d9ef51375e34] Reasoning: This sentence discusses identifying instances of protected speech, which is unrelated to the statutory definition of identifying particulars about individuals. It does not provide relevant interpretive information.
  [ID: 55754aac-fd1d-49ec-9823-951a60b8924c] Reasoning: This sentence discusses failing to identify particular pieces of information in a fraud context, which does not relate to the statutory definition of identifying particulars about individuals. It lacks interpretive value.
  [ID: d8633b28-6847-4be3-8a37-2a0b3566e8a8] Reasoning: This sentence discusses identifying claims that were probably false, which does not relate to the statutory definition of identifying particulars about individuals. It lacks interpretive value.
  [ID: bcb218f0-7bcd-48b9-9961-f33c17dd1035] Reasoning: This sentence discusses identifying particular types of documents, which is unrelated to the statutory definition of identifying particulars about individuals. It does not provide relevant interpretive information.
  [ID: 410916e5-6c7a-4aea-8b57-577d03f1345f] Reasoning: This sentence quotes the statute verbatim, providing no new interpretive information about the phrase of interest. It merely restates the definition.
  [ID: ef34e7af-0e1c-4d87-a691-0657a22db95f] Reasoning: This sentence quotes the statute verbatim, providing no new interpretive information about the phrase of interest. It merely restates the definition.
  [ID: 39aaff28-078d-480f-a91c-bf896d36c326] Reasoning: This sentence discusses compliance with the statute regarding records retrieval, which does not provide new interpretive information about the phrase of interest. It lacks interpretive value.
  [ID: fc28b18b-ddde-461c-afeb-3afe83b17a8f] Reasoning: This sentence discusses access under the Privacy Act, which does not provide new interpretive information about the phrase of interest. It lacks interpretive value.
  [ID: fbcbef09-0b2c-40d3-b270-eaa8e94ecb97] Reasoning: This sentence discusses congressional intent regarding access to information, which does not provide new interpretive information about the phrase of interest. It lacks interpretive value.
  [ID: eaa0117a-efaa-433b-ab36-7ea66adc3676] Reasoning: This sentence discusses court decisions regarding agency obligations, which does not provide new interpretive information about the phrase of interest. It lacks interpretive value.
  [ID: d2ac2be6-4903-4ef6-8eeb-dad1b3dd7d26] Reasoning: This sentence discusses identifying particular products in a legal context, which is unrelated to the statutory definition of identifying particulars about individuals. It does not provide relevant interpretive information.
  [ID: d331ae4b-f7eb-4cff-a381-d25f9db99f10] Reasoning: This sentence discusses failing to identify particular jobs related to products, which is unrelated to the statutory definition of identifying particulars about individuals. It does not provide relevant interpretive information.
  [ID: c8cf3baf-c67b-4efe-8065-1e0fb6f23d57] Reasoning: This sentence discusses identifying particular facts in a legal context, which does not relate to the statutory definition of identifying particulars about individuals. It lacks interpretive value.
  [ID: baed8541-3990-45d5-9d35-de4ad8fa771d] Reasoning: This sentence discusses failing to identify particular counts in a legal context, which does not relate to the statutory definition of identifying particulars about individuals. It lacks interpretive value.
  [ID: b5c31e14-f0b9-4985-89c3-e459f860a47c] Reasoning: This sentence discusses identifying particular instances for credibility findings, which is unrelated to the statutory definition of identifying particulars about individuals. It does not provide relevant interpretive information.
  [ID: ac6cbb3e-6f01-46e2-986c-cbb63d7c4e53] Reasoning: This sentence discusses identifying particular jurisdictions under a different statute, which does not relate to the statutory definition of identifying particulars about individuals. It lacks interpretive value.
  [ID: 17e99b7b-74b6-4b58-8d5e-e4d19d001d54] Reasoning: This sentence discusses identifying particular activities as a trade or business, which is unrelated to the statutory definition of identifying particulars about individuals. It does not provide relevant interpretive information.
  [ID: 117d7408-c9f6-41d4-92de-41294366266b] Reasoning: This sentence discusses identifying particular acts or omissions of a lawyer in a legal context, which does not relate to the statutory definition of 'identifying particular' as it pertains to personal information. It does not provide any interpretive value regarding the phrase of interest.
  [ID: f41670eb-f15a-4fc9-9760-b6657b47ce5f] Reasoning: This sentence is identical to the previous one and does not add any new interpretive information regarding the statutory term. It focuses on legal performance rather than the identification of individuals.
  [ID: 8f85fe99-9985-4964-8bf0-cbcd6e57543a] Reasoning: This sentence discusses the disclosure of information in a manner that does not identify particular individuals, which relates to the concept of identifying particular but does not elaborate on its meaning in the context of the statute. It implies a boundary but lacks explicit interpretive value.
  [ID: d5866050-250b-42bb-b411-724bad0291fb] Reasoning: This sentence is a repeat of a previous one and does not provide any new interpretive information regarding the statutory term. It focuses on legal performance rather than the identification of individuals.
  [ID: 345d7c89-fd65-4c32-bd85-99c1760355c5] Reasoning: This sentence is a repeat of a previous one and does not provide any new interpretive information regarding the statutory term. It focuses on legal performance rather than the identification of individuals.
  [ID: 767f2c74-fe40-4fa6-88fd-376e56dacbb4] Reasoning: This sentence discusses identifying particular positions or classes of positions for which alienage might be a disqualification. While it uses the phrase 'identifying particular', it does not relate to the statutory definition of identifying particulars about individuals.
  [ID: e38be7ea-b06f-4e7a-b5f6-fc6abcbbe99a] Reasoning: This sentence discusses identifying particular expressive conduct for which a permit is required. While it uses the phrase 'identifying particular', it does not relate to the statutory definition of identifying particulars about individuals.
  [ID: f2954ea3-0e71-437a-aa76-8654af56e05b] Reasoning: This sentence is a repeat of a previous one and does not provide any new interpretive information regarding the statutory term. It focuses on legal performance rather than the identification of individuals.
  [ID: 3571f760-2469-4e06-9da0-58c3c0d55f55] Reasoning: This sentence is a repeat of a previous one and does not provide any new interpretive information regarding the statutory term. It focuses on legal performance rather than the identification of individuals.
  [ID: 0cdfc1e0-44c7-402b-886d-ea0dcbeb5cae] Reasoning: This sentence discusses identifying particular problems in transferring safety lessons from one reactor to another. While it uses the phrase 'identifying particular', it does not relate to the statutory definition of identifying particulars about individuals.
  [ID: df563ea4-0fd7-4726-b5de-823159a6e0d4] Reasoning: This sentence is a repeat of a previous one and does not provide any new interpretive information regarding the statutory term. It focuses on legal performance rather than the identification of individuals.
  [ID: 67bbc8b7-aab6-4e26-8663-920def9b7960] Reasoning: This sentence discusses identifying particular arrangements that might threaten governmental efficiency. While it uses the phrase 'identifying particular', it does not relate to the statutory definition of identifying particulars about individuals.
  [ID: 67cc1af0-263a-4398-9fae-eabc7cd7b3bd] Reasoning: This sentence is a repeat of a previous one and does not provide any new interpretive information regarding the statutory term. It focuses on legal performance rather than the identification of individuals.
  [ID: 821895a6-70cf-48dd-b71d-e2d93958a556] Reasoning: This sentence is a repeat of a previous one and does not provide any new interpretive information regarding the statutory term. It focuses on legal performance rather than the identification of individuals.
  [ID: 27b20cf4-871a-4c51-aad2-0f0633e34a07] Reasoning: This sentence discusses identifying particular problems in transferring safety lessons from one reactor to another. While it uses the phrase 'identifying particular', it does not relate to the statutory definition of identifying particulars about individuals.
  [ID: 62deeb58-34a6-4b0c-ba32-27021058b43c] Reasoning: This sentence is a repeat of a previous one and does not provide any new interpretive information regarding the statutory term. It focuses on legal performance rather than the identification of individuals.
  [ID: f3bbd51a-84b1-42a0-b629-93f2bb5c8066] Reasoning: This sentence discusses the necessity to identify particular individuals to show real injury in a legal context. While it uses the phrase 'identifying particular', it does not relate to the statutory definition of identifying particulars about individuals.
  [ID: 3512c6da-7b02-4568-af82-60d37db4e156] Reasoning: This sentence is a repeat of a previous one and does not provide any new interpretive information regarding the statutory term. It focuses on legal performance rather than the identification of individuals.
  [ID: e1abe260-5593-4ad2-a883-4c1ac7151f70] Reasoning: This sentence is a repeat of a previous one and does not provide any new interpretive information regarding the statutory term. It focuses on legal performance rather than the identification of individuals.
  [ID: 529e32e5-c3be-4a6b-ab3d-2010ca8b1966] Reasoning: This sentence is a repeat of a previous one and does not provide any new interpretive information regarding the statutory term. It focuses on legal performance rather than the identification of individuals.
  [ID: 7db898eb-4fb4-4074-aada-1336996c7b54] Reasoning: This sentence is a repeat of a previous one and does not provide any new interpretive information regarding the statutory term. It focuses on legal performance rather than the identification of individuals.
  [ID: 89d9c956-5012-4e66-9949-3eaf7118ea26] Reasoning: This sentence provides a definition of a 'system of records' that includes the phrase 'identifying particular', which is directly relevant to the statutory definition. It adds interpretive value by clarifying how the term is used in the context of the Privacy Act.
  [ID: a8b48986-8c29-4975-8a41-5b4e74708252] Reasoning: This sentence discusses the retrieval of a video by an identifying particular, which relates to the statutory definition of identifying particulars. It provides context for how identifying particulars operate within the framework of the Privacy Act.
  [ID: 5314b722-0eb1-4c01-aec5-b1ee9b87d95f] Reasoning: This sentence is a verbatim quote of the statutory definition of 'record', which includes the phrase 'identifying particular'. It does not add any new interpretive information beyond what is already stated in the statute.
  [ID: c10289f2-3ece-4d94-bfea-2adbe1768d4f] Reasoning: This sentence discusses identifying particular exclusions of time in a legal context. While it uses the phrase 'identifying particular', it does not relate to the statutory definition of identifying particulars about individuals.
  [ID: ca20de94-2860-45ad-983a-9e59f2c466fe] Reasoning: This sentence discusses identifying acts or omissions of a lawyer, which does not relate to the statutory definition of 'identifying particular' in the context of personal information. It does not provide any interpretive value regarding the phrase of interest.
  [ID: e230a8a2-f160-4788-a041-bb680c235d61] Reasoning: This sentence refers to identifying particular answers in a different context (ambassadors' responses) and does not relate to the statutory meaning of identifying personal information. It does not add interpretive value.
  [ID: 47d38dcb-bab1-47d3-b535-3cd2d7c62996] Reasoning: This sentence discusses identifying particular employment practices, which is unrelated to the statutory context of identifying personal information. It does not provide interpretive value regarding the phrase of interest.
  [ID: 7b04d31e-5664-4940-91eb-ff89691f4c2e] Reasoning: This sentence mentions identifying particular employment practices but does not relate to the statutory definition of identifying personal information. It does not add interpretive value.
  [ID: 1b7663df-e9b2-4a4a-9b15-38a2badc06a0] Reasoning: Similar to previous sentences, this one discusses identifying particular employment practices and does not relate to the statutory context of identifying personal information. It does not provide interpretive value.
  [ID: 1393c67a-3ee0-4597-8229-b96e7d2baa80] Reasoning: This sentence discusses identifying particular policy reasons in a regulatory context, which does not relate to the statutory definition of identifying personal information. It does not add interpretive value.
  [ID: 545d6a96-5e04-4e02-9da8-7a4d9f0e29b2] Reasoning: This sentence refers to identifying particular circumstances related to a defendant's mental condition, which is unrelated to the statutory context of identifying personal information. It does not provide interpretive value.
  [ID: aa8d32dc-2366-4352-9695-84c7a7d89578] Reasoning: This sentence discusses identifying particular animals and ownership, which does not relate to the statutory definition of identifying personal information. It does not add interpretive value.
  [ID: 169b9b1b-770b-421b-9d41-fc85d23edf06] Reasoning: This sentence discusses identifying particular injured consumers in a legal context, which does not relate to the statutory definition of identifying personal information. It does not provide interpretive value.
  [ID: 15ad8df7-55d8-4306-b504-7c8ba3511830] Reasoning: This sentence refers to identifying particular fragments in a scientific context, which does not relate to the statutory definition of identifying personal information. It does not add interpretive value.
  [ID: 176e8ad7-03e0-4192-8c8d-41f103b44f17] Reasoning: This sentence repeats the earlier context of identifying acts or omissions of a lawyer, which does not relate to the statutory definition of identifying personal information. It does not provide interpretive value.
  [ID: 7525f8b8-332c-459d-9314-368cb9f5d10b] Reasoning: This sentence discusses identifying particular policies or decisions in a different context, which does not relate to the statutory definition of identifying personal information. It does not add interpretive value.
  [ID: e4f55825-4a77-4012-a8d7-3660c55dc44f] Reasoning: This sentence mentions identifying particular children using numbers instead of names, which does not relate to the statutory definition of identifying personal information. It does not provide interpretive value.
  [ID: 8065f1a4-5a25-430f-9e6f-a3bd74c43bee] Reasoning: This sentence discusses identifying particular relevant items in a context that does not relate to the statutory definition of identifying personal information. It does not add interpretive value.
  [ID: 623c7f69-59fe-4148-bb5a-d2e38401219a] Reasoning: This sentence repeats the earlier context of identifying acts or omissions of a lawyer, which does not relate to the statutory definition of identifying personal information. It does not provide interpretive value.
  [ID: f89a4896-f3c3-4c3b-a30d-4627c2255fa2] Reasoning: This sentence discusses identifying particular property belonging to a victim, which does not relate to the statutory definition of identifying personal information. It does not add interpretive value.
  [ID: d3c41ba5-9d21-4458-9f8a-92155f52467b] Reasoning: This sentence repeats the earlier context of identifying acts or omissions of a lawyer, which does not relate to the statutory definition of identifying personal information. It does not provide interpretive value.
  [ID: 8d65337f-4e10-4410-888c-1c3c3785964a] Reasoning: This sentence discusses identifying particular putative class members in a mass-tort context, which does not relate to the statutory definition of identifying personal information. It does not provide interpretive value.
  [ID: b7544232-51c5-4e79-8229-164b85fa3f19] Reasoning: This sentence discusses identifying particular features observed from the outside, which does not relate to the statutory definition of identifying personal information. It does not add interpretive value.
  [ID: b3e395e9-49ea-4c5b-8ed3-3adc932f98e2] Reasoning: This sentence discusses revisions that identify particular conduct of a parent, which does not relate to the statutory definition of identifying personal information. It does not provide interpretive value.
  [ID: b26af4c4-eff0-402b-bbdc-c5eeb15021b8] Reasoning: This sentence discusses identifying particular jurors in a voir dire context, which does not relate to the statutory definition of identifying personal information. It does not add interpretive value.
  [ID: d1bede4a-02f5-47e9-806e-a5b99994291d] Reasoning: This sentence repeats the earlier context of identifying acts or omissions of a lawyer, which does not relate to the statutory definition of identifying personal information. It does not provide interpretive value.
  [ID: 2cbbc720-0a87-4f30-ac8a-3af4c95618ff] Reasoning: This sentence discusses identifying particular items in a context that does not relate to the statutory definition of identifying personal information. It does not provide interpretive value.
  [ID: 80737bc4-ec1a-41cc-96c9-9f47116f3d64] Reasoning: This sentence repeats the earlier context of identifying acts or omissions of a lawyer, which does not relate to the statutory definition of identifying personal information. It does not provide interpretive value.
  [ID: 904c920d-9406-4131-aa51-9b1828cce34b] Reasoning: This sentence discusses identifying particular dangers in a medical context, which does not relate to the statutory definition of identifying personal information. It does not provide interpretive value.
  [ID: b583a3ed-29d4-4cb5-921b-faabe854f783] Reasoning: This sentence discusses zoning laws and their permitted uses, which does not relate to the phrase 'identifying particular' in the context of the statute about records and personal information.
  [ID: 4e9a484e-a1af-44a2-ab57-3a933eb4e1f9] Reasoning: This sentence refers to terms used descriptively rather than as names to identify institutions, which does not provide relevant interpretive information about the phrase 'identifying particular' in the context of the statute.
  [ID: 8d3c66f0-8c64-4375-909f-04c7b6819432] Reasoning: This sentence mentions identifying particular design concepts but does not relate to the statutory context of personal records or identifying particulars.
  [ID: 6373f72e-7f9f-47a1-8de7-239ba7e9846a] Reasoning: This sentence discusses misappropriation of trade secrets and identifies particular ideas, but it does not clarify the meaning of 'identifying particular' in the context of personal records.
  [ID: 94d57377-8257-4f61-ac64-6c9faf0f20a5] Reasoning: This sentence discusses the need for identifying particulars in the context of money, which is unrelated to the statutory context of personal records.
  [ID: 6c8ce1e5-4753-4c05-aa80-b47fdff5ca39] Reasoning: This sentence mentions a lack of identifying particular individuals but does not provide relevant interpretive information about the statutory phrase.
  [ID: 97a2f6c4-7739-4add-b410-c90b425d5720] Reasoning: This sentence refers to identifying particular causes of action in a legal context, which does not relate to the statutory meaning of personal records.
  [ID: eedc5249-a8ea-414b-86f5-b4e9564dafc1] Reasoning: This sentence discusses identifying particular events for planning, which does not relate to the statutory context of personal records.
  [ID: f31eea1e-cb3c-448a-9fd5-604c9fb4f7d8] Reasoning: This sentence discusses identifying particular acts or omissions of a lawyer, which does not provide relevant interpretive information about the statutory phrase.
  [ID: 9d18ce5a-8d18-4948-b6c4-dfa4f32abac8] Reasoning: This sentence is a repeat of the previous one and does not add any new interpretive information.
  [ID: 0486e1f5-8e0e-4090-b343-3988c7f8d385] Reasoning: This sentence is a repeat of the previous ones and does not provide new interpretive information.
  [ID: a35e8e45-7acc-4290-98c7-5acb6700482e] Reasoning: This sentence is a repeat of the previous ones and does not provide new interpretive information.
  [ID: 326333a9-1b5f-4855-a4ed-d97480edd2f9] Reasoning: This sentence discusses prohibiting association with particular individuals, which does not relate to the statutory context of identifying particulars in personal records.
  [ID: 5531f8e5-21f3-4e3b-a46d-514422fa6345] Reasoning: This sentence is a repeat of the previous ones and does not provide new interpretive information.
  [ID: 2a511bed-ac38-40d8-a34d-b43e8dc04a43] Reasoning: This sentence is a repeat of the previous ones and does not provide new interpretive information.
  [ID: 92c43e34-e2fa-4fc4-9c86-482aae970a34] Reasoning: This sentence discusses identifying particular acts or omissions of a lawyer, which does not provide relevant interpretive information about the statutory phrase.
  [ID: 436154d0-e039-443d-b801-5bd80c2b451b] Reasoning: This sentence is a repeat of the previous ones and does not provide new interpretive information.
  [ID: f2e3cb9d-c885-40ca-8344-3cca238e87bd] Reasoning: This sentence is a repeat of the previous ones and does not provide new interpretive information.
  [ID: 1b1f28c2-1438-40ec-8981-b802a0d2dd54] Reasoning: This sentence discusses requirements for ineffective assistance of counsel claims, which does not relate to the statutory context of identifying particulars in personal records.
  [ID: 702f6a18-0255-4a23-875d-5282acab4ada] Reasoning: This sentence discusses identifying particular patients or residents in a legal context, which does not clarify the meaning of 'identifying particular' in the context of personal records.
  [ID: dfbcf5e5-ea8c-49b3-8c46-cd5a4ea20438] Reasoning: This sentence discusses identifying particular acts or omissions of a lawyer, which does not provide relevant interpretive information about the statutory phrase.
  [ID: 7af1ee6e-bb5b-4c9f-bd22-b1b36165117a] Reasoning: This sentence is a repeat of the previous ones and does not provide new interpretive information.
  [ID: 33185493-3486-4aa3-a66f-62a87c626b09] Reasoning: This sentence is a repeat of the previous ones and does not provide new interpretive information.
  [ID: 5d33dda7-048d-424c-86f0-2a83d10fa9f9] Reasoning: This sentence discusses identifying particular acts or omissions of a lawyer, which does not provide relevant interpretive information about the statutory phrase.
  [ID: dcb061fe-2287-42e4-83da-3fe01c603bde] Reasoning: This sentence is a repeat of the previous ones and does not provide new interpretive information.
  [ID: 874b1b39-e1f3-4cf5-ae3b-13848c485ee8] Reasoning: This sentence discusses a court instruction to identify individuals in a specific context, but it does not provide any interpretive information about the statutory term 'identifying particular'.
  [ID: a711ec07-1ab0-453a-b109-031e8fc53bde] Reasoning: This sentence refers to identifying medical procedures but does not relate to the statutory term 'identifying particular' in a meaningful way.
  [ID: 613de3db-084c-44cc-a009-4a7b53274bda] Reasoning: This sentence mentions identifying statements but does not elaborate on the meaning of 'identifying particular' as defined in the statute.
  [ID: 8dbf5ca8-a35b-4cc7-8c9b-c311d0c12d7a] Reasoning: This sentence identifies specific prescriptions but does not provide interpretive information about the statutory term 'identifying particular'.
  [ID: 18955483-9a66-467b-9a8e-01e2b8120044] Reasoning: This sentence provides a definition of 'system of records' that includes the phrase 'identifying particular', which is relevant but does not add new interpretive information beyond the statute.
  [ID: 54db0ee2-cdef-4864-9e83-adc7755da988] Reasoning: This sentence discusses treaties but does not relate to the statutory term 'identifying particular' in a meaningful way.
  [ID: 3cc63b11-007b-4aa2-82df-8f75aa2f3aa7] Reasoning: This sentence defines 'system of records' and includes the phrase 'identifying particular', but it does not provide new interpretive information beyond the statute.
  [ID: 6b8e2798-14eb-4d0d-a115-0c546e50d7be] Reasoning: This sentence discusses the threshold issue of records under the Privacy Act but does not provide new interpretive information about 'identifying particular'.
  [ID: 52b0b370-06a4-4d8b-b7a9-4e7b46321e9c] Reasoning: This sentence discusses the interpretation of the statute but does not provide new interpretive information about 'identifying particular'.
  [ID: e1afcd33-6342-4172-a85d-6770d090b10c] Reasoning: This sentence discusses standards for dismissal but does not relate to the statutory term 'identifying particular' in a meaningful way.
  [ID: b1f05404-9240-4760-8f2a-f02e29907af6] Reasoning: This sentence discusses identifying portions of testimony but does not provide interpretive information about the statutory term 'identifying particular'.
  [ID: 9af3d89f-8a61-4d82-b8b2-6737a9001499] Reasoning: This sentence discusses identifying facts but does not provide interpretive information about the statutory term 'identifying particular'.
  [ID: 9288f57e-ab31-4724-80bb-ced55c920177] Reasoning: This sentence provides a definition of 'system of records' that includes the phrase 'identifying particular', but it does not add new interpretive information beyond the statute.
  [ID: 43d5afc4-3bee-4c73-bf25-19f006ddbf9f] Reasoning: This sentence discusses identifying statements but does not provide interpretive information about the statutory term 'identifying particular'.
  [ID: 171d8d69-0ba0-4b6a-863f-3eab7b4c3135] Reasoning: This sentence discusses identifying economic parameters but does not provide interpretive information about the statutory term 'identifying particular'.
  [ID: 7268c308-0f2c-4980-89d9-dd0cbcdae32b] Reasoning: This sentence discusses identifying web pages but does not provide interpretive information about the statutory term 'identifying particular'.
  [ID: 84044fd2-1c59-49ba-9e47-9b0b8422efd9] Reasoning: This sentence discusses identifying statements in a specific case but does not provide interpretive information about the statutory term 'identifying particular'.
  [ID: c634bfea-e997-43c2-81fe-b240583c4aaf] Reasoning: This sentence discusses identifying instances of perjury but does not provide interpretive information about the statutory term 'identifying particular'.
  [ID: deb3ec46-6def-4663-ba97-5fd560d4e42f] Reasoning: This sentence discusses identifying instances of perjury but does not provide interpretive information about the statutory term 'identifying particular'.
  [ID: c8361973-1d20-452a-8428-1dfadaef95e3] Reasoning: This sentence discusses identifying calls but does not provide interpretive information about the statutory term 'identifying particular'.
  [ID: 8410be69-7ce9-4509-971f-ed058447974e] Reasoning: This sentence discusses identifying claims under the PLCAA but does not provide interpretive information about the statutory term 'identifying particular'.
  [ID: 8075ee81-cb6a-479a-8452-e25987651377] Reasoning: This sentence discusses identifying parties and transactions but does not provide interpretive information about the statutory term 'identifying particular'.
  [ID: ff786654-e300-4ef9-b682-b0026729635c] Reasoning: This sentence discusses identifying evidence but does not provide interpretive information about the statutory term 'identifying particular'.
  [ID: 56b5a47e-15c7-42ca-ba9b-29ae23669779] Reasoning: This sentence repeats the definition of 'record' from the statute and does not add any new interpretive information about 'identifying particular'.
  [ID: 62e8ad97-f2ca-4a07-93d8-c3c5989d7721] Reasoning: This sentence repeats the definition of 'system of records' from the statute and does not add any new interpretive information about 'identifying particular'.
  [ID: 0852abcc-da6c-487c-8363-70a42baf2e82] Reasoning: This sentence discusses a court ruling regarding patent rights and does not relate to the phrase 'identifying particular' in the context of the statute.
  [ID: da06389d-3605-49cc-8eeb-4de5b5d8bcb3] Reasoning: This sentence mentions 'identifying particular members' but does not provide any interpretive information about the statutory term 'identifying particular' as it relates to records or personal information.
  [ID: 7d8a204d-4379-422a-ae40-b33f4915356f] Reasoning: This sentence discusses identifying particular offenses in the context of criminal statutes, which is not directly related to the statutory definition of 'record' or 'identifying particular'.
  [ID: cfa4354a-14c9-4cb1-bb0c-e007190d5b80] Reasoning: This sentence discusses privacy interests and does not provide any interpretive information about the statutory term 'identifying particular' as it relates to records.
  [ID: 2ba9b9bf-23e9-4856-a43f-1e9e019f47eb] Reasoning: This sentence discusses the necessity of identifying particular purchases in a legal context but does not relate to the statutory definition of 'record' or 'identifying particular'.
  [ID: 088585f6-f232-4eb6-b35c-33f42f964526] Reasoning: This sentence discusses identifying particular testimony in a legal context but does not provide interpretive information about the statutory term 'identifying particular'.
  [ID: af470c62-d5d1-4ff2-a9d9-5f42dc7ebf22] Reasoning: This sentence directly relates to the statutory definition of 'record' and provides a clear explanation of what constitutes an identifying particular, thus adding interpretive value.
  [ID: 0c2f29fa-c7ad-49ae-86f8-0e76db853054] Reasoning: This sentence provides a definition of a 'system of records' that includes the phrase 'identifying particular', which adds interpretive value to the statutory term.
  [ID: 84e94806-8073-4543-bffc-93cea79c9a09] Reasoning: This sentence discusses identifying particular deficiencies in a plan but does not relate to the statutory definition of 'identifying particular' in the context of records.
  [ID: c737ec6e-1d95-4b52-9753-7bc7145ff17d] Reasoning: This sentence mentions identifying particular actors but does not provide any interpretive information about the statutory term 'identifying particular'.
  [ID: 0e6a7896-7377-4dfe-a6c1-e742fb64caaf] Reasoning: This sentence discusses identifying particular conduct in a constitutional context but does not relate to the statutory definition of 'identifying particular'.
  [ID: 2c6a9b64-2329-40bb-92ec-13e52492ee3d] Reasoning: This sentence discusses identifying particular sections of a law but does not provide interpretive information about the statutory term 'identifying particular'.
  [ID: 0b2bc6c5-3c05-4806-8074-1dd96188d9fe] Reasoning: This sentence discusses identifying particular instances of discriminatory treatment but does not relate to the statutory definition of 'identifying particular'.
  [ID: a45bad61-3a95-4191-b9ef-e50c441b03d5] Reasoning: This sentence discusses identifying particular statements or incidents in the context of harassment claims but does not provide interpretive information about the statutory term 'identifying particular'.
  [ID: 17f4d183-dc6b-4933-861a-1adb290d2fc1] Reasoning: This sentence discusses identifying particular cases in a legal context but does not provide interpretive information about the statutory term 'identifying particular'.
  [ID: 43ff2738-10f3-402e-8830-94156a46b0ad] Reasoning: This sentence discusses identifying particular false claims in a legal context but does not provide interpretive information about the statutory term 'identifying particular'.
  [ID: 8a49d95a-cd7c-4d7f-af8f-013b6ce9f851] Reasoning: This sentence discusses identifying particular securities in a financial context but does not provide interpretive information about the statutory term 'identifying particular'.
  [ID: 61682058-1777-4e2b-89b2-5f75c1f65fff] Reasoning: This sentence discusses identifying particular religious items but does not provide interpretive information about the statutory term 'identifying particular'.
  [ID: ed99c822-d48a-49ce-be8c-38adac345afb] Reasoning: This sentence discusses identifying particular analyses in a claim context but does not provide interpretive information about the statutory term 'identifying particular'.
  [ID: 6ba88ca5-e7f2-419d-a400-0f2d7d1a7a3d] Reasoning: This sentence discusses identifying particular government exhibits but does not provide interpretive information about the statutory term 'identifying particular'.
  [ID: 75d6ed73-2e4f-4f45-afdc-7162e07f2c60] Reasoning: This sentence repeats the statutory definition of 'record' and does not add any new interpretive information about 'identifying particular'.
  [ID: 624d97fe-aa9a-418f-a558-60c5b942951b] Reasoning: This sentence repeats the statutory definition of a 'system of records' and does not add any new interpretive information about 'identifying particular'.
  [ID: 3d8a6a81-f5ad-4284-a65b-53a117570f61] Reasoning: This sentence discusses identifying particular facts in a legal context but does not provide interpretive information about the statutory term 'identifying particular'.
  [ID: dc7b5f53-54ae-415d-80b7-a355603e190f] Reasoning: This sentence discusses identifying particular actions or decisions in the context of EPA claims but does not provide interpretive information about the statutory term 'identifying particular'.
  [ID: 99e1385e-c5d6-48eb-94eb-53cfd9ba2b1e] Reasoning: This sentence discusses identifying particular actions or decisions in the context of EPA claims but does not provide interpretive information about the statutory term 'identifying particular'.
  [ID: 70c4a1ec-c0ef-45be-84e2-1fde1b2fb987] Reasoning: This sentence discusses a request for emails that needed to reasonably identify particular records, but it does not provide any interpretive information about the phrase 'identifying particular' as used in the statute.
  [ID: 0c29e46d-c154-45cd-8ba2-015fcdd2feb4] Reasoning: This sentence refers to identifying particular property but does not relate to the phrase of interest in a meaningful way, nor does it provide interpretive information about it.
  [ID: 1b6591c5-2175-4e85-bd7a-e35e1889e217] Reasoning: Similar to the previous sentence, this one discusses identifying particular property but does not add any interpretive value regarding the phrase of interest.
  [ID: c6eadce1-959b-4752-9987-3d8a8e4ce4c0] Reasoning: This sentence mentions identifying particular payments but does not provide any interpretive information about the phrase 'identifying particular' as used in the statute.
  [ID: a7b6b0d3-ecfb-4652-a9ce-c1d663710326] Reasoning: This sentence discusses speculation about a common culprit rather than providing any interpretive information about the phrase 'identifying particular'.
  [ID: 481ae982-da6a-47fc-b143-3907f2f4b289] Reasoning: This sentence discusses the difficulty of identifying particular individuals in a riot context but does not provide interpretive information about the phrase of interest.
  [ID: c041617f-5ceb-46a4-8813-60afedd61c55] Reasoning: This sentence discusses identifying particular evidence necessary for a case but does not elaborate on the meaning of 'identifying particular' in the context of the statute.
  [ID: c25cfb5d-cd34-4ea5-9f61-7b3f87583878] Reasoning: This sentence mentions identifying particular signatures but does not provide any interpretive information about the phrase 'identifying particular' as used in the statute.
  [ID: a11ccdce-b525-4c06-a1cb-0a03d107351b] Reasoning: This sentence discusses an inadequacy of statement of identifying particulars but does not provide interpretive information about the phrase 'identifying particular' in the statute.
  [ID: 0a8e4b88-0d27-4998-ba32-fe500f60f292] Reasoning: This sentence is a repeat of a previous one and does not add any new interpretive information about the phrase of interest.
  [ID: 5e7aa557-8afb-4af5-8f06-66948b7307ad] Reasoning: This sentence discusses the statute identifying particular persons responsible for support but does not elaborate on the meaning of 'identifying particular' in the context of the statute.
  [ID: 2d1a6ab0-510b-499d-b87a-478eaf8d92e7] Reasoning: This sentence discusses identifying particular products and manufacturers but does not provide interpretive information about the phrase 'identifying particular' as used in the statute.
  [ID: 35d0bfca-9b8d-4509-8b74-b6605754f25d] Reasoning: This sentence discusses identifying particular inconsistencies in testimony but does not provide interpretive information about the phrase 'identifying particular' in the statute.
  [ID: 6447ec14-1b49-4f1a-a534-4eaf6d9f5703] Reasoning: This sentence discusses statutes identifying particular situations for blood tests but does not elaborate on the meaning of 'identifying particular' in the context of the statute.
  [ID: 48eea00e-73d3-4e5b-a10a-a5dc4891ef5c] Reasoning: This sentence discusses names and addresses identifying particular individuals but does not provide interpretive information about the phrase 'identifying particular' in the statute.
  [ID: 9467f8f2-45e6-409c-81f0-c2ffe3925c45] Reasoning: This sentence discusses the employer's need to identify particular employment but does not provide interpretive information about the phrase 'identifying particular' in the statute.
  [ID: 6c78a4d1-52a9-4392-ae51-32b295793d09] Reasoning: This sentence discusses the failure to identify particular exhibits but does not provide interpretive information about the phrase 'identifying particular' in the statute.
  [ID: 961078dc-38be-4f45-8326-a31ab1e4dd7d] Reasoning: This sentence is a repeat of a previous one and does not add any new interpretive information about the phrase of interest.
  [ID: e9d680df-bbe0-4d0e-8f5c-61bc7e807fd9] Reasoning: This sentence discusses absolving an employer from identifying particular employment but does not provide interpretive information about the phrase 'identifying particular' in the statute.
  [ID: 2dfbd611-ef53-4843-a92d-0e05de19e86b] Reasoning: This sentence discusses the court's ability to deny total disability without requiring the employer to identify particular alternative employment but does not provide interpretive information about the phrase 'identifying particular' in the statute.
  [ID: 8432593b-44ed-4563-a25d-c823826928b6] Reasoning: This sentence discusses the inability to identify particular volumes of gas but does not provide interpretive information about the phrase 'identifying particular' in the statute.
  [ID: 2de27bcd-55d6-46c3-b5a5-3bd386a228d8] Reasoning: This sentence discusses the judge permitting witnesses to identify particular transactions but does not provide interpretive information about the phrase 'identifying particular' in the statute.
  [ID: 85407849-4eda-47c9-907d-2ed4ebb3c47a] Reasoning: This sentence discusses identifying particular characteristics of transactions but does not provide interpretive information about the phrase 'identifying particular' in the statute.
  [ID: 86a5cd90-0b66-4a37-97ca-0755e2ff254d] Reasoning: This sentence discusses the judge permitting witnesses to identify particular transactions but does not provide interpretive information about the phrase 'identifying particular' in the statute.
  [ID: 6a9a3fd6-3167-48eb-9fdd-ac329fe542eb] Reasoning: This sentence discusses identifying particular lands in a legal context but does not provide interpretive information about the phrase 'identifying particular' in the statute.
  [ID: 685584ae-548b-44de-9bfb-168d8d0bfdb7] Reasoning: This sentence provides a judicial interpretation of what it means for information to be 'about' an individual, specifically relating to the phrase 'identifying particular'. It adds interpretive value by explaining the requirement for the information to contain the individual's name or other identifying particulars.
  [ID: d17d7a5b-ebee-421a-9c46-402ac60581ee] Reasoning: This sentence discusses identifying particular witnesses in a different context and does not relate meaningfully to the statutory definition of 'identifying particular'.
  [ID: 4b99acf6-5cfd-45c5-811c-1523c3f98a88] Reasoning: This sentence provides a detailed account of a legal case but does not add interpretive meaning to the phrase 'identifying particular' as it primarily discusses procedural aspects and does not elaborate on the statutory definition.
  [ID: 683582ed-ffbe-4770-b627-4288fc055720] Reasoning: This sentence defines 'system of records' and includes the phrase 'identifying particular', but it does not provide new interpretive information beyond what is already stated in the statute.
  [ID: 733c02b7-65f6-4376-ae0b-13d492d55b87] Reasoning: This sentence reiterates the statutory definition of 'system of records' and does not add any new interpretive information regarding 'identifying particular'.
  [ID: e5ca11a1-50ca-48ca-94b9-96f5a709c1cc] Reasoning: This sentence provides a judicial interpretation of the term 'record' under the Privacy Act, linking it to 'identifying particular'. It adds interpretive value by explaining the broad meaning of the term in relation to the statute.
  [ID: 3e0acb2c-e477-40d0-a31a-9cca60a2806e] Reasoning: This sentence explains the requirement for a record to be part of a system of records, specifically mentioning 'identifying particular'. It adds interpretive value by clarifying the retrieval aspect of the definition.
  [ID: 9f234e13-9af0-4f65-8d6e-72948ccee801] Reasoning: This sentence discusses the maintenance of documents in relation to individuals' names or identifying particulars, providing context that implies boundaries of the term but does not explicitly elaborate on its meaning.
  [ID: 8150eef2-f318-4d07-a2c5-9c1e5d79fc96] Reasoning: This sentence repeats the definition of 'system of records' and does not provide new interpretive information regarding 'identifying particular'.
  [ID: e7b6d7f9-392a-422b-9232-84c4850544c1] Reasoning: This sentence discusses the maintenance of records in relation to an individual, specifically mentioning 'identifying particular'. It provides context but does not add explicit interpretive meaning.
  [ID: 70621f15-1a0d-413e-9460-bb6b74a31cf5] Reasoning: This sentence discusses the difficulty of identifying particular transactions but does not relate meaningfully to the statutory definition of 'identifying particular'.
  [ID: 3d82d66d-17a0-46b1-8652-90a5af13b9f2] Reasoning: This sentence discusses identifying particular amendments in a procedural context and does not relate meaningfully to the statutory definition of 'identifying particular'.
  [ID: 41834059-a86c-4e4d-a00f-0b94a32e5d8f] Reasoning: This sentence repeats the definition of 'record' from the statute and does not provide new interpretive information regarding 'identifying particular'.
  [ID: 939571dd-40ef-457f-a7bc-dc88ddc16f21] Reasoning: This sentence discusses identifying particular third parties in a business context and does not relate meaningfully to the statutory definition of 'identifying particular'.
  [ID: 6539b229-7e76-48b2-88d5-97b1d26a48f9] Reasoning: This sentence discusses identifying particular facts in a legal context but does not relate meaningfully to the statutory definition of 'identifying particular'.
  [ID: 7e40c651-230a-45ea-8d09-8b2224b8b8b8] Reasoning: This sentence repeats the definition of 'record' under the Privacy Act and does not provide new interpretive information regarding 'identifying particular'.
  [ID: b4c9a414-a0fb-4335-b22a-348ac099f310] Reasoning: This sentence repeats the definition of 'system of records' and does not provide new interpretive information regarding 'identifying particular'.
  [ID: b16c62bd-f21d-45ac-8794-66c8434bee52] Reasoning: This sentence discusses identifying particular dates and individuals in a different context and does not relate meaningfully to the statutory definition of 'identifying particular'.
  [ID: 5782c0de-a988-45ac-bb05-8bf208ae2e4b] Reasoning: This sentence discusses identifying particular retail outlets in a business context and does not relate meaningfully to the statutory definition of 'identifying particular'.
  [ID: 620bca83-ed0a-4e83-8375-82f82fe7cdb7] Reasoning: This sentence repeats the definition of 'system of records' and does not provide new interpretive information regarding 'identifying particular'.
  [ID: fc886654-0f63-4c8e-ad35-cb10e2f4bbf5] Reasoning: This sentence discusses identifying particular information in a procedural context and does not relate meaningfully to the statutory definition of 'identifying particular'.
  [ID: 213ce487-989d-4bb8-9611-e505d03d00b7] Reasoning: This sentence repeats the definition of 'record' from the Privacy Act and does not provide new interpretive information regarding 'identifying particular'.
  [ID: b220f3d8-449c-4c9a-9167-103cbf95d334] Reasoning: This sentence repeats the definition of 'system of records' and does not provide new interpretive information regarding 'identifying particular'.
  [ID: 9200e750-75a6-44b9-bedd-7233a8ce227a] Reasoning: This sentence discusses identifying particular individuals or entities in a legal context but does not relate meaningfully to the statutory definition of 'identifying particular'.
  [ID: 87909387-1a55-4099-bbce-7e8174ba10d0] Reasoning: This sentence discusses identifying particular statements in a legal context but does not relate meaningfully to the statutory definition of 'identifying particular'.
  [ID: 0c13af68-fe00-4733-82fe-3189a8fac8ae] Reasoning: This sentence uses the phrase 'identifying particular' in a context unrelated to the statutory definition of 'record' and does not provide any interpretive information about the phrase of interest.
  [ID: 502d8976-b984-4f0e-bf11-78afd981b93b] Reasoning: This sentence discusses the government's carefulness in redacting information that could identify particular individuals, which relates to the concept of identifying individuals but does not elaborate on the statutory meaning of 'identifying particular' as defined in the statute.
  [ID: 932c8fd1-f145-402e-86cd-f599f8329a07] Reasoning: This sentence discusses the identification of particular individuals in the context of redactions under Exemption 7(C), which is related but does not provide new interpretive information about the statutory term 'identifying particular'.
  [ID: 45874cd9-6b34-4894-8734-8e37c8550056] Reasoning: This sentence uses 'identifying particular' in a context that is unrelated to the statutory definition and does not provide any interpretive information about the phrase of interest.
  [ID: 905c24d6-9b1d-403e-8355-f74ac75f198a] Reasoning: This sentence discusses the need to identify particular false claims, which is a different context from the statutory definition of 'record' and does not provide interpretive information about 'identifying particular'.
  [ID: b2d62bb9-5412-43d0-aa0b-432192604fd9] Reasoning: This sentence refers to identifying particular bales in a different context, which does not relate to the statutory meaning of 'identifying particular' as defined in the statute.
  [ID: 16c7541b-55bb-4a4d-a5e6-ff43d32c9f68] Reasoning: This sentence lists cases that involve failures to identify particular details, but it does not provide interpretive information about the statutory term 'identifying particular'.
  [ID: b1d34c68-9d5e-439a-ab41-084e74fd48a8] Reasoning: This sentence discusses failing to identify particular items of evidence, which is unrelated to the statutory definition of 'identifying particular' and does not provide interpretive information.
  [ID: 462cebbe-abce-4a8b-a298-1417afd366d3] Reasoning: This sentence discusses the need to provide information to identify particular stock interests, which is a different context and does not elaborate on the statutory meaning of 'identifying particular'.
  [ID: aae794f2-980d-443b-93d8-e4eea9379496] Reasoning: This sentence discusses identifying particular areas having special hazards, which is unrelated to the statutory definition and does not provide interpretive information about 'identifying particular'.
  [ID: 117358f7-2de9-4295-a9d6-5a8aa44c1255] Reasoning: This sentence describes a process of identifying particular persons as active burglars, which is related but does not provide new interpretive information about the statutory term 'identifying particular'.
  [ID: f61e209b-8802-4576-b899-2ab2f83cc395] Reasoning: This sentence discusses the identification of particular juveniles in a context that does not provide interpretive information about the statutory meaning of 'identifying particular'.
  [ID: 23909eca-83e9-4bb7-99b8-49c10dd198a2] Reasoning: This sentence discusses identifying particular evidence necessary for a case, which is unrelated to the statutory definition and does not provide interpretive information about 'identifying particular'.
  [ID: a5deb68c-120d-4fc7-b386-9548188aad68] Reasoning: This sentence discusses the impossibility of identifying particular property belonging to a victim, which does not provide interpretive information about the statutory term 'identifying particular'.
  [ID: 4448d21f-9f41-4b97-be79-11a6ff1ff99c] Reasoning: This sentence discusses identifying particular curbside spots, which is unrelated to the statutory definition and does not provide interpretive information about 'identifying particular'.
  [ID: e1b2d9e7-deb0-4e67-8afa-972316d5f34c] Reasoning: This sentence discusses the requirement for trial courts to identify particular sentencing factors, which is unrelated to the statutory definition and does not provide interpretive information about 'identifying particular'.
  [ID: 42aaef55-ee2b-4564-99a4-fc0e559f6105] Reasoning: This sentence discusses identifying particular property as subject to execution, which is unrelated to the statutory definition and does not provide interpretive information about 'identifying particular'.
  [ID: 40bc597f-d374-439a-a2ab-0f87fe59e8a5] Reasoning: This sentence discusses identifying particulars of a judgment, which is unrelated to the statutory definition and does not provide interpretive information about 'identifying particular'.
  [ID: 90b3d8ed-ebbf-40a0-88dd-d1f515d282e6] Reasoning: This sentence is a repeat of a previous sentence and does not provide new interpretive information about the statutory term 'identifying particular'.
  [ID: 49678374-3a5f-4b36-bb94-1c5350f6a88f] Reasoning: This sentence discusses identifying particular objects in a photograph, which is unrelated to the statutory definition and does not provide interpretive information about 'identifying particular'.
  [ID: c542b005-82cd-4ae0-841f-1179380096ff] Reasoning: This sentence discusses identifying particular domestic situations for leniency in court, which is unrelated to the statutory definition and does not provide interpretive information about 'identifying particular'.
  [ID: 6e366233-5bc8-481d-bbc0-bcbdd372e43b] Reasoning: This sentence discusses identifying particular statements of a wife, which is unrelated to the statutory definition and does not provide interpretive information about 'identifying particular'.
  [ID: 8a6a3dda-cf73-46aa-9aeb-9ab33a2f44b2] Reasoning: This sentence discusses evolved labels to identify particular offenses, which is unrelated to the statutory definition and does not provide interpretive information about 'identifying particular'.
  [ID: d437af27-9964-4793-b103-045c282f8478] Reasoning: This sentence discusses identifying particular customers and transactions, which is unrelated to the statutory definition and does not provide interpretive information about 'identifying particular'.
  [ID: f2c12c5e-d2e3-4aa9-a5a2-3fa1b69ecbfc] Reasoning: This sentence discusses identifying particular signers of nomination petitions, which is unrelated to the statutory definition and does not provide interpretive information about 'identifying particular'.
Method: probabilities | Term: identifying particular
NDCG@10: 0.3703703703703703
NDCG@20: 0.3710603519758295
NDCG@40: 0.42260521898466535
NDCG@100: 0.6631750699304416

----------------------------------------
STDERR:
wandb: Appending key for api.wandb.ai to your netrc file: /Users/alvinwang/.netrc
wandb: Currently logged in as: alvinw2 (alvinw2-carnegie-mellon-university) to https://api.wandb.ai. Use `wandb login --relogin` to force relogin

GPT batches:   0%|          | 0/89 [00:00<?, ?batch/s]
GPT batches:   1%|          | 1/89 [00:25<37:28, 25.55s/batch]
GPT batches:   2%|▏         | 2/89 [00:29<18:21, 12.66s/batch]
GPT batches:   3%|▎         | 3/89 [00:29<10:20,  7.21s/batch]
GPT batches:   4%|▍         | 4/89 [00:30<06:35,  4.65s/batch]
GPT batches:   6%|▌         | 5/89 [00:32<04:59,  3.56s/batch]
GPT batches:   7%|▋         | 6/89 [00:32<03:20,  2.42s/batch]
GPT batches:   8%|▊         | 7/89 [00:33<02:42,  1.98s/batch]
GPT batches:   9%|▉         | 8/89 [00:37<03:19,  2.46s/batch]
GPT batches:  10%|█         | 9/89 [00:37<02:29,  1.87s/batch]
GPT batches:  11%|█         | 10/89 [00:39<02:21,  1.79s/batch]
GPT batches:  12%|█▏        | 11/89 [00:40<01:57,  1.50s/batch]
GPT batches:  15%|█▍        | 13/89 [00:40<01:12,  1.05batch/s]
GPT batches:  17%|█▋        | 15/89 [00:41<00:46,  1.58batch/s]
GPT batches:  18%|█▊        | 16/89 [00:41<00:40,  1.78batch/s]
GPT batches:  19%|█▉        | 17/89 [00:42<00:46,  1.56batch/s]
GPT batches:  20%|██        | 18/89 [00:42<00:41,  1.72batch/s]
GPT batches:  22%|██▏       | 20/89 [00:42<00:25,  2.74batch/s]
GPT batches:  24%|██▎       | 21/89 [00:42<00:22,  3.06batch/s]
GPT batches:  25%|██▍       | 22/89 [00:43<00:20,  3.20batch/s]
GPT batches:  29%|██▉       | 26/89 [00:43<00:11,  5.64batch/s]
GPT batches:  30%|███       | 27/89 [00:43<00:12,  5.02batch/s]
GPT batches:  33%|███▎      | 29/89 [00:44<00:09,  6.43batch/s]
GPT batches:  34%|███▎      | 30/89 [00:44<00:13,  4.46batch/s]
GPT batches:  35%|███▍      | 31/89 [00:44<00:11,  5.02batch/s]
GPT batches:  37%|███▋      | 33/89 [00:44<00:09,  5.88batch/s]
GPT batches:  40%|████      | 36/89 [00:44<00:05,  9.01batch/s]
GPT batches:  43%|████▎     | 38/89 [00:45<00:05,  9.65batch/s]
GPT batches:  45%|████▍     | 40/89 [00:45<00:05,  9.74batch/s]
GPT batches:  47%|████▋     | 42/89 [00:45<00:05,  7.92batch/s]
GPT batches:  51%|█████     | 45/89 [00:46<00:05,  8.27batch/s]
GPT batches:  54%|█████▍    | 48/89 [00:46<00:03, 10.79batch/s]
GPT batches:  56%|█████▌    | 50/89 [00:46<00:04,  7.93batch/s]
GPT batches:  58%|█████▊    | 52/89 [00:46<00:04,  9.06batch/s]
GPT batches:  61%|██████    | 54/89 [00:46<00:03,  9.41batch/s]
GPT batches:  64%|██████▍   | 57/89 [00:47<00:03, 10.49batch/s]
GPT batches:  67%|██████▋   | 60/89 [00:47<00:02, 13.25batch/s]
GPT batches:  70%|██████▉   | 62/89 [00:47<00:03,  8.79batch/s]
GPT batches:  72%|███████▏  | 64/89 [00:47<00:02,  9.00batch/s]
GPT batches:  74%|███████▍  | 66/89 [00:48<00:02,  7.68batch/s]
GPT batches:  75%|███████▌  | 67/89 [00:48<00:03,  7.24batch/s]
GPT batches:  78%|███████▊  | 69/89 [00:48<00:02,  7.75batch/s]
GPT batches:  80%|███████▉  | 71/89 [00:49<00:02,  6.48batch/s]
GPT batches:  81%|████████  | 72/89 [00:49<00:03,  4.88batch/s]
GPT batches:  83%|████████▎ | 74/89 [00:49<00:02,  6.06batch/s]
GPT batches:  85%|████████▌ | 76/89 [00:50<00:02,  5.81batch/s]
GPT batches:  87%|████████▋ | 77/89 [00:50<00:02,  4.75batch/s]
GPT batches:  89%|████████▉ | 79/89 [00:51<00:02,  4.40batch/s]
GPT batches:  90%|████████▉ | 80/89 [00:51<00:01,  4.75batch/s]
GPT batches:  91%|█████████ | 81/89 [00:51<00:02,  3.74batch/s]
GPT batches:  92%|█████████▏| 82/89 [00:52<00:03,  2.32batch/s]
GPT batches:  94%|█████████▍| 84/89 [00:55<00:04,  1.07batch/s]
GPT batches:  96%|█████████▌| 85/89 [00:56<00:03,  1.11batch/s]
GPT batches:  97%|█████████▋| 86/89 [00:58<00:03,  1.05s/batch]
GPT batches:  98%|█████████▊| 87/89 [00:58<00:01,  1.16batch/s]
GPT batches:  99%|█████████▉| 88/89 [00:59<00:00,  1.10batch/s]
GPT batches: 100%|██████████| 89/89 [01:00<00:00,  1.12batch/s]
GPT batches: 100%|██████████| 89/89 [01:00<00:00,  1.47batch/s]
