Command: /opt/anaconda3/bin/python rank.py --term independent economic value --type probabilities --sentences sources/independent_economic_value/independent_economic_value-sentence.json --provisions sources/provisions.json --verbose false
----------------------------------------
You are an expert legal scholar specializing in statutory interpretation. Your task is to evaluate the interpretive value of retrieved sentences in relation to a specific "Phrase of Interest" and its "Source Statute/Provision".

### KEY RULE: PENALIZE STATUTORY REDUNDANCY (ADVERSARIAL GOAL)
You must act as a critic looking to disqualify sentences that provide NO NEW INFORMATION.
- IF a sentence merely repeats or paraphrases the provided "Source Statute/Provision" without adding interpretive context (like case law, specific applications, or expert analysis), it has **NO VALUE**.
- A literal quote of the statute is a redundant distraction. Assign 'no value' a probability of 0.90 or higher.
- Interpretive value comes from how the statute is *applied* or *explained* in practice, not from the text of the statute itself.

### RELEVANCE CATEGORIES
- **0: no value**: Irrelevant, off-topic, or purely redundant statutory text.
- **1: potential value**: Mentions the term in a relevant context but adds very little interpretive depth (e.g., a simple factual statement).
- **2: certain value**: Relevant; provide clear application, context, or explanation of the term that helps understand its scope or meaning.
- **3: high value**: Highly relevant; Provides critical interpretive guidance, settles a legal ambiguity, or explains a complex application in a way that significantly aids interpretation.

### GRANULARITY & TIE-BREAKING
- **BE PRECISE**: Do not give all relevant sentences the same score. Distinguish between a "good" explanation (Score 2) and an "excellent" one (Score 3). 
- **RESOLUTION**: Use granular probabilities (e.g., 0.35, 0.62) to ensure the final ranking is stable and distinguishes between similar-quality sentences.

### OUTPUT FORMAT
You must return a JSON array of objects. Each object must include a "reasoning" field (Chain-of-Thought) and a "probs" field.

Example:
[
  {
    "sentence_id": "S1",
    "reasoning": "Direct quote of Section 60101. No interpretive value beyond the statute itself.",
    "probs": {"no value": 0.98, "potential value": 0.02, "certain value": 0.0, "high value": 0.0}
  },
  {
    "sentence_id": "S2",
    "reasoning": "Applies 'hazardous liquid' to liquid CO2 pipelines, clarifying a major jurisdictional boundary.",
    "probs": {"no value": 0.05, "potential value": 0.15, "certain value": 0.30, "high value": 0.50}
  }
]

### DATA TO PROCESS
Phrase of Interest: {{phrase_of_interest}}
Source Statute/Provision: {{raw_statute}}

Sentences to evaluate:
{{sentences}}

  [ID: 71dd741d-8367-402d-946c-873f8c792f3a] Reasoning: This sentence is a paraphrase of the statutory definition of a trade secret, repeating the criteria for independent economic value without adding any new interpretive context.
  [ID: c15c4461-d0fc-4444-880e-cc092012a15a] Reasoning: This sentence raises a question about the application of independent economic value, but does not provide any interpretive context or analysis.
  [ID: d28482e2-5088-4f83-bf87-b2f43fd544ac] Reasoning: This sentence is a direct quote from the statute, repeating the definition of independent economic value without any additional context or interpretation.
  [ID: 765682e6-d9b5-4977-af87-861563b6d364] Reasoning: This sentence provides a key factor for determining independent economic value, which adds interpretive depth by explaining how the value is assessed in practice.
  [ID: 51a6ca05-249d-4e0c-b986-eb1bd85d6409] Reasoning: This sentence illustrates a practical application of independent economic value through a specific case, detailing the efforts made to establish the value of the manuals.
  [ID: 78ac23f3-580d-4111-b855-94740ab5b0dc] Reasoning: This sentence is a direct quote from the statute, repeating the definition of independent economic value without any additional context or interpretation.
  [ID: 632b6132-e1e6-4dcb-9a2f-5edc840109ac] Reasoning: This sentence is a direct quote from the statute, repeating the definition of independent economic value without any additional context or interpretation.
  [ID: 15c396f6-e86e-4255-a5e3-eb4ee33eb3f8] Reasoning: This sentence provides a judicial conclusion regarding the lack of independent economic value in a specific case, which adds interpretive context and application.
  [ID: 2b5b48c3-bbce-486f-b9b9-91496a12f862] Reasoning: This sentence is a direct quote from the statute, repeating the definition of independent economic value without any additional context or interpretation.
  [ID: 14167832-c286-4652-8575-905aac37bb0c] Reasoning: This sentence is a paraphrase of the statutory definition of independent economic value, repeating the criteria without adding any new interpretive context.
  [ID: bb4d4a91-1d6e-4110-b5f8-edcf35f82dd3] Reasoning: This sentence discusses the efforts made to prove independent economic value, providing context about the case and the arguments presented, which adds interpretive value.
  [ID: b2675abd-0cc2-4a56-9922-8e367e42603d] Reasoning: This sentence distinguishes between the economic value derived from publicizing a document and the independent economic value of the document itself, adding interpretive depth.
  [ID: 459e46d9-7feb-44d1-b683-106b76099c02] Reasoning: This sentence is a direct quote from the statute, repeating the definition of independent economic value without any additional context or interpretation.
  [ID: f5b0f248-7fc8-4760-a2c0-53d75fbc5fd4] Reasoning: This sentence closely paraphrases the statutory definition of a trade secret without adding any new interpretive context or application.
  [ID: 9bdc9a20-af58-455a-a08e-ddec10784ac4] Reasoning: This sentence is a partial quote of the statute, lacking any additional context or application, making it redundant.
  [ID: 91580c18-71da-44e2-bf46-719b9f749a59] Reasoning: This is a direct quote of the statutory definition of a trade secret, providing no new interpretive value.
  [ID: e32a4913-5116-4afd-b437-ccd9c1f64d2c] Reasoning: This sentence paraphrases the definition of a trade secret without providing any additional context or application.
  [ID: 5a153616-e6c6-4aba-bef5-177f31c02e26] Reasoning: This sentence is another paraphrase of the statutory definition, lacking any new insights or applications.
  [ID: 845c08d3-fda4-46fc-99ba-c1d882bc571f] Reasoning: This sentence provides a specific example of how recipes can derive independent economic value, adding context to the term.
  [ID: 7039e631-1f13-4c88-a15d-60beba4b2b3f] Reasoning: This is a direct quote of the statutory definition, offering no new interpretive value.
  [ID: 9e9809e7-5719-4d71-bbc5-e793941ce61f] Reasoning: This sentence is a direct quote of the statutory definition, providing no additional context or application.
  [ID: ca2ed0c0-ef11-42ba-8254-83eca6462a68] Reasoning: This sentence is a paraphrase of the statutory definition, lacking any new interpretive context.
  [ID: 32693cd4-941f-4674-9fe8-46298ca7ef61] Reasoning: This sentence discusses the potential economic impact of disclosing confidential information, providing context for the term.
  [ID: ea4639ac-68bc-4fd1-9304-759618bca380] Reasoning: This is a direct quote of the statutory definition, offering no new interpretive value.
  [ID: f7b80318-09a3-4042-bded-d5de069263fb] Reasoning: This sentence is a partial quote of the statute, lacking any additional context or application.
  [ID: e7304ad0-6fe3-463b-9704-2268a8309dd4] Reasoning: This sentence paraphrases the definition of a trade secret without providing any additional context or application.
  [ID: 15590946-5ff0-417a-8f63-78deb974e2ee] Reasoning: This is a direct quote of the statutory definition, providing no new interpretive value.
  [ID: 06758450-7e6b-4245-9158-ec24457c02da] Reasoning: This is a direct quote of the statutory definition, offering no additional context or application.
  [ID: 3599dfff-84f1-4f7e-ad8e-38f71c7f83eb] Reasoning: This is a direct quote of the statutory definition, providing no new interpretive value.
  [ID: 6177b230-3996-45e9-9c8f-f31d0cba98bb] Reasoning: This is a direct quote of the statutory definition, offering no additional context or application.
  [ID: 61bfb565-0552-4335-aa4e-717d7d0c13d2] Reasoning: This sentence provides a specific example of how a system can derive independent economic value, adding context to the term.
  [ID: 1d4093c1-c509-4e44-80a3-ada94ed6de28] Reasoning: Direct repetition of the statutory definition without any additional context or application.
  [ID: 49684f3b-b077-408b-ba5a-677e917a7b59] Reasoning: Reiterates the statutory language without providing any interpretive context or application.
  [ID: 05397e83-7275-4055-aa12-303812864c6e] Reasoning: Describes a specific customer list as having independent economic value, providing a concrete example of application.
  [ID: 5996682c-6a4a-4f95-ba07-40c0a116296b] Reasoning: States that marketing companies pay for the information, illustrating its independent economic value in practice.
  [ID: 69a7e853-d9d3-43f7-88b8-24f061fb3fcc] Reasoning: Repetition of the statutory definition without any additional context or application.
  [ID: 3ccfcdf4-e803-4327-a8d0-f218bac7c424] Reasoning: Reiterates the statutory language without providing any interpretive context or application.
  [ID: 613340ba-57b0-429e-b49c-0151d1e9ea2c] Reasoning: Provides evidence that the list derived its independent economic value from its secrecy, adding context to the application.
  [ID: 7d2ce47d-ee44-49cd-b8e1-caf88ab5c391] Reasoning: Direct quote of the statutory definition without any additional context or application.
  [ID: bf0ef84d-2257-4183-8608-a776639b5b82] Reasoning: Reiterates the statutory language without providing any interpretive context or application.
  [ID: 3d0e7827-7a05-4f86-9000-323b77176672] Reasoning: Reiterates the statutory language without providing any interpretive context or application.
  [ID: 7f370e98-0ef3-4522-8788-80072b6093c5] Reasoning: Cites a case that discusses the characteristics of a trade secret, providing interpretive guidance and context.
  [ID: dc8acde9-0bcb-42c1-baf6-c6fe75ab9c85] Reasoning: Reiterates the statutory language without providing any interpretive context or application.
  [ID: bc1b5688-cb63-4c36-99c0-645fce9154eb] Reasoning: Describes a specific database as having independent economic value, providing a concrete example of application.
  [ID: a914ab36-8012-46e2-9a65-5c569ea75b0c] Reasoning: Reiterates the statutory language without providing any interpretive context or application.
  [ID: b275064f-f9f3-4094-a8f5-518c88d72f53] Reasoning: Reiterates the statutory language without providing any interpretive context or application.
  [ID: af00c650-1c0b-4f80-8c18-914700d7453d] Reasoning: Reiterates the statutory language without providing any interpretive context or application.
  [ID: d7bd365f-460c-4033-bc4a-b997bcfe0bf7] Reasoning: Reiterates the statutory language without providing any interpretive context or application.
  [ID: c4a1524e-ccfc-45cb-9c10-a8280730f56d] Reasoning: Reiterates the statutory language without providing any interpretive context or application.
  [ID: 9411da38-00bd-4571-a4c4-306fba9f9502] Reasoning: Reiterates the statutory language without providing any interpretive context or application.
  [ID: 17194ae7-b88f-4352-ae6e-65aeabf303a7] Reasoning: Directly repeats the statutory definition of independent economic value without adding any interpretive context.
  [ID: a548726f-7349-435e-b3fe-f5f8cacddb4b] Reasoning: This sentence is a paraphrase of the statutory definition of trade secret, providing no new interpretive insights.
  [ID: 7eef2b08-33aa-4783-b860-d74831866a31] Reasoning: Discusses a legal argument regarding the failure to establish independent economic value, providing context for its application in a legal dispute.
  [ID: 490a5908-05da-4787-8063-7a10179c510b] Reasoning: This is a direct quote of the statutory definition of trade secret, offering no additional interpretive value.
  [ID: 72b40968-15e8-4e76-a416-d7728e4812a9] Reasoning: This sentence is a direct quote from a statute, providing no new interpretive context or application.
  [ID: ac1bbdd3-24bb-4dc6-abc0-de14aaacf730] Reasoning: This sentence discusses a specific case where the defendant argues that the information lacked independent economic value, providing context for its application.
  [ID: 0cb28657-b6af-4032-b80c-155e577dccac] Reasoning: This sentence is a direct quote of the statutory definition, offering no additional interpretive insights.
  [ID: e6fd7350-5b5b-42be-9252-ec33081ffe62] Reasoning: Mentions a functional test applied by courts regarding independent economic value, providing some interpretive context.
  [ID: c3ba833b-978a-4bb1-86c8-4e643cdb4bab] Reasoning: This sentence outlines the requirements for protection of information as a trade secret, providing clear application and context.
  [ID: ddab5b8c-baf8-4998-8441-b7a05e68cdd6] Reasoning: This sentence summarizes the factors considered under Minnesota law for determining trade secret status, providing useful interpretive context.
  [ID: 5a3c1ad7-655c-448d-be9d-ce1620cd300e] Reasoning: This sentence is a direct quote of the statutory definition, providing no new interpretive insights.
  [ID: 15a13d98-64f8-4397-8918-343c1c91d82c] Reasoning: This sentence is a direct quote of the statutory definition, offering no additional interpretive value.
  [ID: 82134b47-c06d-4eef-8b17-b86c7369a35f] Reasoning: This sentence is a direct quote of the statutory definition, providing no new interpretive insights.
  [ID: 5ed4cde6-494e-4877-b55b-c54d29e19c3b] Reasoning: This sentence is a partial quote of the statutory definition, providing no new interpretive insights.
  [ID: 940f196d-62b5-4ab9-bf92-f133945c98f5] Reasoning: This sentence discusses a specific case where the independent economic value of payroll information is acknowledged, providing context for its application.
  [ID: 092b654a-6249-4327-910b-463db5febc4f] Reasoning: This sentence is a direct quote of the statutory definition, providing no new interpretive insights.
  [ID: ea65a47e-eaee-409f-9d98-ef640ab7dbec] Reasoning: This sentence summarizes the requirements for trade secret protection under TUTSA, providing useful interpretive context.
  [ID: 6c2ff05b-c876-4136-ba0a-a524a7dc7610] Reasoning: This sentence discusses a case where independent economic value is a key factor in determining property rights, providing context for its application.
  [ID: 68ea9309-d6b2-40e4-9ce6-208559fa6714] Reasoning: This sentence discusses a legal finding regarding the independent economic value of a liquor license, providing context for its application.
  [ID: db9be226-55b9-4636-8391-f580b71780d2] Reasoning: This sentence discusses a legal argument regarding the independent economic value of a liquor license, providing context for its application.
  [ID: 0086140d-6fc8-4be2-b213-4d424e2f1426] Reasoning: This sentence discusses a legal conclusion regarding the independent economic value of a liquor license, providing context for its application.
  [ID: 6e21b47a-0f04-47d6-b6f1-d3b1bed24f70] Reasoning: This sentence states that there was no basis for a jury to conclude independent economic value for the franchise, but it does not provide any interpretive context or application of the term.
  [ID: 5e2ebd19-fc43-45b7-bb97-5957b82c86e9] Reasoning: This sentence mentions independent economic value in the context of a patent but does not elaborate on how this value is determined or its implications.
  [ID: a4a01296-2505-4723-b21c-a0573ea78a89] Reasoning: This sentence provides a definition of 'trade secret' under Kentucky law, reiterating the statutory language without adding interpretive context.
  [ID: 4316b6cc-f967-4a0a-8da3-f9cbb30fb906] Reasoning: This sentence mentions independent economic value in the context of commercial easements but does not provide further explanation or application.
  [ID: f85bb105-02ed-4687-98e4-5c5311166143] Reasoning: This sentence is a partial quote of the statute and does not provide any new information or context.
  [ID: c6dafdeb-99f2-490e-aef1-219a63d9273c] Reasoning: This sentence discusses the argument that passwords lack independent economic value, providing some context on their classification but not a deep analysis.
  [ID: e5b88911-f304-4fd6-b9a0-fbfd880e1b48] Reasoning: This sentence contrasts the economic value of passwords with that of trade secrets, providing some interpretive context.
  [ID: 3e7d89cf-045d-4830-a6c4-c5a6c4d23398] Reasoning: This sentence states that Proprietary Ultrasonic Technology derives independent economic value, but it lacks further context or application.
  [ID: fe4f5306-d4bf-4dad-8cb3-63c2cd7a6a52] Reasoning: This sentence is another partial quote of the statute, providing no new information or context.
  [ID: 626611bc-3271-452e-b8bd-6c59b9c5a14e] Reasoning: This sentence explains that processes and customer databases can qualify as trade secrets if they derive independent economic value, providing useful context.
  [ID: 8bb5d8a8-1b0f-4f5e-9170-4642b621965e] Reasoning: This sentence states that a customer list derives independent economic value, providing context for its classification as a trade secret.
  [ID: dbf9c6db-dfab-4105-a408-5efb4586d64e] Reasoning: This sentence concludes that a system does not meet the definition of a trade secret due to lack of independent economic value, providing a clear application.
  [ID: d2b7e7f3-5b5c-4f8c-abae-fd8626770e2c] Reasoning: This sentence reiterates the statutory definition of a trade secret, providing no new interpretive context.
  [ID: 37388b03-37b5-4d39-812a-d6e7b4f8bb17] Reasoning: This sentence is a direct quote of the statute, providing no new information or context.
  [ID: 1d3924dd-aae8-4cf9-8d2e-710b8a2b639a] Reasoning: This sentence discusses the lack of evidence regarding independent economic value, but does not provide further interpretive context.
  [ID: 6a0457ce-9ba2-488b-9056-faac7d4add65] Reasoning: This sentence provides a definition of trade secret under KUTSA, reiterating statutory language without adding interpretive context.
  [ID: 1b606a98-f430-4264-b438-816bf8d8e8d1] Reasoning: This sentence is a direct quote of the statute, providing no new information or context.
  [ID: 0b4e0451-9984-400b-b9e9-c83b7bd1166d] Reasoning: This sentence is a partial quote of the statute, providing no new information or context.
  [ID: c64a4fef-8115-429a-a790-d5842992ed36] Reasoning: This sentence provides a definition of trade secret, reiterating statutory language without adding interpretive context.
  [ID: 8db788fc-1493-4d32-b68e-0b2af2925b50] Reasoning: Direct quote of the statute. No interpretive value beyond the statute itself.
  [ID: 532758c9-3f40-43a8-99fa-ac2a504119cf] Reasoning: Describes a court's requirement for State Farm to prove that its QUASR data derived independent economic value, providing context for the application of the term.
  [ID: e396e1ab-5ff0-4e9e-b706-4d98b55de420] Reasoning: Discusses the appeal regarding State Farm's failure to demonstrate independent economic value, indicating a legal challenge related to the term.
  [ID: 91692fe3-a6ac-4c03-a558-52a10cd88731] Reasoning: Direct quote of the statute. No interpretive value beyond the statute itself.
  [ID: bd45e077-60df-4382-a451-b0e1b647a5fb] Reasoning: Addresses whether State Farm demonstrated independent economic value through witness testimony, providing context for the application of the term.
  [ID: 9c372ed7-f062-4ab0-8814-f254e464664c] Reasoning: States that evidence supports the conclusion that State Farm's data has independent economic value, which aids in understanding the application of the term.
  [ID: 59dd3230-c36c-456c-8b4e-f2b6c0c77395] Reasoning: Direct quote of the statute. No interpretive value beyond the statute itself.
  [ID: 70a074d8-62b7-47de-9f55-e3f52522c185] Reasoning: Direct quote of the statute. No interpretive value beyond the statute itself.
  [ID: d882bf6c-db20-495d-82d8-b0e1301b37f4] Reasoning: Direct quote of the statute. No interpretive value beyond the statute itself.
  [ID: e161ce8e-9137-4e67-8b2b-7f4ce89cfe0f] Reasoning: Direct quote of the statute. No interpretive value beyond the statute itself.
  [ID: ae8f6bb2-6d99-4988-845f-b4cc21c6c5f5] Reasoning: Direct quote of the statute. No interpretive value beyond the statute itself.
  [ID: e1a3a165-d8c9-4b7d-a5a7-0e59478f146c] Reasoning: Direct quote of the statute. No interpretive value beyond the statute itself.
  [ID: 8fdf2eea-de71-46af-97ec-a86b592d645d] Reasoning: Summarizes the two requirements for a trade secret, providing clarity on the application of independent economic value.
  [ID: a872ad4b-cfc9-42e7-be5c-42d33e8ec0e6] Reasoning: Direct quote of the statute. No interpretive value beyond the statute itself.
  [ID: ab306783-1835-43b1-bdc0-8bbba58d082d] Reasoning: Direct quote of the statute. No interpretive value beyond the statute itself.
  [ID: 4f531572-8538-4e36-8304-c05ffd038780] Reasoning: Direct quote of the statute. No interpretive value beyond the statute itself.
  [ID: 63d52a9b-0a59-4c7c-9e0a-cce1efb76cdd] Reasoning: Direct quote of the statute. No interpretive value beyond the statute itself.
  [ID: bc1ec215-3562-4828-8309-cbefc304e76f] Reasoning: Summarizes the requirements for information to qualify as a trade secret, providing clarity on the application of independent economic value.
  [ID: b957fab5-0ebb-4d56-945d-45341531accf] Reasoning: Describes the court's application of factors to determine independent economic value, providing context for the term's interpretation.
  [ID: a722d102-ad31-40fc-8945-88948f89e320] Reasoning: Direct quote of the statute. No interpretive value beyond the statute itself.
  [ID: 9fe8a016-d4ca-49fc-aa35-abe06bed5649] Reasoning: This sentence discusses a specific case where the economic value of DO-178B checklists is questioned, providing context for the application of the term 'independent economic value'.
  [ID: 292365ea-588c-4f34-bdd8-60c659fd8164] Reasoning: Mentions independent economic value in the context of additional theories of harm, but does not provide substantial interpretive depth.
  [ID: 07350ab4-56fa-40b6-9061-cfe6224ca391] Reasoning: This sentence is a direct quote from the statute and adds no new interpretive value.
  [ID: 4ccca028-8bdd-4ac7-80b0-ac2358e10a75] Reasoning: This sentence explains the application of California's CUTSA, clarifying how independent economic value is assessed in the context of trade secret protection.
  [ID: 4ceef19f-1f23-4210-af3f-0c210ab8b19e] Reasoning: Describes a specific instance where a passcode is claimed to have independent economic value, providing context for its application.
  [ID: e23ca6c9-83fe-4748-9e5e-dfcaad44378f] Reasoning: Discusses the context of independent economic value in relation to the sale of assets, indicating its relevance in a financial transaction.
  [ID: ce9e70fc-ea42-4328-be19-30e77d7cf91d] Reasoning: This sentence is a direct quote from the statute and does not provide any new interpretive value.
  [ID: a5371a21-fe09-463b-842a-1d970f4fcf34] Reasoning: This sentence outlines the three-part test for trade secrets, including independent economic value, providing a clear framework for understanding its application.
  [ID: 27d70050-548b-4131-88d9-108dcf232d47] Reasoning: Indicates that there is a question of fact regarding independent economic value, which is relevant for legal determinations.
  [ID: 2d424798-02da-4b0d-9223-433b317c3462] Reasoning: This sentence asserts that a business formula has independent economic value, linking it to the company's profitability, which provides context for its significance.
  [ID: 05277eaf-3ac1-454d-b4e0-34d3bd9b22de] Reasoning: This sentence discusses the argument regarding the existence of a trade secret, which indirectly relates to independent economic value but lacks depth.
  [ID: 063ab095-d492-4710-a37d-0341cab344e9] Reasoning: This sentence raises a question of fact regarding the independent economic value of a business formula, which is relevant for legal analysis.
  [ID: d585d193-bc58-4625-977e-033e576c9794] Reasoning: This sentence is a direct quote from the statute and does not provide any new interpretive value.
  [ID: b394a7b5-ac92-4dcd-aa92-a9024c0d207d] Reasoning: This sentence is a direct quote from the Kansas Uniform Trade Secrets Act and does not provide any new interpretive value.
  [ID: 72b452c4-9f6c-4a10-83b8-6cff546a80ea] Reasoning: This sentence is a direct quote from the statute and does not provide any new interpretive value.
  [ID: 9901f1cb-9df4-40ed-b792-12248ce7ff1d] Reasoning: This sentence is a direct quote from the statute and does not provide any new interpretive value.
  [ID: 80de4f70-67ab-459a-9362-199509f5cace] Reasoning: This sentence is a direct quote from the statute and does not provide any new interpretive value.
  [ID: 355827b3-b702-4c63-b9d9-d967767abdd3] Reasoning: This sentence is a direct quote from the Kansas Uniform Trade Secrets Act and does not provide any new interpretive value.
  [ID: 8be7b581-9ec5-4a96-8c67-689710f219fd] Reasoning: Direct quote of the statute. No interpretive value beyond the statute itself.
  [ID: b5e31915-c3be-49cd-a9ed-ed3465990169] Reasoning: This sentence is a paraphrase of the statute and does not provide any new interpretive context.
  [ID: 4d2eaa3c-a383-4d02-b30f-025bca739466] Reasoning: Another paraphrase of the statute. It does not add any new information or context.
  [ID: cdefde43-a0e1-49f8-a3b6-623a12405b78] Reasoning: This sentence applies the concept of independent economic value to a specific business context, providing some interpretive value.
  [ID: 5242bc6a-ddbe-447a-9606-437027cc2efb] Reasoning: This is a direct quote of the statute, offering no new interpretive insights.
  [ID: 9014515f-fbc0-44ff-b013-12798dd75a07] Reasoning: This sentence provides a definition of trade secret that includes the phrase of interest, but it is largely a restatement of the statute.
  [ID: 79cf443c-1ee7-49f5-8c31-50587194c084] Reasoning: This sentence provides a definition from the Kansas Uniform Trade Secrets Act, which is similar to the source statute but does not add new interpretive context.
  [ID: 46c53f2c-fe76-4215-8305-131620e94242] Reasoning: This sentence summarizes the requirements for trade secret status, providing some interpretive context but still closely aligned with the statute.
  [ID: 86414470-f6dd-49ab-bd66-7852e91656f5] Reasoning: This is a direct quote of the statute, providing no new interpretive insights.
  [ID: abb469ce-7b38-45c0-bf52-b798af532956] Reasoning: This sentence discusses a specific case where customer lists are considered trade secrets, providing context and application of the term.
  [ID: e225679a-da41-47ba-bfa4-600c67b67c98] Reasoning: This is a direct quote of the statute, offering no new interpretive insights.
  [ID: 9afec3e8-4c1b-4d7d-bf15-3c35874a8cf4] Reasoning: This sentence applies the concept of independent economic value to client information, providing context and application.
  [ID: c36dbd3b-fb24-47d4-8990-8410585f7111] Reasoning: This sentence discusses the independent economic value of assets in a specific context, providing some interpretive value.
  [ID: bedba1bb-b7fe-4960-823a-6ef0e9a975eb] Reasoning: This is a direct quote of the statute, offering no new interpretive insights.
  [ID: 46b8d0c9-fac4-4550-8814-1ba0555968ed] Reasoning: This is a direct quote of the statute, providing no new interpretive insights.
  [ID: c0439b0c-76d9-4f64-a5a2-17acf11e42bb] Reasoning: This is a direct quote of the statute, offering no new interpretive insights.
  [ID: 3c2b9a1a-84a5-456b-88a1-2b9255ba2852] Reasoning: This sentence discusses shell corporations and their lack of independent economic value, providing context but not directly related to the trade secret definition.
  [ID: f0126367-0147-452b-9813-92e3edec22bd] Reasoning: This sentence discusses the independent economic value of specific entities, providing context but not directly related to the trade secret definition.
  [ID: 68a5ced1-30da-4e12-98ce-5ef317e07d48] Reasoning: This sentence provides a definition from Missouri law, which is similar to the source statute but does not add new interpretive context.
  [ID: 40437f15-426b-4da6-8332-38b3ae6f4c92] Reasoning: This is a direct quote of the statute, offering no new interpretive insights.
  [ID: ece19d6d-886e-4f67-9c81-3a5d3d0a7a0d] Reasoning: This is a direct quote of the statute, offering no new interpretive insights.
  [ID: 3af2c326-d87e-481f-a509-748b3530a0c3] Reasoning: This sentence is a paraphrase of the statute, providing no new interpretive insights.
  [ID: 8c21f7bb-5d50-4dfe-a062-d140dc578af8] Reasoning: This sentence summarizes the requirements for trade secret status, providing some interpretive context but still closely aligned with the statute.
  [ID: 81ca1502-94f9-4bf9-b6a1-75b876fb6d6e] Reasoning: This is a direct quote of the statute, offering no new interpretive insights.
  [ID: 9d033185-01da-4b39-974a-58e3922dad0e] Reasoning: This is a direct quote of the statute, offering no new interpretive insights.
  [ID: f95e9560-e00b-4138-8794-b2fdad007e91] Reasoning: Describes a specific case where customer information is claimed to derive independent economic value, providing context for the application of the term 'trade secret'.
  [ID: d88b2b24-12b9-4751-88bd-45761efdf775] Reasoning: This sentence is a partial quote of the statutory definition without additional context or application, making it redundant.
  [ID: 547d70e2-2bdb-4bcf-8671-d93c0a796bea] Reasoning: Similar to the previous sentence, this is a partial quote of the statutory definition and lacks interpretive context.
  [ID: 9724e81f-ce47-4428-95a9-8cf8aa870752] Reasoning: Poses a question regarding the nature of customer lists and their economic value, indicating a practical application of the term.
  [ID: 34c85e0e-cf42-4a3d-a7e4-59754f307f98] Reasoning: Cites a definition from the Florida Statutes, but does not provide new interpretive context or application, making it redundant.
  [ID: 52db4f8f-3fa0-4439-b551-b3456ace750a] Reasoning: Repeats the statutory definition of a trade secret without adding any interpretive value or context.
  [ID: 82c7a7a0-6153-45fc-b3eb-9a96a5a12bbb] Reasoning: This is a partial quote of the statutory definition, lacking any additional context or application.
  [ID: 354d672e-fad3-4a1a-8b29-1f1c8d579dc9] Reasoning: Another partial quote of the statutory definition, providing no new information or context.
  [ID: 1a2708eb-8815-43c2-b97d-3114537849d6] Reasoning: This sentence is a repetition of the statutory definition without any interpretive context.
  [ID: 939dd7a3-3d48-447f-975d-7205c8148ecd] Reasoning: This is a partial quote of the statutory definition, lacking any additional context or application.
  [ID: a700a7cc-0ead-4ca6-bcc9-5d19a6a69df6] Reasoning: This sentence is a direct quote of the statutory definition, providing no new interpretive context.
  [ID: 211148d4-1d2b-4476-8eef-e5e280805ed3] Reasoning: Repeats the statutory definition of a trade secret without adding any interpretive value or context.
  [ID: 51b34fc8-146b-415f-93b7-806ebdaf1c27] Reasoning: This is a direct quote of the statutory definition, providing no new interpretive context.
  [ID: 8d2c5939-e19e-48f2-9da8-e74baefef069] Reasoning: This is a partial quote of the statutory definition, lacking any additional context or application.
  [ID: 7c5f34a3-4fe5-4d2d-b911-49ee3dbe5d08] Reasoning: This is a partial quote of the statutory definition, lacking any additional context or application.
  [ID: 03eedbd0-3aa7-4367-98db-a6c28f6667b9] Reasoning: Discusses the independent economic value of a settlement term, providing a practical application of the concept.
  [ID: 78b0d04d-2a0c-4d30-94d2-83e94083b676] Reasoning: Describes a business arrangement with independent economic value, providing context for the application of the term.
  [ID: 665710f3-5a0d-48a2-a6b4-b8306f0a83f8] Reasoning: Rejects a proposition regarding independent economic value in a legal context, providing interpretive guidance.
  [ID: b73b059e-fb2d-4693-8345-474c861e4021] Reasoning: This is a partial quote of the statutory definition, lacking any additional context or application.
  [ID: 838993cd-ad2a-4241-afc3-ac1706dc7f3c] Reasoning: This is a direct quote of the statutory definition, providing no new interpretive context.
  [ID: 48274487-8f51-4bff-b75f-e64eb297689c] Reasoning: Summarizes the characteristics of a trade secret, providing some interpretive context but still closely tied to the statutory definition.
  [ID: 719ce3f8-071e-43d3-9fc1-9be1cf2824ac] Reasoning: States that Orbitz derives independent economic value from pricing information, providing a specific application of the term.
  [ID: b5cd6a78-fde2-4aeb-8c3c-6c0ca65a9ad6] Reasoning: This is a partial quote of the statutory definition, lacking any additional context or application.
  [ID: 6067ced5-fe13-49f8-a65a-799098cea2f0] Reasoning: This is a direct quote of the statutory definition, providing no new interpretive context.
  [ID: 4eaa5e78-b94c-4cb9-887d-5593e3364cdb] Reasoning: This is a direct quote of the statutory definition, providing no new interpretive context.
  [ID: 61341da2-8453-4d0a-beab-6150e985980c] Reasoning: Direct quote of the statute regarding independent economic value. No interpretive value beyond the statute itself.
  [ID: 4f97ef3f-a2d6-4d3a-9710-6cd5447e807e] Reasoning: Another direct quote of the statute. It does not provide any new information or context.
  [ID: 8551ce58-f203-49e1-88f3-4d6dd465ec98] Reasoning: Discusses a court's finding regarding documents lacking independent economic value, providing context on how the term is applied in legal settings.
  [ID: 7c66aa80-221e-4079-893f-251966f2fd41] Reasoning: Another direct quote of the statute. It does not add any interpretive context.
  [ID: 677e4255-1d3d-4812-8775-f25bdf8bfd10] Reasoning: Cites a court case that adopts a definition of trade secret, providing interpretive context on independent economic value.
  [ID: ce8562da-797f-4613-8936-0abecf90d2c7] Reasoning: Repeats the statutory definition of trade secret without adding new interpretive value.
  [ID: 0abc3c49-cf3b-4066-b3ec-70dd11c5b3a3] Reasoning: Summarizes the characteristics of a protectable trade secret, including independent economic value, providing useful context.
  [ID: 20f51523-b7e5-4186-8d53-e24b01ee1d27] Reasoning: Repeats the statutory definition of trade secret without adding new interpretive value.
  [ID: d8c2ca78-fcc0-4e54-8b92-413e170d2af1] Reasoning: Summarizes the characteristics of a protectable trade secret, including independent economic value, providing useful context.
  [ID: 3ada2c2e-f1a4-40ed-9f6a-ad97e34f9765] Reasoning: Describes customer information as a trade secret under the Uniform Trade Secrets Act, providing context for independent economic value.
  [ID: 99ea8800-9c12-48e1-90af-6fd9d43f7bb9] Reasoning: Discusses parties requesting summary judgment on whether trade secrets derived independent economic value, indicating practical application.
  [ID: 6b99e0dd-4599-4ca0-994d-3174829495b0] Reasoning: States that projecting sales does not derive independent economic value from secrecy, providing a practical interpretation.
  [ID: 1756db3b-c3fb-4d92-9456-194c0c2db7c5] Reasoning: Identifies genuine issues of material fact regarding independent economic value, indicating practical implications in a legal context.
  [ID: a8c52d25-c4b5-4919-8bde-7994e6c84146] Reasoning: Discusses the need for particularity in alleging a trade secret, indicating the importance of independent economic value in legal claims.
  [ID: 0120581c-7a2a-4651-b367-6d8e07964258] Reasoning: Identifies a genuine issue of material fact regarding whether a formula derived independent economic value, indicating practical implications.
  [ID: a63e0233-da26-433f-b4f4-092021102406] Reasoning: Identifies a genuine issue of material fact regarding whether documents derived independent economic value, indicating practical implications.
  [ID: f4665225-f622-4a7a-ad37-fcae8c75d545] Reasoning: Another direct quote of the statute. It does not provide any new information or context.
  [ID: a9fc7dc0-304e-40c8-8297-9cbdcf7ebc74] Reasoning: Cites a case that explains how independent economic value can provide a business advantage, adding interpretive context.
  [ID: 6734ed80-a4a5-4720-8514-faaa75e3844b] Reasoning: Discusses genuine issues of material fact regarding independent economic value, indicating practical implications in a legal context.
  [ID: e65f47ea-06a1-4581-9cbe-e4b98387677e] Reasoning: Discusses MGA's argument regarding independent economic value, indicating practical implications in a legal context.
  [ID: d9fe4515-6e51-4dfa-ba7f-9642d2e8c6dd] Reasoning: Suggests that a reasonable fact-finder could conclude that a concept lacks independent economic value, indicating practical implications.
  [ID: f68dde54-5f94-4b62-b44f-8cf3c2409c22] Reasoning: States that not all product plans derive independent economic value, indicating a nuanced understanding of the term's application.
  [ID: 87aedb5e-6f17-42e2-a877-58455af65ba8] Reasoning: Identifies a genuine issue of material fact regarding whether documents derived independent economic value, indicating practical implications.
  [ID: 6eb03473-af8d-4640-819b-3137ca9eee8f] Reasoning: States that independent economic value can be evidenced by circumstantial evidence, providing interpretive context.
  [ID: 1075c9ed-7c10-4941-859e-e0c849514667] Reasoning: Discusses MGA's argument regarding independent economic value, indicating practical implications in a legal context.
  [ID: 9a9bb762-9ee2-4d63-8e47-7d86fa5c1cc5] Reasoning: This is a mere repetition of the phrase of interest without any context or application.
  [ID: 44ed1831-d64c-43bd-90a8-01cf6684df4a] Reasoning: States a fact about the independent economic value of a specific technology but lacks deeper interpretive context.
  [ID: 5348f947-021d-465c-a7f1-13caed4a3eec] Reasoning: This sentence quotes a definition from California Civil Code, providing no new interpretive insight beyond the statute.
  [ID: 160f5cae-1942-449a-a7f6-a29a8d8ef771] Reasoning: This sentence provides a definition of 'trade secret' that includes the phrase of interest but does not add interpretive value.
  [ID: 68e7e55d-3f30-491a-a0c4-a1f70392ccd9] Reasoning: This is a partial quote of the statute, lacking any additional context or application.
  [ID: bb7336fc-1c67-4f58-8b42-858bd37eadac] Reasoning: This sentence outlines the requirements for proving a trade secret, including the phrase of interest, but does not provide deeper analysis.
  [ID: eb54e472-7cee-4e42-9705-f9a5ab3a6eee] Reasoning: This is another definition of 'trade secret' that includes the phrase of interest, offering no new interpretive insight.
  [ID: 271117aa-b148-45c7-a212-ed9f9acbb9b1] Reasoning: This is a direct quote of the statute, providing no new interpretive context.
  [ID: 6dcc065e-57f5-4b04-8f41-d7c5daee0307] Reasoning: This sentence provides a definition of 'trade secret' similar to others, lacking any new interpretive value.
  [ID: d99820ad-aff8-4f23-8973-86fda2d5c79c] Reasoning: This sentence repeats the definition of 'trade secret' without adding any interpretive context.
  [ID: 646d2c39-2e4d-4f8f-894a-eb199d1e8c4a] Reasoning: This is a partial quote of the statute, providing no new interpretive context.
  [ID: f29da024-61d8-4fc6-b7a4-0e51b30cbe21] Reasoning: This sentence discusses a specific case but does not provide significant interpretive context regarding the phrase of interest.
  [ID: 27b60a34-875f-43e7-8ade-e434cfe6e5a3] Reasoning: This sentence cites a case but primarily repeats the statutory definition without adding new insights.
  [ID: eee5aaab-86a5-49d6-b823-02d25e42ad04] Reasoning: This is another definition of 'trade secret' that includes the phrase of interest, offering no new interpretive insight.
  [ID: e72dc91b-9105-4b72-8fa0-9ac1d005b039] Reasoning: This sentence provides a definition of 'trade secret' similar to others, lacking any new interpretive value.
  [ID: f2c05345-ff90-4260-b372-935d02aeffb0] Reasoning: This sentence discusses a specific case but does not provide significant interpretive context regarding the phrase of interest.
  [ID: 5141a3fb-b621-4dd0-88f2-192b761f3152] Reasoning: This is a partial quote of the statute, providing no new interpretive context.
  [ID: f7462a4d-f4af-40b5-a9b5-36168ac47303] Reasoning: This sentence provides a definition of 'trade secret' that includes the phrase of interest but does not add interpretive value.
  [ID: 6b8ccc45-b2b8-468a-9031-f06c4262d777] Reasoning: This sentence critiques the concept of independent economic value but does not provide a clear application or context.
  [ID: 7830cb2f-00d9-4cc4-82a9-c35866b5c849] Reasoning: This is a partial quote of the statute, providing no new interpretive context.
  [ID: 1915e382-71fc-41bd-bb99-e2e2ade357f7] Reasoning: This sentence describes a situation involving trade secrets but does not provide significant interpretive context regarding the phrase of interest.
  [ID: f51f728c-da03-4b68-9d5c-657dca8fe7cd] Reasoning: This is a partial quote of the statute, providing no new interpretive context.
  [ID: 12b73e3e-45cb-4945-8f45-bc6e34249815] Reasoning: This sentence discusses a court's inability to dismiss a case regarding independent economic value but lacks deeper analysis.
  [ID: 62a3dcbf-38b0-4759-9c41-b8392ebc1b5f] Reasoning: This is a direct quote of the statute, providing no new interpretive context.
  [ID: 91df74f2-c36b-4048-8f18-ace8b7b9f07f] Reasoning: This sentence poses a question regarding independent economic value but does not provide a clear application or context.
  [ID: fcb0d115-8a89-49ed-8855-408491a21e85] Reasoning: This sentence summarizes the requirements for a trade secret, including independent economic value, but does not provide any new interpretive context or application.
  [ID: b2145fda-d60d-4efa-a439-fbfee9b0beb1] Reasoning: This is simply a repetition of the phrase 'Independent Economic Value' without any context or explanation.
  [ID: 313c63ed-8a16-4ad6-b238-48a8dfb8182a] Reasoning: This sentence states that a trade secret requires proof of independent economic value, but it does not elaborate on how this is determined or applied.
  [ID: c48430a9-5b87-49af-bbfc-ba2042c5f0c0] Reasoning: This sentence mentions a specific case where independent economic value is challenged, but lacks detail on the implications or context of that challenge.
  [ID: c5c0f6d7-221e-4520-8822-bd88db96555e] Reasoning: This sentence indicates a genuine issue of material fact regarding the independent economic value of a specific product, suggesting a legal context but lacking deeper analysis.
  [ID: d4d79d96-7b8a-4d55-af7b-249ef21aec14] Reasoning: This sentence discusses the independent economic value of specific methods in a legal context, indicating some interpretive value but not fully explaining the implications.
  [ID: e7e94e98-eda8-4cb3-a702-711dca646688] Reasoning: This is a direct quote of the statute defining 'trade secret' and does not provide any new interpretive context.
  [ID: 80c4ed56-6473-4f38-b260-91e789760f84] Reasoning: This is another direct quote of the statute defining 'trade secret' and does not add any interpretive value.
  [ID: c412179b-7bf8-45f6-b3e0-52b9188155f6] Reasoning: This sentence is a partial quote of the statute and does not provide any new information or context.
  [ID: ebc6c32b-7216-42b0-9710-c3aa9c8da82b] Reasoning: This sentence critiques the lack of explanation regarding independent economic value in a legal context, providing some interpretive insight.
  [ID: e276ae62-ba01-46c3-8197-12f3377bb6fb] Reasoning: This sentence provides a definition of trade secret that includes independent economic value, but it is largely redundant with the statute.
  [ID: acd72bbd-34cf-4972-b0c5-4e4add0c6716] Reasoning: This is a partial quote of the statute and does not provide any new interpretive context.
  [ID: d1841940-1ba7-44aa-912c-de9eb09f6247] Reasoning: This sentence is a direct quote of the statute and does not add any interpretive value.
  [ID: 28e36b72-feef-4272-8adb-3ddbaef10c15] Reasoning: This is a partial quote of the statute and does not provide any new information or context.
  [ID: eb3cc00c-c649-436b-8983-0e1f5532e38b] Reasoning: This sentence states that the information had independent economic value to freight brokers, providing some context but lacking deeper analysis.
  [ID: 4dff0d12-6db7-4530-859c-34f149b88a19] Reasoning: This is a direct quote of the statute and does not provide any new interpretive context.
  [ID: a0169f16-7768-4d5c-bb68-8c27d84b8bfc] Reasoning: This is a direct quote of the statute and does not add any interpretive value.
  [ID: 6c09b597-469e-4042-a3ef-56691e6053df] Reasoning: This is a direct quote of the statute and does not provide any new interpretive context.
  [ID: ea180201-6774-405f-9e0c-4927a51a9657] Reasoning: This sentence indicates that certain information derives independent economic value, providing some context but lacking deeper analysis.
  [ID: cdf9e5ee-3378-48a0-8076-1fa7cc25fbd7] Reasoning: This is a partial quote of the statute and does not provide any new information or context.
  [ID: b0e97852-dc4a-44f4-93f9-f246310919e5] Reasoning: This is a direct quote of the statute and does not add any interpretive value.
  [ID: 687fa3e8-50ed-425e-a7d8-0081aa1fc865] Reasoning: This is a direct quote of the statute and does not provide any new interpretive context.
  [ID: 1f4ee0b6-bb22-4813-ab4b-0a53f04da59b] Reasoning: This is a direct quote of the statute and does not provide any new interpretive context.
  [ID: aa065381-563a-4384-a2ce-bf3a22e168f4] Reasoning: This sentence suggests that a timing system may derive independent economic value, but lacks detail on how this is determined or applied.
  [ID: 9ded0569-8986-4be7-9057-6f5ca9447bf6] Reasoning: This sentence indicates that a trier of fact must determine independent economic value, suggesting a legal context but lacking deeper analysis.
  [ID: f6896261-bec1-4d92-ad8f-7471565b1491] Reasoning: Direct quote of the statutory definition of 'independent economic value'. No interpretive value beyond the statute itself.
  [ID: 3be9b6d8-3162-454b-9389-d8547fcdc974] Reasoning: This sentence discusses a specific case where AJÍ failed to demonstrate the independent economic value of its information, providing context for the application of the term.
  [ID: 2b3840c2-1452-42e1-aada-67cc089ce8db] Reasoning: Similar to the previous sentence, this discusses AK's failure to show independent economic value, providing context for the application of the term in a legal setting.
  [ID: 945e2208-1cdc-4700-820c-510929703dc2] Reasoning: This is a direct quote of the statutory definition of 'trade secret', including the phrase 'independent economic value'. It does not provide new interpretive context.
  [ID: 27c777c0-0097-4303-9d4d-cc41fb24d822] Reasoning: This sentence states that Menzies has not shown independent economic value, which is relevant but lacks depth in interpretation or application.
  [ID: 79d40129-c37b-41b9-b30b-89f63b03740b] Reasoning: This discusses the lack of independent economic value under Delaware law, providing a specific legal context that aids interpretation.
  [ID: bbaf4bcc-d097-4850-853d-7172937ebcc5] Reasoning: This is a partial quote of the statutory definition, lacking any new interpretive context or application.
  [ID: 63639006-182b-42b7-af48-6f115ca3af91] Reasoning: This is another partial quote of the statutory definition, providing no new interpretive context.
  [ID: 61ce6ea0-0fef-4d0a-bd6d-b18116639804] Reasoning: This sentence discusses the lack of facts to support a claim of independent economic value, providing context for legal interpretation.
  [ID: e71e2e0a-e569-40e9-aa85-0db9560a054f] Reasoning: This sentence recites the statutory definition but does not provide new interpretive context or application.
  [ID: f65a74b3-380f-4d40-8f58-024b221ac09e] Reasoning: This sentence provides a detailed context of what constitutes trade secrets, including independent economic value, but is largely a recitation of the definition.
  [ID: f1f86456-d754-46bf-8aa2-0b9dfad1fc14] Reasoning: This is a direct quote of the statutory definition of 'trade secret', providing no new interpretive context.
  [ID: 20b0c277-fff5-4da8-b36b-709f0c85db19] Reasoning: This is a partial quote of the statutory definition, lacking any new interpretive context or application.
  [ID: d92a35af-1104-4faf-a438-c34ad929cf6d] Reasoning: This sentence outlines the requirements for claiming misappropriation of trade secrets, including independent economic value, providing useful context.
  [ID: 27063db1-8aeb-4875-b412-d59ea14b7cd5] Reasoning: This is a partial quote of the statutory definition, lacking any new interpretive context or application.
  [ID: 607f89ac-9f9c-44c8-8963-99971f0abadd] Reasoning: This sentence outlines the requirements for information to be considered a trade secret, including independent economic value, providing useful context.
  [ID: b7eb5790-95ce-4d97-af50-26ecc86d5a78] Reasoning: This sentence critiques the lack of evidence for independent economic value, providing context for legal interpretation.
  [ID: 15dbc03f-cee7-41f6-ab61-6f4b07ba189e] Reasoning: This is a direct quote of the statutory definition of 'trade secret', providing no new interpretive context.
  [ID: 58d5cd7b-d4c3-46ba-ba68-df76a223cd78] Reasoning: This is a partial quote of the statutory definition, lacking any new interpretive context or application.
  [ID: 484d1268-c444-49f3-8a9b-c11d4d0582fd] Reasoning: This sentence provides a definition of 'trade secret' under Tennessee law, including independent economic value, but is largely a recitation of the definition.
  [ID: 748edb9d-3e3a-47a6-9820-e24b40fee170] Reasoning: This sentence discusses a specific case where DT's design was found not to derive independent economic value, providing context for the application of the term.
  [ID: e50d5aa2-ae8d-40af-b254-d88f86c5d51b] Reasoning: This is a partial quote of the statutory definition, lacking any new interpretive context or application.
  [ID: 64aa8952-a256-4dd9-8ea1-2e0584ccfda2] Reasoning: This is a direct quote of the statutory definition of 'trade secret', providing no new interpretive context.
  [ID: 0bd004ad-c9d2-4235-ad0b-52f389a4fdde] Reasoning: Direct quote of the statutory definition of 'independent economic value'. No interpretive value beyond the statute itself.
  [ID: 35c3e14d-8c72-4bcc-8226-dfc6b47e8eb4] Reasoning: This is a direct quote of the statutory definition of 'trade secret', providing no new interpretive context.
  [ID: ec94dd73-e2e3-4fc5-bc0e-ab4da9cca7ec] Reasoning: This sentence is a direct repetition of the statutory language regarding independent economic value without any additional context or interpretation.
  [ID: 82510f47-7b6b-4dc2-b24b-4976d3f86f02] Reasoning: This sentence provides an interpretation from the Supreme Court of Iowa, explaining how independent economic value relates to competitive advantage, which adds significant interpretive context.
  [ID: 655f2cb6-446a-40dd-a825-05240237b03d] Reasoning: This sentence states a conclusion from a jury's finding regarding trade secrets but lacks depth in explaining the implications of independent economic value.
  [ID: 370fde14-787e-4956-b696-b7626db41f21] Reasoning: This sentence is a direct quote of the statute, providing no new interpretive value beyond the text itself.
  [ID: 199e52a6-3cc2-4dae-8a82-baae6b6b91c1] Reasoning: This sentence is another direct quote of the statute, repeating the definition of trade secret without adding interpretive context.
  [ID: 19f0661b-d309-4bef-9537-a75fb5a6c533] Reasoning: This sentence discusses case law that relates to independent economic value in a different context (copyright), which does not directly apply to trade secrets.
  [ID: 46c773f1-5222-4748-93b3-acf40694c859] Reasoning: This sentence is a direct quote of the statute, providing no new interpretive value beyond the text itself.
  [ID: e2649545-4050-4415-a3f9-8b8597c7ab38] Reasoning: This sentence is a paraphrase of the statutory definition, providing no new interpretive value beyond the text itself.
  [ID: 530d929d-165f-40d1-a24f-6f14fbbf0857] Reasoning: This sentence discusses the burden of proof required for a trade secret claim, providing context on how independent economic value is applied in legal proceedings.
  [ID: b238d762-b539-494d-8f6e-fb324fb3552c] Reasoning: This sentence summarizes a requirement for trade secret status, but it does not provide additional context or application, making it somewhat redundant.
  [ID: 2b4c7aaf-19a3-4275-8df2-5602c3a306d1] Reasoning: This sentence discusses a jury's decision regarding independent economic value, but it lacks depth in explaining the implications of that value.
  [ID: 85399b4c-63a5-4909-9307-e502b1be9440] Reasoning: This sentence outlines the requirements for a trade secret claim, reiterating statutory language without adding interpretive context.
  [ID: 975e7f3f-479e-426a-b048-2d6cfc53d7be] Reasoning: This sentence discusses the court's conclusion regarding the burden of proof related to independent economic value, providing some context for its application.
  [ID: 2751377c-4c64-4a3f-9bd4-c742208fb9f2] Reasoning: This sentence discusses a claim regarding independent economic value but lacks depth in explaining its implications or context.
  [ID: 58175d33-d946-4d2e-8c27-afb3c85e20b4] Reasoning: This sentence is a direct quote of the statute, providing no new interpretive value beyond the text itself.
  [ID: 0bb547e9-834f-4875-9309-46f264c73dbf] Reasoning: This sentence is a partial repetition of the statutory language regarding independent economic value, lacking interpretive depth.
  [ID: c39cc29c-4ad6-4db2-ae29-4c07319a4644] Reasoning: This sentence discusses the focus for determining misappropriation claims, providing some interpretive context regarding independent economic value.
  [ID: fa6b8f84-76a6-4339-b299-8deca2ce9dcd] Reasoning: This sentence is a partial repetition of the statutory language regarding independent economic value, lacking interpretive depth.
  [ID: 45313600-4b5d-4ff5-beb5-8e0ade9b9e3d] Reasoning: This sentence is a direct quote of the statute, providing no new interpretive value beyond the text itself.
  [ID: d24b85b5-99fa-4262-bc0f-64c77e863923] Reasoning: This sentence is a direct quote of the statute, providing no new interpretive value beyond the text itself.
  [ID: da14fc19-031f-42d1-824f-6a7feca3e0f2] Reasoning: This sentence is a direct quote of the statute, providing no new interpretive value beyond the text itself.
  [ID: 06a32633-b3c5-4edb-b08d-18dadf52ca8e] Reasoning: This sentence is a direct quote of the statute, providing no new interpretive value beyond the text itself.
  [ID: d4900eff-2330-43a9-8863-04ca967634c5] Reasoning: This sentence discusses a specific case where independent economic value was not established, providing context for its application.
  [ID: 1a4ee32c-1517-447c-8a0b-1677e222d0a4] Reasoning: This sentence discusses the conditions under which works would have independent economic value, providing some context but lacking depth.
  [ID: c2a24082-1b66-468e-8653-f0b4daa83196] Reasoning: This sentence discusses the implications of independent economic value in the context of misappropriation, providing some interpretive context.
  [ID: 97610e5e-38b9-46b4-b319-befeac437ad0] Reasoning: This sentence is a direct quote from the statute, providing no new interpretive context or application.
  [ID: 0042b4c5-ef03-476c-b058-d1a63ea34794] Reasoning: This sentence discusses a specific case where the plaintiff established that their compilation derived independent economic value, providing context on how the term is applied in legal proceedings.
  [ID: 2f49fccf-3834-4035-8f2f-2a8d0d55c928] Reasoning: This sentence explains the definition of a trade secret in relation to independent economic value, but it closely mirrors the statutory language without significant interpretive depth.
  [ID: c684d284-4e59-440c-b05c-c3c4f7e9bf1d] Reasoning: This is another direct quote from the statute, repeating the definition without adding any interpretive value.
  [ID: 12097506-188c-4cfc-831d-6f5c6238fab2] Reasoning: This sentence is a direct quote from the statute, providing no new interpretive context or application.
  [ID: fd5a10ba-4b24-4811-b55a-691b07ea4e02] Reasoning: This sentence discusses a specific case where the court evaluated whether labor and equipment rates derived independent economic value, providing context on the application of the term.
  [ID: 51186f56-e752-4c2e-9117-bfe4d471fabd] Reasoning: This sentence discusses the concept of 'alchemy of information' and how it can derive independent economic value, providing a nuanced interpretation of the term.
  [ID: b0003392-0c8a-4a10-b843-8ca406d0a264] Reasoning: This is a direct quote from the statute, providing no new interpretive context or application.
  [ID: a88583fd-ef3b-4b4d-b357-cbb6d966b7be] Reasoning: This sentence discusses the context in which information may not constitute trade secrets, providing interpretive value regarding independent economic value.
  [ID: c5022fa7-7e74-47cf-870d-5efa85a90cd6] Reasoning: This is a direct quote from the statute, providing no new interpretive context or application.
  [ID: 4512b77b-62ac-4ee5-9151-136745d7eec5] Reasoning: This sentence discusses the concept of 'alchemy of information' and its potential to constitute a trade secret, providing a nuanced interpretation of independent economic value.
  [ID: 7d1883bd-83dd-40e9-b403-bc33ca85ce3b] Reasoning: This is a direct quote from the statute, providing no new interpretive context or application.
  [ID: 067ad260-6b34-4579-8a75-8d91cbd5755f] Reasoning: This sentence discusses the concept of 'alchemy of information' in relation to trade secrets, providing a nuanced interpretation of independent economic value.
  [ID: 0f3b718b-4dd2-4e7c-a3fd-e5a25a9dbf9e] Reasoning: This sentence discusses the jury's conclusion regarding independent economic value, providing context on how the term is applied in legal proceedings.
  [ID: d7a67ff0-cfec-49ef-b700-3b524c93dcc1] Reasoning: This sentence explains the requirements for proving a trade secret, specifically regarding independent economic value, but closely mirrors the statutory language.
  [ID: 5c4a0b34-63d9-44c8-9a5b-2aafc1c0e25d] Reasoning: This sentence is a direct quote from the statute, providing no new interpretive context or application.
  [ID: ee44a45a-c3f4-4bfb-8b12-19aad0726f23] Reasoning: This sentence discusses the jury's potential conclusions regarding independent economic value, providing context on how the term is applied in legal proceedings.
  [ID: 9c26329d-bc6b-4d1e-aa81-07bd1acd4b8a] Reasoning: This is a direct quote from the statute, providing no new interpretive context or application.
  [ID: c3950184-b885-4a30-9cc2-065cee3087ff] Reasoning: This is a direct quote from the statute, providing no new interpretive context or application.
  [ID: d095a4d3-dc2e-4e64-b9fa-13b2a0e1bda9] Reasoning: This sentence discusses the context in which information may not constitute trade secrets, providing interpretive value regarding independent economic value.
  [ID: 65380fb3-f515-43af-af35-191a7612e0fb] Reasoning: This sentence discusses the jury's potential findings regarding independent economic value, providing context on how the term is applied in legal proceedings.
  [ID: d06096a3-9704-433a-af44-f3f4f9c4723e] Reasoning: This sentence is a direct quote from the statute, providing no new interpretive context or application.
  [ID: f36f9245-781f-4297-84a3-e3d069acdf0a] Reasoning: This sentence discusses the requirements for proving a trade secret, specifically regarding independent economic value, but closely mirrors the statutory language.
  [ID: e04db3f3-7db8-404d-bf86-cd3af6460123] Reasoning: This sentence is a direct quote from the statute, providing no new interpretive context or application.
  [ID: a2eb3b05-aa11-479f-8e96-3dacb4e06849] Reasoning: This sentence is a direct quote from the statute, providing no new interpretive context or application.
  [ID: 26f9c8e0-532a-4d92-a970-af37253baa73] Reasoning: This sentence is a paraphrase of the statutory definition of trade secret, specifically reiterating the requirement of independent economic value without adding any new interpretive context.
  [ID: 50df8542-b1b2-493e-b74c-8b3095d114e9] Reasoning: This sentence references a court's finding of independent economic value in a specific case, providing context but lacking detailed analysis or implications of that finding.
  [ID: 5562eca2-60bf-4992-a0f4-ac9c174cb0d8] Reasoning: This sentence explains how the court determined that the works were trade secrets due to independent economic value, providing context about the parties involved and their competitive relationship.
  [ID: bd8b184d-2a53-40c0-91b2-3c5cd1b5afde] Reasoning: This sentence is a direct quote of the statutory definition, providing no new interpretive value beyond the text of the statute.
  [ID: 6e21ea3e-b730-4454-a965-abe78ef19dc4] Reasoning: This sentence is a partial quote of the statutory definition, lacking any interpretive context or application.
  [ID: 5ca7fdf2-14ac-4a23-b0f4-915f8e938390] Reasoning: This sentence is another partial quote of the statutory definition, providing no additional interpretive context.
  [ID: ed23f7f4-930d-4e88-b4ff-12833641c0fb] Reasoning: This sentence discusses a court's finding regarding the lack of independent economic value, which is relevant to understanding the application of the statute.
  [ID: 95b6daf7-ad65-440a-8c33-4adc94450839] Reasoning: This sentence is a direct quote of the statutory definition, providing no new interpretive value beyond the text of the statute.
  [ID: 6180fb2d-cb80-42d8-9dab-b2a8204078dc] Reasoning: This sentence provides an example of how customer information can qualify as a trade secret, adding context to the concept of independent economic value.
  [ID: ff03cd5a-7cc3-4177-ac64-52d1e6c8a34c] Reasoning: This sentence is a direct quote of the statutory definition, providing no new interpretive value beyond the text of the statute.
  [ID: 12f96ef5-46df-4197-9977-7193a2c1342f] Reasoning: This sentence summarizes the elements of a trade secret under the Indiana Uniform Trade Secrets Act, reiterating the statutory definition without adding interpretive context.
  [ID: a12a896b-ff70-4a78-a309-062e49fcda66] Reasoning: This sentence is a direct quote of the statutory definition, providing no new interpretive value beyond the text of the statute.
  [ID: e1168d42-a0b0-4526-81e4-49401ff01066] Reasoning: This sentence is a direct quote of the statutory definition, providing no new interpretive value beyond the text of the statute.
  [ID: 83239b0e-ce22-4f94-ba67-987abf781264] Reasoning: This sentence is a direct quote of the statutory definition, providing no new interpretive value beyond the text of the statute.
  [ID: 9f43ec19-5911-4a51-b210-70f99e3e8265] Reasoning: This sentence is a direct quote of the statutory definition, providing no new interpretive value beyond the text of the statute.
  [ID: 022ee12a-7c59-46e4-8104-255e555afd7a] Reasoning: This sentence is a partial quote of the statutory definition, lacking any interpretive context or application.
  [ID: e8dd7f0e-1503-4a3c-9782-3101257795d4] Reasoning: This sentence reiterates the requirement for independent economic value in a trade secret, providing no new interpretive value beyond the text of the statute.
  [ID: 40a23d37-61f5-4fbd-b256-7841746bc66e] Reasoning: This sentence explains that independent economic value must afford a competitive advantage, adding interpretive context to the concept.
  [ID: d09467c5-5ab0-4845-bdca-614f1084c07b] Reasoning: This sentence provides a definition of independent economic value in terms of usefulness to a competitor, adding context to the concept.
  [ID: 5ae054a1-f6e3-40b4-baf6-d7728bb6748b] Reasoning: This sentence discusses the market advantage gained from secret information, providing context to the concept of independent economic value.
  [ID: 67564834-e63f-49f5-acae-dc7f83bfc187] Reasoning: This sentence is a partial quote of the statutory definition, lacking any interpretive context or application.
  [ID: d4eb5008-6ddc-43fe-951b-c1ad46243b3b] Reasoning: This sentence outlines the three factors determining the existence of a trade secret, providing a useful summary of the legal standard.
  [ID: 769285bd-b598-438a-97fc-28ff30d818bc] Reasoning: This sentence discusses the implications of a specific case regarding the Motor design, indicating that it derived independent economic value, thus providing context.
  [ID: e50da35a-fa10-4e35-830b-153c5928eefb] Reasoning: This sentence is a direct quote of the statutory definition, providing no new interpretive value beyond the text of the statute.
  [ID: e46b086a-c8c9-4ba0-8ba0-05ff940a9f98] Reasoning: This sentence discusses the court's need to determine whether the information derives independent economic value, providing context for its application.
  [ID: 75075b50-0784-4447-b1a0-40660bbb7e3e] Reasoning: Direct repetition of the statutory definition without any additional context or application.
  [ID: 1831fdd1-44d2-4368-b65b-749813ccfa33] Reasoning: Another direct repetition of the statutory language, providing no new interpretive insight.
  [ID: b7dc1186-afd1-456f-8c57-92016fbcb970] Reasoning: Reiterates the statutory definition verbatim, lacking any interpretive context.
  [ID: 6478cfa3-d8d7-4f82-a5e3-fbd9da3bb457] Reasoning: Purely a repetition of the statutory text, offering no additional information.
  [ID: 497c9f53-2b25-4724-b54c-6a24d72e415a] Reasoning: While it cites Montana law, it primarily repeats the statutory definition without further analysis.
  [ID: 3654fdac-20a4-4685-9ead-e5cd959ae8be] Reasoning: This sentence restates the definition of a trade secret under District of Columbia law, lacking interpretive depth.
  [ID: 9e21d25f-0b89-4358-8abb-a1ccaf96e9d6] Reasoning: Discusses the concept of independent economic value in the context of a breach of contract, providing some application.
  [ID: a610c4a4-8356-4b0b-9cb2-be5c7368eb9e] Reasoning: Critiques the notion of independent economic value in personal information, providing context on legal interpretations.
  [ID: 2ba21518-186e-49c9-a215-33727e118e1c] Reasoning: Another instance of repeating the statutory language without any new insights.
  [ID: f213e6f9-fe77-418f-b06e-fe3955f204c5] Reasoning: This sentence outlines the criteria for a trade secret, which adds some interpretive value.
  [ID: ef474faf-9b49-4ee7-9ab8-f61eb59ec4e3] Reasoning: Reiterates the statutory definition without any additional context or application.
  [ID: b75b573f-c9a2-4ea5-85a7-29844f02b5d9] Reasoning: Restates the definition of a trade secret, providing no new interpretive context.
  [ID: c1f133f4-7f27-4ce6-819b-e147036c1b95] Reasoning: Another direct quote of the statutory definition, lacking interpretive depth.
  [ID: f438e671-5c5e-4f35-ad35-7a2b70cb45b3] Reasoning: Reiterates the statutory definition without any additional context or application.
  [ID: 9bc7f3b6-057b-4336-929e-bb53c2d20a6d] Reasoning: Repetition of the statutory language without any new insights or applications.
  [ID: 88b76dfe-d1d4-4407-966b-6a8355cbd569] Reasoning: Mentions the criteria for establishing a trade secret, which adds some interpretive context.
  [ID: affe51c5-b197-4728-9d6b-97f752a062f4] Reasoning: Discusses the criteria for trade secrets in the context of a court's decision, providing some interpretive context.
  [ID: 9ca11b71-98ad-40e2-9e0c-cd23e4a0746d] Reasoning: Reiterates the statutory definition without any additional context or application.
  [ID: bc8f69e3-96e0-400f-b817-9d0eac140558] Reasoning: Discusses the criteria for determining trade secret status, providing relevant interpretive context.
  [ID: 2b346c68-49fb-42aa-8ace-b1a3999153e4] Reasoning: Reiterates the statutory definition without any additional context or application.
  [ID: 49bf3e2d-5827-44bf-b3d5-f532be49c2ed] Reasoning: Reiterates the statutory definition without any additional context or application.
  [ID: 3a7eaba7-1f1a-432e-8fb2-633e3f6ae965] Reasoning: Provides a detailed context of a specific case involving trade secrets, which adds significant interpretive value.
  [ID: abe2cd19-86bc-4d91-9b3a-e2538922aa58] Reasoning: Reiterates the statutory definition without any additional context or application.
  [ID: 88637c7e-ae24-4482-a39c-b9790425614f] Reasoning: The sentence discusses a court's conclusion regarding the failure to establish independent economic value, but it does not provide any new interpretive context or application.
  [ID: b66c92ed-2d90-4a1c-bacd-dea62f6c6548] Reasoning: This sentence states a legal principle but does not elaborate on how independent economic value is defined or applied in practice.
  [ID: a8625ff4-f111-49ae-8aee-c3e35d4b00ac] Reasoning: This sentence provides a finding that the court erred in its conclusion about independent economic value, indicating a specific application of the term in a legal context.
  [ID: f464b27f-f44c-48f6-901f-fdff54753e61] Reasoning: The sentence discusses the insufficiency of evidence for a finding of independent economic value, but lacks depth in explaining the implications or context.
  [ID: 4e002839-26a6-41dc-b45e-5c6f2a20cc5f] Reasoning: This sentence clarifies that the trial court did not find a lack of evidence for independent economic value, but does not provide further interpretive context.
  [ID: ffd86439-4519-47e5-9e9f-cd9c5ecae6f2] Reasoning: The sentence quotes the court's finding of no credible evidence for independent economic value, which is a direct repetition of the court's conclusion without additional context.
  [ID: f43c3908-f865-411f-a8ce-46621628f9ce] Reasoning: Yield's assertion about evidence supporting independent economic value is mentioned, but it does not provide new interpretive insights.
  [ID: 968bc9a3-0085-4ab4-8cef-e4f6c233454b] Reasoning: This sentence discusses an inference of independent economic value based on conduct and agreements, providing some context for its application.
  [ID: e84d7945-638c-4988-a89d-a10b06acffc7] Reasoning: The sentence argues that the protection of code does not necessarily indicate independent economic value, providing a critical perspective on the application of the term.
  [ID: fbc37091-bf23-40dd-8f64-c20bd5799119] Reasoning: This sentence discusses the general requirement for import functions and their relation to independent economic value, but lacks depth in its analysis.
  [ID: 68cc1f50-b321-4c9c-9aae-7960b68eb386] Reasoning: The analogy about wing designs does not provide substantial interpretive value regarding independent economic value, as it is more illustrative than analytical.
  [ID: 76b2aa51-8b07-4639-b41e-525b2d40080a] Reasoning: This sentence is a direct quote from the statute, providing no new interpretive context or application.
  [ID: 2cc6c5ae-6d14-4023-9092-24ee779b4755] Reasoning: This sentence is another direct quote from the statute, offering no interpretive value beyond the text itself.
  [ID: 5e2fbb9d-0c37-46a4-a95a-9c39beb3d3d9] Reasoning: The sentence discusses a legal argument regarding the lack of independent economic value, but does not provide new insights or applications.
  [ID: 81c65f24-977f-41dd-b899-af1f9baf888d] Reasoning: This sentence raises a critical question about the derivation of independent economic value, indicating a relevant legal inquiry.
  [ID: a619b9df-7349-4319-8bf5-4c10aaf87bed] Reasoning: The sentence suggests a material fact issue regarding independent economic value, indicating a relevant legal context.
  [ID: a8ea5f94-0212-4f6a-a556-b1c61a407545] Reasoning: This sentence is a direct quote from the statute, providing no new interpretive context or application.
  [ID: 256b1077-4109-4a9e-8b55-947000134d13] Reasoning: The sentence addresses the proof of independent economic value required by a specific section, but lacks depth in its analysis.
  [ID: 13f02d0d-ccdb-4e9c-a0ac-3deec2646e2c] Reasoning: This sentence is a direct quote from the statute, providing no new interpretive context or application.
  [ID: a03c5940-317e-4bc6-9a2a-721e54ea389f] Reasoning: The sentence discusses information that does not derive independent economic value, but does not provide new insights or applications.
  [ID: 5e427c38-c544-43c9-a42d-42fb7ce56a76] Reasoning: This sentence discusses the lack of independent economic value for non-financial information, but does not provide new insights or applications.
  [ID: f70ced5d-5d67-4c27-b0c7-edbc362cd97d] Reasoning: Direct quote of the statute. No interpretive value beyond the statute itself.
  [ID: a0508705-20fc-457a-8ebe-5b99cf90fc0e] Reasoning: Another direct quote of the statute. Provides no new information or context.
  [ID: a17de164-41bc-406b-9575-842506d8c1b3] Reasoning: This is a paraphrase of the statute. It does not add any interpretive context.
  [ID: b8dd3c2f-6378-4c5b-8168-71581d93d435] Reasoning: This sentence is a direct quote of the statute. It does not provide any additional interpretive value.
  [ID: 7b25c612-6503-43b8-b4e7-ace63b92ab14] Reasoning: This is a repeat of the statutory definition. No new insights or applications are provided.
  [ID: fc1cd0b0-a9f8-4f23-81a1-1f30dfee340e] Reasoning: This is a paraphrase of the statute. It does not add any interpretive context.
  [ID: 013a280b-0f4b-430f-b219-64a4a8f625fe] Reasoning: This sentence discusses a court's conclusion regarding independent economic value, providing context and application of the term.
  [ID: 84fbe689-37b1-40a9-a2d1-7422679b7faf] Reasoning: This is a direct quote of the statute. It does not provide any additional interpretive value.
  [ID: f9b9d246-d4e4-4d82-9b16-9d2bf12f97db] Reasoning: This is a repeat of the statutory definition. No new insights or applications are provided.
  [ID: 686d889e-b49d-4f09-8784-c0b033a65009] Reasoning: This is a direct quote of the statute. It does not provide any additional interpretive value.
  [ID: c0227ddf-71b4-4b43-9993-6ed51457a3cc] Reasoning: This sentence provides a specific example of how Bosch derives independent economic value, adding context to the term.
  [ID: 6db63114-b41a-4542-b1bc-e1d454fb9d35] Reasoning: This is a direct quote of the statute. It does not provide any additional interpretive value.
  [ID: 33b10f3b-c16d-4401-a081-130fecad2099] Reasoning: This sentence discusses the independent economic value of information based on testimony, providing context and application.
  [ID: 5ec19ba6-4d47-4f95-a6aa-b33545245a1b] Reasoning: This is a direct quote of the statute. It does not provide any additional interpretive value.
  [ID: 9e2a386e-cd1f-4d1b-98f0-24624ab06a20] Reasoning: This is a repeat of the statutory definition. No new insights or applications are provided.
  [ID: 44a8a194-8921-4ee1-af88-3f6ca5394712] Reasoning: This is a repeat of the statutory definition. No new insights or applications are provided.
  [ID: 53004745-9740-4200-895a-925e3c50cb70] Reasoning: This sentence outlines the burden of proof for claiming trade secret protection, providing context for the term.
  [ID: e37bf6b3-6bf3-47d4-9e7c-72c59ca1d19c] Reasoning: This sentence discusses the court's inability to find independent economic value due to lack of evidence, providing context.
  [ID: 3e960fdd-f447-4a81-86b0-459b13141a54] Reasoning: This is a direct quote of the statute. It does not provide any additional interpretive value.
  [ID: 78875130-04a5-4987-bdbf-5ea83c9f038b] Reasoning: This sentence discusses the requirements for a prima facie case under CUTSA, providing context for independent economic value.
  [ID: 016da1ef-6525-409f-b13f-3bd0264f8ee9] Reasoning: This is a direct quote of the statute. It does not provide any additional interpretive value.
  [ID: 39827aad-032e-40b3-aa97-b640c3fec021] Reasoning: This is a direct quote of the statute. It does not provide any additional interpretive value.
  [ID: 15c68331-e01a-4c3e-bfc8-49e9f542c088] Reasoning: This is a direct quote of the statute. It does not provide any additional interpretive value.
  [ID: 1cca20e4-5e18-4a45-b154-feaaa68a60e1] Reasoning: This is a direct quote of the statute. It does not provide any additional interpretive value.
  [ID: 429dc822-7d9c-4e1f-8c04-ee68ed8381b7] Reasoning: This sentence is incomplete and does not provide any meaningful information.
  [ID: 99e6a7dc-046a-466f-8e3c-71698204263a] Reasoning: This sentence is a paraphrase of the statutory definition of 'independent economic value' without adding any new interpretive context.
  [ID: 44ec4de8-b68c-4f4c-a48b-8d092008f4d8] Reasoning: This sentence is a direct quote of the statute, providing no additional interpretive context or application.
  [ID: ee029ed8-7cfe-4773-b747-7feab3210ccf] Reasoning: This sentence discusses a specific case where the requirement of independent economic value was applied, providing context to its legal significance.
  [ID: d1f562d6-43ef-45b9-ac64-112d2324121d] Reasoning: This sentence provides a specific application of independent economic value in the context of a contract, indicating that certain information qualifies as a trade secret.
  [ID: 9f948f80-6e64-4569-a760-b5c27dc74e9f] Reasoning: This sentence is a paraphrase of the statutory definition of 'independent economic value' without adding any new interpretive context.
  [ID: e0af9137-0118-44d6-922a-215bbff77d13] Reasoning: This sentence discusses a court's determination regarding the lack of independent economic value in a specific case, providing context for its application.
  [ID: 6ddf63b7-5391-41b7-a2b5-d7f373cf4fc9] Reasoning: This sentence indicates a court's factual determination regarding independent economic value, which is relevant to understanding its application.
  [ID: 30968877-c748-47ab-bb0f-549f9be8eb8d] Reasoning: This sentence explains a court's ruling on the failure to prove independent economic value, providing context for its legal implications.
  [ID: bf9cf6ce-d384-4008-931c-f074dc3d39bb] Reasoning: This sentence discusses an appeal regarding the determination of independent economic value, providing insight into its legal significance.
  [ID: fcc2b39e-740e-468f-9a34-93b0af4642c5] Reasoning: This sentence references Iowa Supreme Court cases that influenced a court's conclusion about independent economic value, providing interpretive context.
  [ID: f4a4a5c2-04f4-4069-81d6-04caf8136c33] Reasoning: This sentence discusses a court's consideration of whether certain information had independent economic value, providing context for its application.
  [ID: 08d5b340-eccd-40b8-b520-aa3afa0f33cf] Reasoning: This sentence discusses a court's conclusion regarding independent economic value in a specific context, providing relevant interpretive context.
  [ID: 3526a5f3-6a80-47e8-89fe-dd4f21d7f430] Reasoning: This sentence discusses a court's conclusion about the evidence of independent economic value, providing context for its application.
  [ID: 5350d8f6-e2b3-4235-a54c-a20000d40159] Reasoning: This sentence provides a court's reasoning for finding independent economic value in a specific case, offering critical interpretive guidance.
  [ID: b5c188a0-c65b-447d-a84d-420b38e6a216] Reasoning: This sentence discusses how Sysco derives independent economic value from keeping information secret, providing a practical application of the term.
  [ID: 7abd7699-805c-43d8-9775-cec726ffec51] Reasoning: This sentence mentions other jurisdictions finding independent economic value, providing comparative context but lacking specific application.
  [ID: a77e5e58-e6bf-433f-9556-c36e6c423885] Reasoning: This sentence discusses a case where independent economic value was found, providing relevant context but lacking specific application to the current statute.
  [ID: 4fe08330-f1f0-4620-9253-ba3aca330a25] Reasoning: This sentence is a paraphrase of the statutory definition of 'independent economic value' without adding any new interpretive context.
  [ID: 0c3ddc93-a8af-4f43-95b5-9aa41aad4bc5] Reasoning: This sentence discusses the protectability of a combination of elements as a trade secret, providing context for independent economic value.
  [ID: a36ad703-5e2d-419f-8085-771711ae50e2] Reasoning: This sentence is a paraphrase of the statutory definition of 'independent economic value' without adding any new interpretive context.
  [ID: d53af507-cf52-432e-83fb-76a6e302f76c] Reasoning: This sentence discusses a trial court's finding regarding independent economic value, providing context for its application.
  [ID: 1f16299c-baaf-4b36-942e-2419f6842f4d] Reasoning: This sentence is a paraphrase of the statutory definition of 'independent economic value' without adding any new interpretive context.
  [ID: e474bd55-e736-463b-8a10-d557400b5618] Reasoning: This sentence outlines the three elements required to prove a trade secret claim, including the independent economic value aspect, but does not provide additional interpretive context or application.
  [ID: cc9a5d75-34bc-4253-a9d7-1da1b5ced33e] Reasoning: This sentence discusses how courts assess the independent economic value of secret information, providing some interpretive context regarding competitive advantage.
  [ID: 70352ffa-dadb-45b5-aa7f-a423026f46c1] Reasoning: This is a direct quote of the statute defining 'trade secret' and does not add any interpretive value beyond the text itself.
  [ID: 079ae0e2-2ffd-495a-a048-a53597dbf173] Reasoning: This sentence is a direct quote from a statute defining a trade secret, providing no new interpretive information.
  [ID: ec2b9aee-637d-4577-a29d-4edc06084d4e] Reasoning: This sentence states that specific information has independent economic value, but lacks context or application, making it less valuable.
  [ID: a9520289-7615-45ba-98ea-8ff6f4cdd7a6] Reasoning: This sentence is a fragment that repeats the statutory definition without providing any additional context or application.
  [ID: 600df94b-549c-423c-b093-ec0e2a8e8deb] Reasoning: This sentence references a case where the court found that confidential salary information lacked independent economic value, providing a specific application of the concept.
  [ID: dc4a33e5-7be8-4893-8c51-bb6b95b1e430] Reasoning: This is a direct quote of the statute defining 'trade secret' and does not add any interpretive value beyond the text itself.
  [ID: 9594a60b-82c2-4fb5-9e1d-c022e64e973d] Reasoning: This sentence discusses a legal concept related to property and does not pertain to the phrase of interest, making it irrelevant.
  [ID: 89841fa3-eac0-4639-953b-6b5099ba3a37] Reasoning: This sentence is a fragment that repeats the statutory definition without providing any additional context or application.
  [ID: 58debc79-73b8-498e-8262-ee27f0fad3e8] Reasoning: This sentence provides a specific example of a client list qualifying as a trade secret, illustrating the application of the independent economic value concept.
  [ID: c2594d05-6635-420c-8d1d-d0d0838e97f8] Reasoning: This sentence states that the defendants do not dispute the independent economic value of the plaintiffs' client list, providing context for its application.
  [ID: ca3175d3-ed94-41a8-9860-bbd3916ed2a6] Reasoning: This sentence is a fragment that repeats the statutory definition without providing any additional context or application.
  [ID: 5eb61fe7-f1ba-4373-92a7-6469feb321e9] Reasoning: This sentence is a direct quote of the statute defining 'trade secret' and does not add any interpretive value beyond the text itself.
  [ID: bc6bca81-c18b-46ac-91c3-d9c9c08788ba] Reasoning: This sentence is a fragment that repeats the statutory definition without providing any additional context or application.
  [ID: be4e6488-c5ec-4122-b0ea-86c0599f046e] Reasoning: This sentence discusses various factual determinations related to trade secrets, including independent economic value, providing interpretive context through case law references.
  [ID: 54c734d2-d082-480e-9f16-fdadac15d6e2] Reasoning: This sentence is a fragment that repeats the statutory definition without providing any additional context or application.
  [ID: 1253799e-ba61-4e6f-99be-e0fe369c7a96] Reasoning: This sentence explains how specific information has independent economic value, providing context for its application in a competitive market.
  [ID: 63ea7053-47f2-4e55-a052-f51db83f39ad] Reasoning: This sentence describes a customer list as having independent economic value due to its compilation over time, illustrating its application in a specific context.
  [ID: c050052f-fd78-4467-959b-c6f4d4c38fc6] Reasoning: This sentence discusses a court's finding regarding the independent economic value of information, providing a specific application of the concept.
  [ID: 13846f73-a5ae-4ccd-bc17-dcf2a840a720] Reasoning: This sentence is a fragment that repeats the statutory definition without providing any additional context or application.
  [ID: 2c838f1c-f06c-4e8c-8b11-962e058ca67f] Reasoning: This sentence states that a profile has independent economic value, but lacks context or application, making it less valuable.
  [ID: d0f08e9c-787a-4d34-bdd8-9548b54c05f2] Reasoning: This is a direct quote of the statute defining 'trade secret' and does not add any interpretive value beyond the text itself.
  [ID: 094b0a5a-2038-4411-96d6-b228601d016f] Reasoning: This is a direct quote of the statute defining 'trade secret' and does not add any interpretive value beyond the text itself.
  [ID: 997fdef3-d95c-4a70-91c9-6a73278d9443] Reasoning: This sentence is a fragment that repeats the statutory definition without providing any additional context or application.
  [ID: 51ce8d18-0228-4f9e-aad6-1c0ef79e2238] Reasoning: Direct quote of RCW 19.108.010(4)(a). No interpretive value beyond the statute itself.
  [ID: f1d39d51-331a-411a-b4b7-dcdf2e204e07] Reasoning: This sentence is a fragment and does not provide any new information or context regarding independent economic value.
  [ID: 8d20bda8-a51c-4c60-80f4-f5d21955d893] Reasoning: This sentence discusses a specific case where a customer list was evaluated for independent economic value, providing context for its application.
  [ID: 418acd2c-6e05-4d68-b904-ce6285e3ab98] Reasoning: This sentence explains that both versions of the UTSA require independent economic value, providing context for the statute's application across jurisdictions.
  [ID: 54f1fe6c-cccd-44fb-ae38-97f446e0baf7] Reasoning: This sentence illustrates a court's conclusion about the independent economic value of information accumulated in a bid, providing a practical application.
  [ID: 8146576a-468d-498e-9900-b0f543f9cf21] Reasoning: Direct quote of the statute. No interpretive value beyond the statute itself.
  [ID: f2e4c20d-9306-4791-a104-c665f730a8ff] Reasoning: This sentence raises a factual question about whether a bid qualifies as a trade secret, indicating a legal inquiry into independent economic value.
  [ID: 2cf52156-b130-44a3-86d9-7a5e1fb3881a] Reasoning: This sentence outlines the court's requirements for proving independent economic value, providing clarity on legal standards.
  [ID: 0e0b7983-3af5-4a86-9041-5a562d6c9f25] Reasoning: This sentence states that any information must meet the independent economic value requirement to qualify as a trade secret, reiterating statutory language.
  [ID: 0c52274f-a79f-425e-b903-7aae6916630e] Reasoning: Direct quote of the statute. No interpretive value beyond the statute itself.
  [ID: 292f4778-3b8a-4bae-a5b6-91895231e605] Reasoning: This sentence discusses the need for discovery to investigate claims of independent economic value, indicating practical implications in legal proceedings.
  [ID: 8bfc8b44-0a46-4543-aeed-6c7358da8c89] Reasoning: This sentence is a fragment and does not provide any new information or context regarding independent economic value.
  [ID: ef9906c0-7352-4e4a-8f5b-bc13cbc81a03] Reasoning: This sentence discusses the burden of proof regarding independent economic value, indicating a legal standard that must be met.
  [ID: 8e5d730b-41c4-4205-9ee0-6ab797e5c346] Reasoning: Direct quote of the statute. No interpretive value beyond the statute itself.
  [ID: 466e9644-7795-42d6-b5bb-1184f2c8deb7] Reasoning: This sentence identifies a key factor in determining independent economic value, providing insight into the evaluation process.
  [ID: 4c8960ac-1329-4325-bd28-ccd1e85bb2fe] Reasoning: This sentence emphasizes the requirement for independent economic value in trade secret cases, reiterating statutory language.
  [ID: d65478ca-1b21-4e1d-b139-260bfb3a2b42] Reasoning: Direct quote of the statute. No interpretive value beyond the statute itself.
  [ID: 4525fa6f-229c-4d7d-9aae-bac7e28a240b] Reasoning: This sentence outlines the criteria for a trade secret, including independent economic value, providing clarity on legal standards.
  [ID: 34d178a0-d8af-4944-9274-eec6a54dd53e] Reasoning: This sentence discusses a specific claim regarding software as a trade secret, illustrating the application of independent economic value in a legal context.
  [ID: d2a3d177-2845-42fb-927d-1679311b798c] Reasoning: This sentence discusses customer lists as trade secrets, providing context for independent economic value in a specific case.
  [ID: 8b165c0d-13e8-4724-a7c6-4ce3efd44b19] Reasoning: This sentence states that the software has independent economic value available from only one source, providing a specific application of the concept.
  [ID: 0b4f3c6b-5659-4abe-9400-8c8cf036b1df] Reasoning: This sentence discusses the attribute of independent economic value being available from only one source, providing clarity on the concept.
  [ID: 728715ca-7271-4872-beda-1d9b1b837cf0] Reasoning: This sentence states a requirement for establishing a trade secret but does not provide any additional context or application beyond the statutory definition.
  [ID: e138b6a1-0df7-48ae-b2bb-4b294393be0c] Reasoning: While this sentence lists characteristics of a trade secret, it does not provide any new interpretive context or application beyond what is already stated in the statute.
  [ID: 1954c47c-b477-4601-b3bc-c857205a5957] Reasoning: This sentence discusses a specific case where the information was determined to have limited independent economic value, providing context for the application of the term.
  [ID: 10193ff0-1144-48cc-a8e2-49e68afe62ec] Reasoning: This sentence provides a specific example of how SBC derived independent economic value from confidential information, adding interpretive context.
  [ID: fa410bde-2d52-4470-af5b-9f3debf5000e] Reasoning: This sentence summarizes the requirements for a protectable trade secret and confirms that the information has independent economic value, providing useful context.
  [ID: 77d1d488-5aeb-451b-91c8-63387f229dc9] Reasoning: This sentence acknowledges that the information has independent economic value but notes a limitation, which adds depth to the interpretation of trade secret protection.
  [ID: ec5a7ba5-2adf-46dd-818d-c29d6ed55be5] Reasoning: This sentence is a direct quote from the statute and does not provide any new interpretive context or application.
  [ID: 8f3a7f52-376a-4094-8728-2e3f16c86c93] Reasoning: This sentence is a direct quote of the statutory definition of a trade secret, providing no new interpretive value.
  [ID: 1c9f3c18-3e12-4671-9555-a19b1662e457] Reasoning: This sentence discusses the IURC's findings regarding independent economic value, providing context for the application of the term in a specific case.
  [ID: 63957664-5e78-4b2d-9057-7dfda10397ef] Reasoning: This sentence is a direct quote of the statute and does not provide any new interpretive context or application.
  [ID: 1c96b66f-f364-4a0e-99d5-a69ce8645566] Reasoning: This sentence is a direct quote of the statutory definition of a trade secret, providing no new interpretive value.
  [ID: a431c872-5b6b-4320-badb-1b43f34d0433] Reasoning: This sentence is a direct quote of the statutory definition of a trade secret, providing no new interpretive value.
  [ID: 3953d8d7-6e60-454d-9c2c-89cd1e4e958f] Reasoning: This sentence is a direct quote of the statutory definition of a trade secret, providing no new interpretive value.
  [ID: e0bc2283-a1af-41aa-929d-5954a9a8ae2f] Reasoning: This sentence is a direct quote of the statutory definition of a trade secret, providing no new interpretive value.
  [ID: 39f84fc6-1abd-42b6-80de-9f93a42626ae] Reasoning: This sentence is a direct quote of the statutory definition of a trade secret, providing no new interpretive value.
  [ID: 23a25323-4df4-408e-8308-f8d9f893f2f9] Reasoning: This sentence is a direct quote of the statutory definition of a trade secret, providing no new interpretive value.
  [ID: a249c313-abb7-440a-9b03-036d38b0bbbc] Reasoning: This sentence is a direct quote of the statutory definition of a trade secret, providing no new interpretive value.
  [ID: 358d1103-c50f-491d-b924-f429f9cb329f] Reasoning: This sentence summarizes the statutory definition of a trade secret, providing no new interpretive value.
  [ID: 40a95720-87fd-40cd-8047-5c59f6656d2b] Reasoning: This sentence is a direct quote of the statutory definition of a trade secret, providing no new interpretive value.
  [ID: 776a5f51-6a3f-4269-bc1d-8bf2fb65ed78] Reasoning: This sentence provides a specific example of a customer list that qualifies as a trade secret, adding context to the application of independent economic value.
  [ID: 24956c95-233b-4f5d-a0a0-03cd0e793ed8] Reasoning: This sentence provides evidence that a list derived its independent economic value, adding context to the application of the term.
  [ID: 26a7d534-3802-41c1-b845-5dceb853f79a] Reasoning: This sentence is a direct quote of the statutory definition of a trade secret, providing no new interpretive value.
  [ID: cf66d1c4-7aa5-40de-97c6-827e709f92ab] Reasoning: This sentence provides a specific example of how a customer list has independent economic value, adding context to the application of the term.
  [ID: 8891d0ed-9227-4ffb-8f99-2fd75bcf98c7] Reasoning: This sentence is a direct quote of the statutory definition of a trade secret, providing no new interpretive value.
  [ID: 8116e88a-e273-4c2f-aab8-c62af3278d00] Reasoning: This sentence discusses the lack of independent economic value in a specific context, providing useful interpretive insight.
  [ID: e7e5325a-0988-4ab0-883e-22c9b25f3178] Reasoning: This sentence provides a specific application of the term 'independent economic value' in a court ruling, indicating that the process for manufacturing a product was deemed to have such value. This context helps clarify how the term is interpreted in legal settings.
  [ID: da2f9960-391f-427f-8873-773a894a3561] Reasoning: This sentence indicates that the appellants did not contest the independent economic value of the alleged trade secret, which implies acceptance of this aspect in the legal argument. However, it does not provide further interpretive depth.
  [ID: e4d1b940-23a1-4fff-ba01-de50913c835d] Reasoning: This sentence quotes the Freedom of Information Act's definition of trade secrets, including the independent economic value requirement. While it provides context, it is largely a restatement of statutory language.
  [ID: b5479af7-c2f6-4489-b063-0d2b98325db2] Reasoning: This sentence is a direct quote of the statutory language regarding independent economic value. It does not add any interpretive context or application.
  [ID: bb00e9c6-fd1a-4558-877c-a2c91004974f] Reasoning: This sentence is another direct quote of the statutory language regarding independent economic value. It lacks interpretive value.
  [ID: 5398c0c5-06a6-437a-a048-77d79afe196b] Reasoning: This sentence discusses the treatment of trade secrets as property under the Fifth Amendment, linking independent economic value to property rights. It provides a broader legal context that enhances understanding.
  [ID: 7736a21c-29ae-446f-bf1b-d986840c4186] Reasoning: This sentence is a direct quote of the statutory language regarding independent economic value. It does not provide any additional context or application.
  [ID: 0c26fd0c-e455-4e0e-8e9a-a8aef252d906] Reasoning: This sentence is a direct quote of the statutory language regarding independent economic value. It lacks interpretive value.
  [ID: a9b07d9a-983e-4c46-9fea-32976b192c88] Reasoning: This sentence is a direct quote of the statutory language regarding independent economic value. It does not add any interpretive context.
  [ID: 247e9ea6-1b4d-44f6-b7fe-c7cec37323f3] Reasoning: This sentence provides a definition of trade secret that includes independent economic value, but it is largely a restatement of statutory language without additional context.
  [ID: 5bb0ba04-da45-41e5-a75f-30be45ad59e6] Reasoning: This sentence summarizes the definition of trade secret, including independent economic value, but it is primarily a restatement of statutory language.
  [ID: 9804dc97-4f1f-48da-b160-ce033080b522] Reasoning: This sentence quotes the Uniform Trade Secrets Act's definition of trade secret, including independent economic value. It does not provide additional interpretive context.
  [ID: 97308053-e3fa-45c2-8f02-8316f4960c01] Reasoning: This sentence is a direct quote of the statutory language regarding independent economic value. It lacks interpretive value.
  [ID: 01963901-f1a1-466b-b4f0-676031f43660] Reasoning: This sentence is a direct quote of the statutory language regarding independent economic value. It does not provide any additional context or application.
  [ID: c889aa59-7ac3-40ee-85d4-b5142a401e31] Reasoning: This sentence discusses the burden of proof regarding independent economic value in trade secret claims, providing a relevant legal context that aids interpretation.
  [ID: d4539825-0796-4285-bed2-9e3929c24c2a] Reasoning: This sentence quotes the statutory language regarding independent economic value, but it does not add any interpretive context or application.
  [ID: 856f191e-02fc-4911-aabf-86e34f3b174f] Reasoning: This sentence provides a specific example of how a trade secret derived independent economic value, linking it to the defendants' ability to profit from the knowledge. This context enhances understanding.
  [ID: 2dbc901f-76e9-4feb-9bfd-c1af08ee2439] Reasoning: This sentence is a direct quote of the statutory language regarding independent economic value. It does not provide any additional context or application.
  [ID: 24f2f1bc-07a1-4891-a68d-0ce6ceef24e7] Reasoning: This sentence is a direct quote of the statutory language regarding independent economic value. It lacks interpretive value.
  [ID: fcfe8f55-efbe-446c-8e68-852286d84195] Reasoning: This sentence references the independent economic value requirement in the context of the federal Uniform Trade Secrets Act and its interpretation, providing useful legal context.
  [ID: 00fcf3f9-dbed-48a2-9aa3-6a645648a588] Reasoning: This sentence is a direct quote of the statutory language regarding independent economic value. It does not provide any additional context or application.
  [ID: 1cb0d68a-cac1-45f6-b742-31b50ad0c447] Reasoning: Direct quote of the statute. No interpretive value beyond the statute itself.
  [ID: feb3d57c-657e-48bc-b550-fa1f786fec07] Reasoning: This sentence is a paraphrase of the statutory definition of independent economic value without adding any new context or application.
  [ID: 3c7c9b97-10ff-485f-87f9-c55453096ddf] Reasoning: Discusses the application of independent economic value in the context of statutory damages for songs, providing a specific legal argument.
  [ID: 06d4b42e-eaeb-42c9-8732-5e5d6a935763] Reasoning: States that the Second Circuit has not adopted the independent economic value test, indicating a legal ambiguity.
  [ID: c148eace-441e-4555-88ba-c9a2c0297c9f] Reasoning: Mentions a case where the independent economic value was not discussed, highlighting a potential gap in legal interpretation.
  [ID: af397fc9-142f-4cd5-a235-f9d2604fbe7c] Reasoning: Critiques the appropriateness of the independent economic value test for statutory damages, providing a nuanced perspective on its application.
  [ID: e2f3abe2-3225-4caa-b2e8-20caddd3a308] Reasoning: Direct quote of the statute. No interpretive value beyond the statute itself.
  [ID: b6826dca-3141-45bf-9ab4-0c933ee5f188] Reasoning: Direct quote of the statute. No interpretive value beyond the statute itself.
  [ID: 04e9f777-ce55-4322-a2af-ecd497ee3852] Reasoning: Outlines the elements the Government must prove regarding independent economic value, providing context for its application in legal proceedings.
  [ID: 21820a17-c132-46ca-a063-c1e2947a53f6] Reasoning: Direct quote of a state statute. No interpretive value beyond the statute itself.
  [ID: cfa1d239-c6bc-4b2f-a5ed-7cfd6ac7b2a3] Reasoning: Mentions factors considered by courts regarding independent economic value, indicating its relevance in legal evaluations.
  [ID: 9afdc836-9159-4be9-bf45-4aa3c1c29078] Reasoning: Cites a case that illustrates how independent economic value was determined, providing a concrete example of its application.
  [ID: fb01d004-248f-4551-a532-42c62c308340] Reasoning: States that Moto 2 contains useful information with independent economic value, but lacks depth in legal context.
  [ID: 496ff9f1-78b2-4231-b7de-90818dadc7e7] Reasoning: Indicates that information is collected due to its independent economic value, but lacks further legal context.
  [ID: 6a304ad1-cbd0-403f-8ae8-2285fa0de01c] Reasoning: Direct quote of the statute. No interpretive value beyond the statute itself.
  [ID: 678674f5-fe1a-49c6-8980-5ef41f196db9] Reasoning: Reiterates the elements the Government must prove regarding independent economic value, similar to previous sentences.
  [ID: c436945e-fc72-416b-a6d9-8606dd164ce1] Reasoning: Direct quote of the statute. No interpretive value beyond the statute itself.
  [ID: 1ff02ada-7457-4889-8f5b-8452251e60a4] Reasoning: Direct quote of the statute. No interpretive value beyond the statute itself.
  [ID: 9e27e5a1-fc92-4478-a659-f385a0ddf506] Reasoning: Cites a court's requirement for independent economic value in trade secret claims, providing context for its legal significance.
  [ID: 1986093a-2ae0-4575-aeac-eced25aed723] Reasoning: States that if a trade secret can be obtained through legitimate means, it has no independent economic value, clarifying its importance in legal definitions.
  [ID: ac619798-21e2-4c8a-85d8-05961b751496] Reasoning: Direct quote of a state statute. No interpretive value beyond the statute itself.
  [ID: 3857e8b8-d614-4d00-b2c9-c20af353e2d3] Reasoning: Direct quote of the statute. No interpretive value beyond the statute itself.
  [ID: 9400f50a-ff17-431b-b198-1140d5130f86] Reasoning: Discusses the necessity for RTC to show independent economic value, providing context for its application in legal claims.
  [ID: b07dc93f-ad2a-4553-8b66-1f9f49e50341] Reasoning: Simply states the phrase 'Independent Economic Value' without context or application.
  [ID: 16071d48-4f34-4500-b37e-3958d077266b] Reasoning: This sentence is a paraphrase of the statutory definition of trade secret, repeating the criteria without adding any new interpretive context.
  [ID: 0afbff0d-77e3-4a69-bb0e-641d890cf2e8] Reasoning: This sentence summarizes a specific case involving Proline's formulas but does not provide any new interpretive context or analysis beyond stating the facts.
  [ID: b4f65e0b-a64d-482f-87a7-36af823255d4] Reasoning: This sentence is a direct quote of the statutory definition of trade secret, providing no additional interpretive value.
  [ID: dbc058f8-085f-444a-95f4-13b04be9b420] Reasoning: This sentence is a fragment that repeats the statutory language regarding independent economic value without any context or application.
  [ID: 566f1c60-5ccb-44b5-a102-d3adfae3d63f] Reasoning: This sentence explains that independent economic value is a necessary factor for trade secret protection, providing context on its importance in legal proceedings.
  [ID: 306fcdad-6836-46f8-930e-63aa50a85e08] Reasoning: This sentence discusses a specific legal issue regarding the trial court's finding of independent economic value, indicating its relevance in a legal context.
  [ID: a9e2642f-53c1-4e02-9c25-a29849c86d8a] Reasoning: This sentence argues that certain information lacks independent economic value, providing a counterpoint that could influence legal interpretation.
  [ID: 535b6b20-ea39-4dc4-b90b-364c05107535] Reasoning: This sentence focuses on the trial court's finding of independent economic value, emphasizing its significance in the context of trade secret litigation.
  [ID: cf5cb324-9723-4800-9516-27d02ce757c2] Reasoning: This sentence provides evidence supporting a finding of independent economic value, which is relevant to understanding how courts assess trade secrets.
  [ID: 4f0909d7-9d74-4cd8-a428-1cd24ec51649] Reasoning: This sentence critiques the evidence of independent economic value, providing a perspective that could influence legal interpretation.
  [ID: 5c35b056-44f6-40a0-93a7-54453ac21526] Reasoning: This sentence discusses the limited scope of data and its implications for independent economic value, contributing to the legal analysis.
  [ID: 7d229143-89bb-4e3e-b469-9d75b2bbad84] Reasoning: This sentence supports the trial court's determination of independent economic value, indicating its relevance in the legal context.
  [ID: bd0e2590-c094-42ef-a387-e1e96ace22d1] Reasoning: This sentence affirms the trial court's finding of independent economic value, providing insight into the evidentiary standards in trade secret cases.
  [ID: 62ace8ba-2db4-4d36-b66a-6572289417df] Reasoning: This sentence discusses the requirements for trade secret status, reiterating the need for independent economic value, but does not add new interpretive context.
  [ID: c20a997d-9d6a-43c7-a28e-a42bf68468f6] Reasoning: This sentence describes a finding by the PSC regarding independent economic value, providing context for how this concept is applied in practice.
  [ID: dfb1689a-0881-4b46-8812-1c0d46863baf] Reasoning: This sentence is a direct quote of the statutory definition, providing no additional interpretive value.
  [ID: f7b613e5-3778-4c4c-92c0-8d69fb7b603b] Reasoning: This sentence is a direct quote of the statutory definition, providing no additional interpretive value.
  [ID: 6addf9a5-304b-4465-84ed-3687dff8e4ae] Reasoning: This sentence is a fragment that repeats the statutory language regarding independent economic value without any context or application.
  [ID: 447e4b02-beaf-4dc3-a5d5-52f8126f9f7b] Reasoning: This sentence is a fragment that repeats the statutory language regarding independent economic value without any context or application.
  [ID: c42a7376-1d64-404d-8f11-b5372cbf960b] Reasoning: This sentence is a direct quote of the statutory definition, providing no additional interpretive value.
  [ID: 2a2a2b60-cb4a-4a9e-84a9-4c26221a7ab7] Reasoning: This sentence is a direct quote of the statutory definition, providing no additional interpretive value.
  [ID: 6b2640f7-c914-424f-88a5-a08791e0a2a0] Reasoning: This sentence is a direct quote of the statutory definition, providing no additional interpretive value.
  [ID: 7d3def15-f452-495e-bb64-0792ec4c88d7] Reasoning: This sentence is a direct quote of the statutory definition, providing no additional interpretive value.
  [ID: f78546f4-f482-41eb-b8fe-63fb7678aa0d] Reasoning: This sentence discusses a legal determination in the Eleventh Circuit regarding the distinctiveness of a work based on its independent economic value, providing context for how the term is applied in case law.
  [ID: cb738d60-a2ee-4328-a7c7-b656f1d88cab] Reasoning: This sentence references a case where the independent economic value of photographs is deemed irrelevant due to their registration status, illustrating a specific application of the term in legal context.
  [ID: d9ea189e-1d79-4bb3-826f-62c9ac4d0acf] Reasoning: This sentence provides a definition of 'trade secret' under the Maryland Uniform Trade Secrets Act, which includes the concept of independent economic value, but it is largely a restatement of the statute.
  [ID: 61946b49-6c9c-4b13-982b-08b46cd2fe66] Reasoning: This sentence states that a reasonable jury could not conclude that the Technology derives independent economic value, indicating a specific legal finding but lacks depth in interpretation.
  [ID: 07aa1387-1edf-4b50-9926-0bb370a72a8e] Reasoning: This sentence is a partial quote of the statute, providing no new information or context regarding independent economic value.
  [ID: 60d70db4-c2a8-4257-82ca-cfaecd28a43b] Reasoning: Similar to the previous sentence, this is a partial quote of the statute and does not add any interpretive value.
  [ID: c9e8f7f7-b3b9-406d-a527-25dcd84feecb] Reasoning: This sentence discusses a specific case where the incorporation of a scroll fan is evaluated for its independent economic value, providing context for its application.
  [ID: dcd933ee-534d-4a64-ac53-ed028fab7c60] Reasoning: This sentence discusses a ruling by the Third Circuit regarding gambling chips and their lack of independent economic value, illustrating a legal interpretation.
  [ID: b492d345-3b78-4503-aefc-453247046005] Reasoning: This sentence provides a definition of a trade secret in line with the UTSA, but it is largely a restatement of the statute without additional interpretive context.
  [ID: 3bc9a74e-2a76-4f5d-87cb-086932835206] Reasoning: This sentence is a definition of a trade secret that reiterates the statutory language without providing new insights or applications.
  [ID: 3b5b3a9f-1fc4-4a25-9975-fd914d61ed56] Reasoning: This sentence discusses specific information that derives independent economic value to a company, providing context for its application in a competitive environment.
  [ID: bae59d8b-452b-4b3c-a02c-33e5de2a6a3c] Reasoning: This sentence is a partial quote of the statute and does not add any interpretive value.
  [ID: 8f512cc9-6b6f-45d9-96d8-f8fed9598b1f] Reasoning: This sentence is a partial quote of the statute and does not add any interpretive value.
  [ID: d37b91b4-f938-4c5f-94bf-a1e4e856ba1c] Reasoning: This sentence discusses the criteria for establishing a trade secret under Virginia law, specifically addressing independent economic value, which adds context to its application.
  [ID: 8d785264-c333-4a1b-94cf-f77b6384b874] Reasoning: This sentence is a partial quote of the statute and does not add any interpretive value.
  [ID: 271d6b2b-7476-4525-8ae7-9087d721dd15] Reasoning: This sentence discusses the independent economic value of information provided by Boeing, illustrating its application in a legal context.
  [ID: 785e8e6d-5fa5-4825-89ec-fc8651690ecb] Reasoning: This sentence discusses the independent economic value of deleted information in flight simulators, providing context for its application.
  [ID: eab226fe-d1ec-42b1-8792-244e0916a586] Reasoning: This sentence discusses damages suffered by LegalShield due to misappropriation of a secret, emphasizing the independent economic value derived from it.
  [ID: 66d1bf60-5d22-434e-9fb2-70e9988196cb] Reasoning: This sentence is a partial quote of the statute and does not add any interpretive value.
  [ID: df2c2e83-784a-4729-a2e6-477f3c889df6] Reasoning: This sentence discusses a legal argument regarding the lack of independent economic value of technology, providing context for its application in a legal dispute.
  [ID: eccfd741-629b-412d-92c6-90ab966a2116] Reasoning: This sentence discusses the independent economic value of information in a comparative context, providing interpretive insight into its application.
  [ID: 5915a49a-1041-4592-a3d9-3c61a53193d2] Reasoning: This sentence is a partial quote of the statute and does not add any interpretive value.
  [ID: b9010938-4368-4edf-8dd9-2e6fbd4aa162] Reasoning: This sentence is a partial quote of the statute and does not add any interpretive value.
  [ID: 9011cb25-29f8-4976-95fc-a74b48cb4f66] Reasoning: States that a property interest lacks realistic independent economic value, but does not provide further context or application.
  [ID: db89935e-7517-4086-bc2a-46539fcbc7e1] Reasoning: Directly quotes part of the statute without adding any interpretive context or application.
  [ID: 3356adf4-1c21-4bd4-a2bb-3752a6782c4b] Reasoning: Another direct quote of the statute, providing no new information or context.
  [ID: 62d668e5-5bc8-40d6-b6f7-9db373c63a57] Reasoning: Describes a jury's finding regarding independent economic value, providing a specific application of the term.
  [ID: 3e31e41d-121a-4085-83d2-315b7fe0d7c3] Reasoning: Identifies two key elements regarding independent economic value, adding interpretive context to its application.
  [ID: abdce1de-8724-414f-86ca-c2cc7c2e0924] Reasoning: States that the customer list has independent economic value but lacks further context or application.
  [ID: 78df3b97-058b-42b0-86f0-1b1cdd9b2966] Reasoning: Discusses the implications of enforcing the statute without maintaining secrecy, providing a critical perspective on its application.
  [ID: 29cf0b06-2598-4c8f-997c-76cca52c0af2] Reasoning: Directly quotes the statute, providing no new interpretive context or application.
  [ID: e2336330-e697-4aa9-9de0-1f2b6dc080a2] Reasoning: Another direct quote of the statute, offering no additional interpretive value.
  [ID: 4221a38a-cf09-47f5-ba60-c429752f1e9d] Reasoning: Repeats a portion of the statute verbatim, providing no new information.
  [ID: b910f5fe-8119-4a11-bb51-14c7fff0a082] Reasoning: Restates a requirement of the statute without adding interpretive context.
  [ID: a41e10a7-293f-44c5-8565-91793c79c858] Reasoning: Another direct quote of the statute, lacking any interpretive value.
  [ID: 052de978-3c69-4681-907f-a2686678d5a1] Reasoning: Directly quotes the statute, providing no new interpretive context.
  [ID: 40fb79f6-2599-404b-844b-66552079012d] Reasoning: Restates the definition of a trade secret, offering no new insights or applications.
  [ID: 5c3bebfc-5db7-4c36-be1c-8b60df8f6bb1] Reasoning: Another direct quote of the statute, providing no additional interpretive context.
  [ID: 349f7400-e5a1-4fc2-bd96-01ecb6ad06a2] Reasoning: Describes a specific application of independent economic value in the context of a vacation rental agency, adding interpretive depth.
  [ID: de45e137-5678-4238-b216-7b5d4f125ef5] Reasoning: Directly quotes the statute, providing no new interpretive context or application.
  [ID: 6a8df1dc-22a2-4725-bf0a-fdaa67dbdcd5] Reasoning: Restates the definition of a trade secret, offering no new insights or applications.
  [ID: 708f758e-e6e5-4052-a276-d098d63810b6] Reasoning: Another direct quote of the statute, lacking any interpretive value.
  [ID: f34d6e35-e744-462e-bbee-6da37cb78472] Reasoning: Discusses the lack of independent economic value, providing a critical perspective on the application of the term.
  [ID: dfc89478-b67b-44bf-bc2b-de9655dc273b] Reasoning: Summarizes the requirements for establishing a trade secret, providing useful interpretive context.
  [ID: 80bccea0-63cb-487f-ab8e-60a554cd95bd] Reasoning: Directly quotes the statute, providing no new interpretive context or application.
  [ID: 6949e495-8f87-4b7e-bea7-f0b76a900093] Reasoning: Describes a situation where independent economic value is inferred from allegations, providing context for its application.
  [ID: f8b9c690-354d-49e8-a0e2-d1d0ca53757e] Reasoning: Another direct quote of the statute, lacking any interpretive value.
  [ID: bed8f07c-a897-4fc0-9199-d7bd41355609] Reasoning: Restates the definition of a trade secret, offering no new insights or applications.
  [ID: 0970c32f-2b74-4236-832b-72d4b95a9c0c] Reasoning: This sentence is a direct quote of the definition of 'trade secret' from the statute, providing no new interpretive context.
  [ID: b9545b26-35b3-4c82-8a06-d7298b8b1e2b] Reasoning: This sentence discusses the public policy protecting financial information with independent economic value, adding context to the application of the term.
  [ID: d3c56ffc-b3b4-4183-88f5-a32166ca3157] Reasoning: This sentence is a repetition of the statutory definition of independent economic value, offering no new insights.
  [ID: c511aacb-4c2b-4029-9c81-83f1f0341e70] Reasoning: This sentence is another repetition of the statutory definition, providing no additional interpretive value.
  [ID: f2a77ea6-1cdd-445a-be05-cb9f1a361786] Reasoning: This sentence applies the concept of independent economic value to specific testing materials, providing context for its application.
  [ID: 2692e23a-c117-49b7-872a-0defac52d83c] Reasoning: This sentence restates the statutory definition of trade secret, offering no new interpretive context.
  [ID: 8909ba18-4a8e-4510-8843-113787ca2b01] Reasoning: This sentence is a direct repetition of the statutory definition, providing no new insights.
  [ID: ac94ee9e-5eba-4f57-96dc-d70548e99701] Reasoning: This sentence quotes the statute's definition of trade secret, offering no new interpretive context.
  [ID: f8eed877-7ec1-4a22-be15-e4731979d605] Reasoning: This sentence indicates that certain agreements have independent economic value, providing context for its application.
  [ID: 1e85b1bf-5933-4003-85a1-6bf809051f4e] Reasoning: This sentence discusses the commission's reasonable declaration of independent economic value, adding context to its application.
  [ID: ec0c110a-c4ac-40c8-883b-3eae8fb08b18] Reasoning: This sentence states that certain agreements contained independent economic value, providing context for its application.
  [ID: e9b1eb3a-b436-4f79-b3c1-e32fb59d23c0] Reasoning: This sentence is a repetition of the statutory definition, providing no new insights.
  [ID: d4e9cd93-1256-48a0-9d38-59d1555b4954] Reasoning: This sentence is another repetition of the statutory definition, offering no additional interpretive value.
  [ID: 36f5f7ef-1ccc-403d-b3cc-d032667b3560] Reasoning: This sentence applies the concept of independent economic value to redacted information, providing context for its application.
  [ID: a5123c42-de6c-496c-b2f0-c24975e1ce8b] Reasoning: This sentence is a repetition of the statutory definition, providing no new insights.
  [ID: 1659cc54-4a52-4409-8d61-d57f9dbc6a80] Reasoning: This sentence is a direct repetition of the statutory definition, providing no new interpretive context.
  [ID: e46cebca-be69-49bf-b0da-57478299fb4c] Reasoning: This sentence quotes the statute's definition of trade secret, offering no new interpretive context.
  [ID: 673e3a41-f19b-4b7c-882b-da53d569a1bc] Reasoning: This sentence restates the statutory definition of trade secret, providing no new interpretive context.
  [ID: 37f04cdd-63f3-48de-9199-92bc4c908261] Reasoning: This sentence discusses a genuine issue of material fact regarding independent economic value, providing context for its application.
  [ID: 0accd437-6c08-465e-aef2-8bfac6d20f7a] Reasoning: This sentence discusses a business lease with independent economic value, but it is not directly related to the concept of trade secrets.
  [ID: 03a53ac5-8a7a-486c-9899-5ec541b0ad7a] Reasoning: This sentence quotes a definition of trade secret from another jurisdiction, providing no new interpretive context.
  [ID: bfe01769-0d83-43dd-b5de-42e1152f1796] Reasoning: This sentence is a repetition of the statutory definition, providing no new insights.
  [ID: 0583add7-6b11-4fae-8b23-f538801e8d2a] Reasoning: This sentence discusses a property interest without realistic independent economic value, but it is not directly related to trade secrets.
  [ID: 6cd70233-8d4e-4912-b17c-5db81fc770d6] Reasoning: This sentence applies the concept of independent economic value to a price book, providing context for its application.
  [ID: 5c9d2fcd-0cd5-47ca-ad6c-e43aec8a0758] Reasoning: This sentence is a paraphrase of the statutory definition of 'trade secret' and does not provide any new interpretive context or application.
  [ID: 4cc2d715-bbf4-47d8-a078-af78d33f5ea1] Reasoning: This sentence discusses the defendants' assertion regarding the lack of independent economic value, providing context for how the term is applied in litigation.
  [ID: 0ee31694-9589-40c7-bf73-34ca7bc948a1] Reasoning: This sentence explains the defendants' position that the information lacks independent economic value, which is relevant to understanding the application of the term.
  [ID: 70a34c1e-1113-4b5f-96da-f29d3b879b4e] Reasoning: This is a direct quote of the statute and does not provide any new interpretive value.
  [ID: a4f27206-6adc-408b-890c-491fde656c62] Reasoning: This sentence critiques the definitions in the statute, indicating a lack of clarity which is relevant for understanding the term's application.
  [ID: 1ad34c2d-1a05-47a2-9555-955da1822dad] Reasoning: This sentence asserts that the terms provide notice of their meaning, but it does not elaborate on how they are applied or interpreted in practice.
  [ID: 67913372-00a3-447b-b035-24ffbc6b22ed] Reasoning: This sentence discusses the argument for statutory damages based on independent economic value, providing context for its application in copyright law.
  [ID: 2bee3cef-6fa2-4163-a564-40540f03890c] Reasoning: This sentence references a case that applies the independent economic value test, providing a specific legal context for its interpretation.
  [ID: 88409e1d-bf70-4e26-8cee-f98e5370619d] Reasoning: This sentence notes the adoption of the independent economic value test by other circuits, indicating its relevance in broader legal contexts.
  [ID: 7e28988a-755b-4f69-a853-8dd7ad1c0db6] Reasoning: This sentence provides case law examples where independent economic value was a determining factor, adding significant interpretive value.
  [ID: ed46e16c-57b0-4d98-b1dc-33c5fef703ca] Reasoning: This sentence discusses the appropriateness of applying the independent economic value test to music albums, providing context for its application.
  [ID: 2844094b-0018-4170-9994-282199dfe09e] Reasoning: This sentence states that the court has not adopted the independent economic value test, indicating a legal stance that could affect future interpretations.
  [ID: 4df75304-b658-4f8b-ad49-e2ea27e0f229] Reasoning: This sentence discusses the court's refusal to create an exception for independent economic value, which is relevant for understanding legal boundaries.
  [ID: c5f2645d-1f63-4645-b162-7b4099a15211] Reasoning: This sentence applies the independent economic value standard to specific information, providing a concrete example of its application.
  [ID: 5192c198-a3d5-459b-ab69-d0835011875b] Reasoning: This sentence is a direct quote of the statute and does not provide any new interpretive value.
  [ID: dfa9bbdc-d735-4ad5-8b47-cfe872e00fea] Reasoning: This sentence is a direct quote of the statute and does not provide any new interpretive value.
  [ID: 0f95b3a8-7c72-4647-97b3-ab6f76bf6e75] Reasoning: This sentence is a direct quote of the statute and does not provide any new interpretive value.
  [ID: 7b6ac44e-f7b5-4d88-89ef-dc4c6380c3bb] Reasoning: This sentence is a direct quote of the statute and does not provide any new interpretive value.
  [ID: 5f84872a-d548-488f-9ee9-d671e6104666] Reasoning: This sentence discusses the court's conclusion regarding independent economic value, providing context for its application.
  [ID: 783d1f39-1f8c-41b8-a070-1ff494420e06] Reasoning: This sentence is a direct quote of the statute and does not provide any new interpretive value.
  [ID: c9c14261-90ad-4e7a-995b-8ba281ea3fc4] Reasoning: This sentence discusses the argument that information no longer has independent economic value, which is relevant for understanding its application.
  [ID: 8db6550d-afe9-47d2-b81f-8bf14826db34] Reasoning: This sentence is a direct quote of the statute and does not provide any new interpretive value.
  [ID: fd046fe6-ddd0-4ebf-8502-421410bdcc4d] Reasoning: This sentence discusses the assumption regarding independent economic value, providing context for its application in a specific case.
  [ID: 4334d3b0-def0-4f82-8681-9182a4438558] Reasoning: This sentence is a direct quote of the statute and does not provide any new interpretive value.
  [ID: 23f7a596-acbe-493d-a3f5-3965db991dc4] Reasoning: This sentence repeats the definition of independent economic value without providing any new context or application.
  [ID: 1e612350-5708-4b6c-ba2b-b22c9099c675] Reasoning: While it mentions the independent economic value, it primarily states the trial court's findings without adding interpretive depth.
  [ID: 80bb6b88-12a7-4766-894c-d356925f5960] Reasoning: This is a direct quote from the statute, providing no new information or context.
  [ID: 57b1f2b4-2b7d-45f6-9807-71d8a44ef3fc] Reasoning: This sentence explains a key factor used by courts in determining independent economic value, providing useful interpretive context.
  [ID: 66f6ff86-e7e6-4ddf-ac40-b7e279a9b7e8] Reasoning: This sentence summarizes the trial court's findings but does not add significant interpretive value beyond stating the facts.
  [ID: 2d157742-0c1c-4d57-9603-75009da00ffe] Reasoning: Similar to previous sentences, it reiterates the trial court's findings without providing new insights or applications.
  [ID: 16e15838-8919-483a-bd81-5758fb735500] Reasoning: This sentence discusses an additional element added by the trial court, which provides some interpretive context regarding the application of the statute.
  [ID: ba5c56a5-c8ce-47a2-bbf6-cf47f23d75f5] Reasoning: This is a direct quote from the statute, providing no new information or context.
  [ID: f0fb72fc-25b4-4236-996d-0923b78d7422] Reasoning: This is a direct quote from the statute, providing no new information or context.
  [ID: d7f98aa3-b3e5-4915-8c75-fb3c7be90812] Reasoning: This is a direct quote from the statute, providing no new information or context.
  [ID: 0dbeff86-ac8c-4d0a-83f4-6437a27fe90b] Reasoning: This is a direct quote from the statute, providing no new information or context.
  [ID: 76111568-9f6f-414f-8af7-d4c43f59d01b] Reasoning: This is a direct quote from the statute, providing no new information or context.
  [ID: 7f922785-6891-46bb-997a-f079d8241b65] Reasoning: This is a direct quote from the statute, providing no new information or context.
  [ID: 299ce94d-0a44-44e9-aebe-972144b09c3c] Reasoning: This is a direct quote from the statute, providing no new information or context.
  [ID: 7679f537-5190-446e-8ebd-de38de556d20] Reasoning: This sentence simply states the phrase of interest without any context or application.
  [ID: 1fb95ee3-aa58-4a63-a631-64a2232b17eb] Reasoning: This sentence provides a specific application of independent economic value in the context of customer information, which adds interpretive depth.
  [ID: b9ea736a-4cb6-484f-8d55-31a01c20b0b2] Reasoning: This sentence discusses the independent economic value of a specific document, providing context and application that enhances understanding.
  [ID: e694ae2a-a600-41a4-a6ec-beaa2abcdbc7] Reasoning: This sentence discusses the significance of outdated information, which provides a practical application of the concept of independent economic value.
  [ID: a3322a77-ad04-445b-a4c3-5c73f70d395d] Reasoning: This sentence explains how the relevance of information affects its independent economic value, providing useful context.
  [ID: 2801077a-ae90-4569-a686-27dca96d3e61] Reasoning: This sentence provides a legal principle regarding collections of information and their independent economic value, adding interpretive depth.
  [ID: 927c6922-ffa7-4cdc-ba54-df4e52e276eb] Reasoning: This is a direct quote from the statute, providing no new information or context.
  [ID: 01a5ce8f-27bb-4ea1-91c6-413ffa384486] Reasoning: This is a direct quote from the statute, providing no new information or context.
  [ID: efd69afc-0543-4a39-8f89-6c68a2a929ef] Reasoning: This is a direct quote from the statute, providing no new information or context.
  [ID: e0239e31-c897-40af-8862-2c92828f723c] Reasoning: This sentence summarizes the definition of a trade secret under the Virginia Code, providing no new information or context.
  [ID: 202c7cce-04c0-4227-969d-14b38edc439d] Reasoning: This is a direct quote from the statute, providing no new information or context.
  [ID: 84a6263a-33d7-41c6-8f2a-14ede7873d69] Reasoning: Directly repeats the statutory definition of independent economic value without adding any interpretive context.
  [ID: 65a5a58e-36fe-464c-9e88-2ebc26f112ce] Reasoning: This is a literal quote of the statute defining trade secret, providing no new interpretive insight.
  [ID: d847519d-335d-46e4-a78f-ce11277485fd] Reasoning: Reiterates the statutory definition of trade secret, lacking any additional context or application.
  [ID: e88257c6-5ece-44d1-8f6a-27e91cce67e8] Reasoning: This sentence quotes the statutory definition of trade secret, providing no new interpretive value.
  [ID: 75e2cd54-6b1d-43f4-9547-3a1ce5100faf] Reasoning: This sentence is a direct repetition of the statutory language regarding independent economic value.
  [ID: b217f429-fc25-48b7-8aad-93e04f17d40c] Reasoning: Mentions the two factual prongs of a trade secret action, providing some context but lacking depth in explanation.
  [ID: dc1f186c-0e18-4d3c-99e6-2bd81c61e37f] Reasoning: Describes a specific case where independent economic value is demonstrated, adding context to the term.
  [ID: b6d1222f-26da-4cf0-ba8c-3a15c43dc6d2] Reasoning: This sentence is a direct repetition of the statutory language regarding independent economic value.
  [ID: 3c54d5ae-2ec3-4b72-a3d6-a5061ec490b8] Reasoning: Provides a specific requirement under Ohio's version of the Uniform Trade Secrets Act, adding clarity to the application of independent economic value.
  [ID: 49d1d83b-0fb3-4984-9f08-353b5293cec4] Reasoning: States that a specific document had independent economic value, providing a factual context but lacking deeper analysis.
  [ID: faf0b8b3-967d-48f1-ac05-6681bdd484ad] Reasoning: This is a direct quote of the statutory definition of trade secret, providing no new interpretive value.
  [ID: e97f77f7-abed-4782-a051-a3a6aacae7b8] Reasoning: Links the statutory requirement of independent economic value to the common law requirement of competitive advantage, providing interpretive context.
  [ID: 8d954c51-b216-4148-94d8-bceb43e32d4c] Reasoning: This is a direct quote of the statutory definition of trade secret, providing no new interpretive value.
  [ID: 0dc98f79-0176-47c5-8a3b-82b307aec9b3] Reasoning: Describes a specific case where proprietary information derives independent economic value, adding context to the term.
  [ID: 4be5aae8-1a33-498e-9c83-52e0110a4134] Reasoning: This is a direct quote of the statutory definition of trade secret, providing no new interpretive value.
  [ID: 6957e512-8a77-4de4-be4d-9e9713ceab00] Reasoning: States that chips have no independent economic value beyond the casino, providing a specific application of the term.
  [ID: 92fb43ee-dc09-4b47-bdd3-759e3d9d67b3] Reasoning: Reiterates the statutory requirement for independent economic value, providing no new interpretive insight.
  [ID: f3f5ef17-4f47-4da3-984b-547698ee1613] Reasoning: Discusses a specific argument regarding independent economic value, providing context but lacking depth.
  [ID: 456594e1-4d48-49ab-89f4-5a0057a2644b] Reasoning: Mentions a test focusing on independent economic value, but lacks specific application or context.
  [ID: fc66a930-2cb6-4de5-b50f-ef75eb6e5fd5] Reasoning: Claims that a specific pricing strategy has no independent economic value, providing a factual context.
  [ID: bef060f5-e48d-42f8-9bbb-61e52ba0b122] Reasoning: This is a direct quote of the statutory definition of trade secret, providing no new interpretive value.
  [ID: eb0b857f-2bb9-46fd-a07e-404780ca7d1a] Reasoning: Describes a specific case where confidential information has independent economic value, adding context to the term.
  [ID: e982c7b6-4376-4df9-a3a5-420fa115a736] Reasoning: Directly repeats the statutory language regarding independent economic value, providing no new interpretive value.
  [ID: 8c0cb312-1abd-47ba-bcf7-4a1eeec2d29e] Reasoning: This is a direct quote of the statutory definition of trade secret, providing no new interpretive value.
  [ID: bdcdcb0e-28b8-4882-a6fd-5e5a8bf8a042] Reasoning: This sentence is a paraphrase of the definition of a trade secret, repeating the statutory language without adding any interpretive context.
  [ID: eee5c760-c0db-409a-a37e-522a9963b6a4] Reasoning: This is a direct quote from the Uniform Trade Secrets Act, providing no new information or context beyond the statute itself.
  [ID: 0a2922f7-ecfe-40d4-8090-c90a53b3c565] Reasoning: This sentence repeats the statutory definition of a trade secret without providing any additional interpretive insight or application.
  [ID: 7d277bfc-f6ff-4090-94f2-b9ba9e92455a] Reasoning: This sentence is a direct quote from the statute, offering no new interpretive value or context.
  [ID: e975879f-4035-48ff-8c93-509291ca01dc] Reasoning: This sentence is vague and does not provide any context or application related to independent economic value.
  [ID: 25c1a13a-6e8a-4384-92d2-b203734fa3c0] Reasoning: This sentence discusses the test for trade secrecy under Delaware law, providing relevant context for the application of independent economic value.
  [ID: f65504be-3ab8-45f6-bfa5-713ca6c88b7e] Reasoning: This sentence outlines the requirements under the Ohio Trade Secrets Act, adding context to the application of independent economic value.
  [ID: c8f8d743-a234-4354-9eeb-eda50d476385] Reasoning: This sentence repeats the statutory definition of a trade secret, providing no new interpretive context or application.
  [ID: e4c405a5-cc74-409c-8dbd-15d96e58f793] Reasoning: This sentence discusses a specific case where independent economic value is questioned, providing context for its application.
  [ID: 3b2008b8-e98e-4370-8d52-2f4a9854ab61] Reasoning: This sentence is a direct quote from the statute, offering no new information or context.
  [ID: 2e7437e6-6cae-49fa-80c1-db5ed6e6a16b] Reasoning: This sentence provides a specific example of how independent economic value is recognized in the context of software, adding interpretive value.
  [ID: 91daac7c-8f81-4ce4-a7df-cce2d388061b] Reasoning: This sentence is a direct quote from the statute, providing no new interpretive context.
  [ID: f3eea740-5f1f-4966-9fab-17a24c792a7b] Reasoning: This sentence is a paraphrase of the statutory definition, offering no new interpretive context.
  [ID: 69dbdfb6-6612-4ee2-83ea-b89a1d248580] Reasoning: This sentence is a direct quote from the statute, providing no new interpretive context.
  [ID: 99cac1dd-751c-47ed-9705-63c17fceb095] Reasoning: This sentence is a direct quote from the statute, providing no new interpretive context.
  [ID: 244f5334-7a75-4661-9d59-aa1c4dce9e9e] Reasoning: This sentence provides a specific example of how a compilation can have independent economic value, adding interpretive context.
  [ID: fe6199ae-47af-4f72-929e-027c5a39043a] Reasoning: This sentence is a direct quote from the statute, providing no new interpretive context.
  [ID: 582374e7-151e-4741-af52-1790e5076e1e] Reasoning: This sentence is a direct quote from the statute, providing no new interpretive context.
  [ID: b174fa3c-4b12-421c-8ce9-588706720005] Reasoning: This sentence is a direct quote from the statute, providing no new interpretive context.
  [ID: abb4a150-563f-4171-ac67-e3dc1551ae81] Reasoning: This sentence is a direct quote from the statute, providing no new interpretive context.
  [ID: 075b9454-497d-4b9a-a0b0-6dba17925624] Reasoning: This sentence discusses a specific case where the court must determine independent economic value, providing context for its application.
  [ID: 673cf740-8417-4382-8f4f-45a177a2fcff] Reasoning: This sentence is a direct quote from the statute, providing no new interpretive context.
  [ID: 973f384a-d0e6-41e4-8ea9-d0efd608a5d9] Reasoning: This sentence discusses the obviousness of the subject matter, providing context that may affect the determination of independent economic value.
  [ID: 4ed53341-8571-4f41-9aa7-83c674e07566] Reasoning: This sentence is a direct quote from the statute, providing no new interpretive context.
  [ID: 292c0cdb-2917-442d-9f01-ca0af1ebf7bf] Reasoning: This sentence provides a specific example of how a database can derive independent economic value, adding interpretive context.
  [ID: f113b174-61a9-41ca-8017-9f2cf6753ecc] Reasoning: This sentence is a direct quote from the Uniform Trade Secrets Act, repeating the definition of 'trade secret' without adding any new interpretive context.
  [ID: d1d25424-691a-49bd-b733-565337790a7c] Reasoning: This sentence discusses a specific case where salary information was not shown to have independent economic value, providing context for the application of the term.
  [ID: 5a9cc90d-dcb9-4140-9fef-7f5b69d082e8] Reasoning: This sentence provides a definition of 'trade secret' under Louisiana law, which is similar to the source statute but does not add significant interpretive value.
  [ID: 53ab400e-6f3a-49ed-8c07-b74a37ec5713] Reasoning: This sentence is a direct quote of the definition of 'trade secret', providing no new interpretive context.
  [ID: 2ef78bda-1c74-4140-9d67-eb0b43d371de] Reasoning: This sentence repeats the definition of 'trade secret' from Florida Statutes, offering no new insights or applications.
  [ID: 9f66c907-114b-4d75-82ff-5bac91bfd51c] Reasoning: This sentence is another direct quote of the definition of 'trade secret', lacking any interpretive value.
  [ID: e98e47a2-64cd-4247-b988-fcf2bc2396cc] Reasoning: This sentence provides an opinion regarding Ajaxo's technology having independent economic value, which adds context to the application of the term.
  [ID: 0c56a44c-40ba-4680-bd9f-4a0ab608a70e] Reasoning: This sentence is a direct quote of the definition of 'trade secret' under the Uniform Trade Secrets Act, providing no new interpretive context.
  [ID: 29fb75fe-921d-427b-b217-ed585faeb0c0] Reasoning: This sentence is incomplete and does not provide any context or application of the term 'independent economic value'.
  [ID: 3986a58d-dc33-45e0-bc81-c74b8a6d7b9c] Reasoning: This sentence discusses a specific case where a customer list was determined to have no independent economic value, providing practical application.
  [ID: eef317a2-12a6-40bc-8acc-9930f1ffb2f0] Reasoning: This sentence is a direct quote from the Uniform Trade Secrets Act, repeating the definition without adding interpretive value.
  [ID: 61ad1cad-dca1-4426-8fda-a72fa6468e90] Reasoning: This sentence is another direct quote of the definition of 'trade secret', providing no new insights.
  [ID: a501da78-02a1-4a3f-af05-46a62fc16113] Reasoning: This sentence is incomplete and does not provide any context or application of the term 'independent economic value'.
  [ID: dcb1ceb9-a366-468f-bdfc-afd0c5d98576] Reasoning: This sentence states that Preferred did not derive independent economic value, providing a specific application of the term.
  [ID: cf64c30d-7043-4177-83de-9ee3761ac317] Reasoning: This sentence references a case that interprets 'trade secret', but it primarily quotes the definition without adding significant new context.
  [ID: 84b39457-f3c3-42a2-8577-3f3d85937479] Reasoning: This sentence is a direct quote of the definition of 'trade secret', providing no new interpretive context.
  [ID: 14910a0a-204a-4da9-986f-1110b74b6687] Reasoning: This sentence is another direct quote of the definition of 'trade secret', lacking any interpretive value.
  [ID: 3951ef65-661a-4c59-99fd-4ddb47c3627f] Reasoning: This sentence is a direct quote of the definition of 'trade secret', providing no new insights.
  [ID: eea82b7e-7079-4d84-9945-9b455fdbf645] Reasoning: This sentence is a direct quote of the definition of 'trade secret', providing no new interpretive context.
  [ID: a4d69a1d-1210-48ba-8946-b854077fe016] Reasoning: This sentence is a direct quote of the definition of 'trade secret', lacking any interpretive value.
  [ID: 7477d9b7-732f-41b5-a6b8-3b822b4040aa] Reasoning: This sentence is incomplete and does not provide any context or application of the term 'independent economic value'.
  [ID: 50819f29-4e0f-4d95-82ae-f572be8a1e78] Reasoning: This sentence states that a customer list had independent economic value and was kept secret, providing a specific application of the term.
  [ID: c5f2e1fd-832b-4d28-adba-d50fa867fa7d] Reasoning: This sentence is incomplete and does not provide any context or application of the term 'independent economic value'.
  [ID: 4b123d3d-b7e9-49f4-9daf-1d06dbb3a260] Reasoning: This sentence is incomplete and does not provide any context or application of the term 'independent economic value'.
  [ID: 99683b8f-70b2-499e-9aba-200b9348a268] Reasoning: Direct quote of the statute defining 'trade secret'. No interpretive value beyond the statute itself.
  [ID: 4b060ab0-777c-4082-a2b8-10dd3c0e7ad6] Reasoning: States that images have independent economic value but lacks context or application, providing minimal interpretive depth.
  [ID: 7c8901ec-2fd9-4a65-a252-2ff202309ffd] Reasoning: Repeats part of the statutory definition without adding any new context or application.
  [ID: eee9914e-1ffc-4c29-aedd-d463b7246d51] Reasoning: Reiterates the definition of 'trade secret' from IUTSA, providing no new interpretive context.
  [ID: d413a27c-eee9-4419-98fc-b3483de7c499] Reasoning: Summarizes the characteristics of a protectable trade secret under Indiana law, but does not provide new insights.
  [ID: c24a626e-3fd8-4dd3-b829-aee1420941e3] Reasoning: Another direct quote of the statutory definition of 'trade secret', offering no new interpretive value.
  [ID: b9bb163e-f14a-4539-a7dc-72cee6ad6770] Reasoning: Repeats part of the statutory definition without adding any new context or application.
  [ID: 2b48e404-b7e8-427b-88af-a32e76045ae7] Reasoning: Describes the government's burden of proof regarding independent economic value in a misappropriation case, adding context.
  [ID: dbda0081-93f9-45b6-af46-29576c91dd8f] Reasoning: Repeats part of the statutory definition without adding any new context or application.
  [ID: c32f38d7-1c11-4ca5-82a7-fab8ea7cefcb] Reasoning: Direct quote of the statutory definition of 'trade secret'. No interpretive value beyond the statute itself.
  [ID: 134e487d-e85a-4626-bc55-a4d669a9fc1b] Reasoning: Repeats part of the statutory definition without adding any new context or application.
  [ID: d11fca0f-0d1b-400f-a9dd-4722a6d7374c] Reasoning: States that a claim for misappropriation lacks merit without independent economic value, providing some interpretive context.
  [ID: e3a656ef-2ff7-484e-974a-b63f696ed771] Reasoning: Reiterates the definition of 'trade secret' from CUTSA, providing no new interpretive context.
  [ID: d1b91e40-40c6-4a47-b2c6-8cd86f84078b] Reasoning: States that independent economic value must be 'more than trivial' according to California courts, providing useful interpretive guidance.
  [ID: 684be891-ffc0-4d7d-9691-1ffe9460db6d] Reasoning: States that DLL's use cases derive independent economic value, providing a practical application of the term.
  [ID: 758684eb-2018-43d2-8f30-480994cb39c4] Reasoning: Claims that DLL's expenditure substantiates their claim of independent economic value, providing context for application.
  [ID: 482b3ff0-fa26-4d88-bd3c-394e1d458da9] Reasoning: Reiterates the definition of 'trade secret' from WITSA, providing no new interpretive context.
  [ID: b2179e75-6f2e-4def-a18c-461771b07e76] Reasoning: Reiterates the definition of 'trade secret' from the Oklahoma Uniform Trade Secrets Act, providing no new interpretive context.
  [ID: c0c125d6-b7b8-48f1-8d50-4e044e00bbe5] Reasoning: Describes the burden of proof for establishing independent economic value in a trade secret case, adding context.
  [ID: f4c1d54b-a366-471d-aa1d-d9a1312371ce] Reasoning: Discusses a court ruling regarding independent economic value in the context of trade secrets, providing interpretive context.
  [ID: ac3ff093-4b8e-49c1-b300-3491a77785bf] Reasoning: Questions whether copyrighted items have independent economic value, indicating a legal inquiry but lacking depth.
  [ID: 7a5dba28-a25e-44a2-9534-ffdc044b3057] Reasoning: Defines a trade secret under Florida law, reiterating the statutory definition without new interpretive context.
  [ID: 4ff01473-772a-4cef-868d-84026606c323] Reasoning: Repeats part of the statutory definition without adding any new context or application.
  [ID: 004fea1a-2f18-452f-afaf-5753f6de20dc] Reasoning: Argues that specific information regarding pricing differences has independent economic value, providing a practical example.
  [ID: 4df5fd02-8176-4af8-babe-1c5332dfc7eb] Reasoning: Reiterates the definition of 'trade secret' from Order #36, providing no new interpretive context.
  [ID: 4897e976-0818-4184-a1da-87c2e930029e] Reasoning: This sentence is a direct quote of the definition of 'trade secret' from the statute, providing no new interpretive context.
  [ID: 77a27cb1-cdf6-4622-b0cd-dcff4d4d6fe1] Reasoning: This sentence repeats the statutory language regarding independent economic value without adding any interpretive context.
  [ID: 28e0fe31-6464-4a0b-813e-0ed922ceaed8] Reasoning: This sentence is another repetition of the statutory definition, providing no additional insight or context.
  [ID: 3ea16d05-fdc9-4ac7-b3ff-9c767de4b1c6] Reasoning: This sentence illustrates the concept of independent economic value through a practical example involving firms and their competitive advantage, adding interpretive context.
  [ID: 0b62cbb6-6b81-4860-a6b8-6f5bb26085e0] Reasoning: This sentence discusses the Economic Espionage Act and its definition of trade secret, providing context on how independent economic value is a legal requirement.
  [ID: fa23a626-635c-4225-9671-4ac24413ca52] Reasoning: This sentence references the Uniform Act and its similar language regarding independent economic value, providing comparative context.
  [ID: f175a9ae-abb2-4986-a274-463cdd4bf34a] Reasoning: This sentence discusses a legal argument regarding the independent economic value of episodes, providing context on its application in copyright law.
  [ID: 90ef4262-4648-46f0-8f17-9ef96a296f17] Reasoning: This sentence references case law to analyze whether episodes have independent economic value, providing critical interpretive guidance.
  [ID: d4a576a1-289d-4770-822f-89a9e3f61e08] Reasoning: This sentence explains Katch's argument regarding its Confidential Information as a trade secret, providing context on the application of independent economic value.
  [ID: 73ed70a7-c81c-4e14-a04a-bb1dc2edee76] Reasoning: This sentence questions the independent economic value of payments to publishers, providing a critical perspective on the concept.
  [ID: 368f822b-9758-4a83-af08-5ea057d38175] Reasoning: This sentence is a direct quote of the MUTSA definition of trade secret, providing no new interpretive context.
  [ID: 0359b59e-974f-4820-a3b3-d9c1a32fb652] Reasoning: This sentence states that information quickly becoming obsolete does not have independent economic value, providing a specific application of the concept.
  [ID: 6ba0d8d5-c2a2-4c08-ad29-7bd937b44f4f] Reasoning: This sentence repeats the statutory definition of trade secret, providing no new interpretive context.
  [ID: 58503a55-b6e4-4099-8d1a-7701ca77875a] Reasoning: This sentence assumes that certain concepts derive independent economic value, but lacks specific context or application.
  [ID: bb669b36-faab-4683-b374-c781b4081aac] Reasoning: This sentence is a partial quote of the statutory definition, providing no new interpretive context.
  [ID: 6b8427ad-b819-4009-9ea0-c9f827adc795] Reasoning: This sentence is a direct quote of the characteristics of a trade secret, providing no new interpretive context.
  [ID: c491cd92-0b0b-44ca-8501-faf1fb26192d] Reasoning: This sentence is a partial quote of the statutory definition, providing no new interpretive context.
  [ID: e450a90f-3b10-4d5c-b543-d07b232702a1] Reasoning: This sentence is a direct quote of the definition of 'trade secret', providing no new interpretive context.
  [ID: dd34d22e-8fd3-45da-ba98-bd85b7305739] Reasoning: This sentence is a direct quote of the UTSA definition of trade secret, providing no new interpretive context.
  [ID: 20b04824-487a-4c62-aae8-f6c4ef3a3376] Reasoning: This sentence is a partial quote of the statutory definition, providing no new interpretive context.
  [ID: 5e71b00c-04ef-4e2d-ac1a-525cf07c4e9b] Reasoning: This sentence is a partial quote of the statutory definition, providing no new interpretive context.
  [ID: b46b26d9-313c-4fa4-a9d0-df003c7e97b4] Reasoning: This sentence is a direct quote of the Oregon statute's definition of trade secret, providing no new interpretive context.
  [ID: ea12cfb0-bf30-4234-b918-d6e00702e4a6] Reasoning: This sentence is a direct quote of the definition of 'trade secret', providing no new interpretive context.
  [ID: 770051ce-dd70-4abe-9a62-0dd6c0608370] Reasoning: This sentence is a direct quote of the definition of 'trade secret', providing no new interpretive context.
  [ID: 3c9a86a0-c391-47fa-ba61-1a7e0bd70d9f] Reasoning: This sentence is a direct quote of the statutory definition of 'trade secret', providing no new interpretive context.
  [ID: 83255e16-8120-48d3-86c5-0a8ab31e9184] Reasoning: This sentence restates the requirements for a trade secret under Ohio law, closely mirroring the statutory language without adding interpretive context.
  [ID: daf36d08-62ac-4f75-b224-3c88baf59c2e] Reasoning: This sentence is a direct quote of the statutory definition of trade secret, providing no new interpretive information.
  [ID: 4754aac2-9f78-4327-976d-fec6ff634cbc] Reasoning: This sentence is a literal quote of the statute, offering no additional context or interpretation.
  [ID: 25750bfc-0921-43e5-9375-db095b2f50be] Reasoning: This sentence repeats the statutory language regarding independent economic value without providing any interpretive insight.
  [ID: b7a591e6-c210-4f96-9ef7-7b1ccd739f30] Reasoning: This sentence is another direct quote of the statute, lacking any interpretive value.
  [ID: e788fa3c-dc6f-426f-b88e-6585c06da1eb] Reasoning: This sentence is a direct quote of the statutory language, providing no new information.
  [ID: 10312239-1c3c-4ef4-9f38-a1f9706dd322] Reasoning: This sentence is a repetition of the statutory definition, offering no additional context or interpretation.
  [ID: 9b649e45-fa12-42fc-8dff-309214bdbda1] Reasoning: This sentence closely mirrors the statutory definition of trade secrets, providing no new interpretive insights.
  [ID: e8056040-c86b-44bd-b387-5bb377208a5d] Reasoning: This sentence is a direct quote of the statute, lacking any interpretive value.
  [ID: a8fb7db5-21d4-47a0-9e3d-e6275017d3b8] Reasoning: This sentence is a direct quote of the statutory definition, providing no additional context or interpretation.
  [ID: 8aa5b54b-9622-43f2-bee6-059d34d33e5b] Reasoning: This sentence is a repetition of the statutory language regarding independent economic value, offering no new insights.
  [ID: 82aac820-df22-47a5-aa47-231c4569942a] Reasoning: This sentence is a direct quote of the statute, providing no additional interpretive context.
  [ID: 57968847-c333-4834-b9ef-373632f6d45f] Reasoning: This sentence discusses a failure to prove independent economic value in a specific case, providing context for the application of the term.
  [ID: 44303811-09ec-4c66-9780-3c88fc7168c8] Reasoning: This sentence evaluates a specific argument regarding independent economic value, providing context for its application.
  [ID: ffa596b6-2c12-4e0f-afe0-54bf9c7d6df1] Reasoning: This sentence describes a jury's conclusion regarding independent economic value in a specific case, providing practical application context.
  [ID: 5801acf1-c46d-4878-87c3-5ac95fe25035] Reasoning: This sentence is a repetition of the statutory language regarding independent economic value, offering no new insights.
  [ID: 01afa9ef-fb45-46c4-8b09-459bdad48968] Reasoning: This sentence summarizes the requirements for a trade secret, providing a clear application of the term.
  [ID: b5268ac1-4828-4cb4-a6e5-6a0b791e3c0a] Reasoning: This sentence discusses a specific compilation of information and its independent economic value, providing context for its application.
  [ID: 0f51a8a4-2e0a-47c6-b85a-2784953fa97b] Reasoning: This sentence is a fragment that lacks context and does not provide a complete thought or application.
  [ID: b506b740-e1bb-4ebe-8fa4-60869c5fc546] Reasoning: This sentence is a direct quote of the statute, providing no additional interpretive context.
  [ID: 00c9e14d-ac7c-4301-8ef6-ce64399bc968] Reasoning: This sentence discusses a specific system and its independent economic value, providing context for its application.
  [ID: 4675f52b-095b-4763-b2bc-48d25a6166f5] Reasoning: This sentence discusses the economic value derived from a specific compilation, providing context for its application.
  [ID: d858aa8c-414b-4998-a6af-bbd9ee40ab15] Reasoning: This sentence cites a case that provides interpretive guidance on demonstrating independent economic value, adding significant context.
  [ID: 306e7e29-5845-422e-9c21-c24c89431ff7] Reasoning: This sentence outlines the requirements for establishing independent economic value in a legal context, providing practical application.
  [ID: 8e726305-db3e-459a-8d02-7ed1b841443b] Reasoning: This sentence restates the statutory definition of trade secret, providing no new interpretive insights.
  [ID: 284d783d-6c34-4d97-ac44-94b49b91927c] Reasoning: Mentions independent economic value in the context of a liquor license, but does not provide deeper interpretive context or application related to trade secrets.
  [ID: df841bf9-b737-4501-b28f-790e4b3f2cfc] Reasoning: Discusses a lien on the proceeds from a liquor license, referencing independent economic value, but lacks substantive interpretive depth.
  [ID: 34d94ce2-bea0-4eed-891f-edde09498192] Reasoning: Provides a definition of trade secret under North Dakota law, including the phrase of interest, but is largely redundant with the statute.
  [ID: 25d64f80-adaf-4340-aa58-cbeb9a6c3bb4] Reasoning: Directly quotes the statutory definition of independent economic value, offering no new interpretive insight.
  [ID: 8d9241c5-0886-4177-ae99-ec880fa0dbb4] Reasoning: Similar to previous entries, this sentence quotes the definition of trade secret, providing no additional context or application.
  [ID: f4356d00-b151-432c-82b8-6eab2904ed8b] Reasoning: This sentence is a fragment that repeats the statutory language without any interpretive value.
  [ID: ac54eab0-e952-481a-9143-5201408451ec] Reasoning: Another direct quote of the statutory definition, offering no new insights or applications.
  [ID: 52b2f81b-044e-4144-8088-8384f7be5ea5] Reasoning: This sentence is a direct repetition of the statutory language, providing no additional context or interpretation.
  [ID: 34e9d97d-75d1-452f-8e21-a877c9fd737d] Reasoning: Repeats the statutory definition verbatim, lacking any interpretive value.
  [ID: 0870dea8-4b5f-4948-9f28-e9900356b99b] Reasoning: This sentence is a fragment that repeats statutory language without any interpretive context.
  [ID: 4424be45-8522-4d7b-a017-a81cfdcb015c] Reasoning: Mentions factors courts examine to determine independent economic value, which could provide some interpretive context.
  [ID: d797c65d-f201-4e70-8015-c7c3889aa4bb] Reasoning: Defines trade secret under Maine law, including the phrase of interest, but is largely redundant with the statute.
  [ID: e2400ab9-72e3-4293-93f8-e499d789bde1] Reasoning: Another direct quote of the statutory definition, providing no new insights or applications.
  [ID: fcd0b4c3-89d1-480a-a7e4-55e1e7fe2eac] Reasoning: Discusses a claim that information does not qualify as a trade secret due to lack of independent economic value, providing some interpretive context.
  [ID: 575f4d95-7c76-4fb8-8d75-2e89cbaba83a] Reasoning: Indicates that vodka formulas have potential independent economic value, which adds context to the application of the term.
  [ID: ec79b171-dcc4-4885-94b5-844f974f65ed] Reasoning: Repeats the statutory definition verbatim, lacking any interpretive value.
  [ID: f89ebea7-cbc5-489e-b16a-bc1ab1cdf776] Reasoning: Describes the requirements to establish a trade secret under Kansas law, which provides useful interpretive context.
  [ID: 451ef561-0444-41d6-aa44-fdc7dbb2f5ae] Reasoning: Indicates that specific information derived independent economic value from not being generally known, providing context for application.
  [ID: 25aa4f70-e9e6-471e-a6c4-9584b9f4b45d] Reasoning: Suggests that a combination of features derived independent economic value, providing context for application.
  [ID: 5b2f5f1a-b644-4710-ae8d-bf1f2197671f] Reasoning: Indicates that information was not generally known and derived independent economic value, providing context for application.
  [ID: 26f0f31d-95c4-4d24-af5a-9a46ee9fe907] Reasoning: Repeats statutory language without any interpretive context, providing no new information.
  [ID: 062358ed-9069-44a6-9797-6d1acd9f7e23] Reasoning: Repeats statutory language without any interpretive context, providing no new information.
  [ID: 38f5ba1c-78b7-42da-a6f8-19051d651b98] Reasoning: Directly quotes the statutory definition, offering no new insights or applications.
  [ID: 961dbc81-d225-49cc-a411-4cc9318cda6a] Reasoning: Repeats the statutory language without any interpretive context, providing no new information.
  [ID: c89d3b49-6cf7-44d3-8928-50ed012a5b5a] Reasoning: Directly quotes the statutory definition, offering no new insights or applications.
  [ID: 0a237866-70d1-41b3-ad35-7022c78b6e75] Reasoning: This sentence is a direct quote of the definition of 'trade secret' from the statute, providing no new interpretive context.
  [ID: feceb432-5c72-4c1e-9915-e1f8d90ef128] Reasoning: This sentence repeats the statutory requirement for independent economic value without adding any interpretive context or application.
  [ID: 3ea04264-95e7-4829-a160-b527b90b634e] Reasoning: This sentence is another paraphrase of the statutory definition of 'trade secret', lacking any new insights or applications.
  [ID: 201c85c0-4c3b-4b5e-9610-f14f2d329e8c] Reasoning: This sentence discusses a court's finding regarding the lack of independent economic value in specific information, providing context for the application of the statute.
  [ID: 045ccc80-1295-46f8-bba5-0c4224a885a7] Reasoning: This sentence explains that a price quote generates potential economic value only when shared, which adds context to the concept of independent economic value.
  [ID: 6effc650-be55-46f5-8911-87164e198acd] Reasoning: This sentence reiterates the statutory definition but adds a specific reference to the need for reasonable efforts to protect secrecy, which is somewhat informative.
  [ID: e14a420e-9d9d-446d-95cd-87b6e190b533] Reasoning: This sentence questions whether disclosed information had independent economic value, indicating a practical application of the statute in a legal context.
  [ID: 6487ded1-445b-4f5c-9a56-7ebc3605684d] Reasoning: This sentence is a direct quote of the statutory definition, providing no new interpretive context.
  [ID: 5fb220f4-db18-4650-a145-8cfd07fd1700] Reasoning: This sentence is another direct quote of the statutory definition, offering no new insights.
  [ID: 3f261994-d3cd-41f7-b687-8e7b1451c056] Reasoning: This sentence outlines the requirements for protection, reiterating statutory language without adding interpretive value.
  [ID: 4826e46c-dbea-47cb-82bf-29078dcb52ad] Reasoning: This sentence is a partial quote of the statutory definition, lacking any new interpretive context.
  [ID: 639666be-bc7e-4490-b833-a8657aa58d7d] Reasoning: This sentence repeats the statutory definition of a trade secret, providing no new insights.
  [ID: 8adaaa23-38ef-4cdb-bf60-1409363cd4dd] Reasoning: This sentence is a direct quote of the statute, offering no new interpretive context.
  [ID: 5f68a438-e575-4faf-9229-fee3b310c0e1] Reasoning: This sentence is another direct quote of the statutory definition, providing no new insights.
  [ID: 6ab9557b-188a-48bd-a1db-cd5d507751af] Reasoning: This sentence repeats the statutory language regarding independent economic value without adding any interpretive context.
  [ID: 196a8158-2263-47da-a8e0-f3857b6a5902] Reasoning: This sentence is a partial quote of the statutory definition, lacking any new interpretive context.
  [ID: 2830dee2-8ff3-4908-9a0b-e3fa3e69997f] Reasoning: This sentence describes types of information that can be trade secrets, reiterating statutory language without new insights.
  [ID: 61a5e0be-4fed-4c6c-99ef-6f7b61712bd7] Reasoning: This sentence is a partial quote of the statutory definition, lacking any new interpretive context.
  [ID: eac9907f-e6f8-400c-9ab0-88a4f933f246] Reasoning: This sentence provides a specific example of how a customer list can have independent economic value, adding practical context to the concept.
  [ID: 818aaefa-44d4-42d1-a0e8-add5b630d4e2] Reasoning: This sentence is unrelated to the phrase of interest and does not pertain to trade secrets.
  [ID: 03c3eb12-f0fa-4a04-b18d-6aa379e2c32e] Reasoning: This sentence is a direct quote of the statute, providing no new interpretive context.
  [ID: 74779a5b-b962-4470-b049-35db8fbefa2b] Reasoning: This sentence is another direct quote of the statutory definition, offering no new insights.
  [ID: 33f177f7-85c1-40fc-9208-bb3952e29e5b] Reasoning: This sentence is a partial quote of the statutory definition, lacking any new interpretive context.
  [ID: f2aa0556-84b9-4061-9548-3d7d8f0c2c69] Reasoning: This sentence discusses a court's conclusion regarding potential independent economic value, providing context for the application of the statute.
  [ID: de24b976-c4aa-4673-b2e5-2d24b15123ab] Reasoning: This sentence reiterates the statutory requirements for trade secrets without adding new interpretive context.
  [ID: 65a82892-4884-4626-85f2-7f273d7548ee] Reasoning: This sentence summarizes the characteristics of a protectable trade secret, including the independent economic value aspect, but does not provide any new interpretive context or application.
  [ID: 5b179ab0-d4f3-4124-90a9-d3819cfffeb9] Reasoning: This sentence discusses a court ruling regarding the failure to demonstrate independent economic value, providing a specific application of the term in a legal context.
  [ID: 18986661-1ac8-467e-ab72-2a7a0717a29d] Reasoning: This sentence explains the burden of proof under the UTSA regarding independent economic value, adding context to its legal application.
  [ID: 51511cb3-fdae-462b-85f8-9edc1bcba4bf] Reasoning: This sentence provides a specific case outcome where the independent economic value element was not met, illustrating its application in a legal decision.
  [ID: 8e2d1ee4-e383-4575-8b05-b31924a7bc6e] Reasoning: This sentence is a standalone phrase that does not provide any context or application, thus it has no interpretive value.
  [ID: 296e066b-2096-4678-948b-140a74a2597d] Reasoning: This sentence mentions theories of independent economic value but lacks depth or specific application, providing minimal interpretive context.
  [ID: a562c5d8-ca2e-4e38-84f9-b3de8c3be686] Reasoning: This sentence critiques the evidence of independent economic value as being theoretical, which adds some interpretive context regarding its practical application.
  [ID: ba259add-ee1a-44ac-ada9-14c8fc7e64af] Reasoning: This sentence states that a confidentiality commitment alone does not establish independent economic value, providing a critical interpretive point.
  [ID: 8d82b870-cbd0-4452-ad40-aa032320a57e] Reasoning: This sentence references a court case but primarily repeats the statutory definition without adding new interpretive value.
  [ID: c4ef2a88-dadd-4ca6-9d47-b5c1de1548a1] Reasoning: This sentence reiterates the statutory definition of independent economic value without providing new insights or applications.
  [ID: b04be0d3-2bef-4583-8ca7-5687450faff4] Reasoning: This sentence is a direct quote of the statutory language regarding independent economic value, offering no new interpretive context.
  [ID: 57ea6f0e-c129-43cb-9223-accf3e5d74d3] Reasoning: This sentence is a repeat of the statutory language regarding independent economic value, providing no new insights.
  [ID: 87da2cd4-587a-44da-b29e-fa9eeb962387] Reasoning: This sentence restates the statutory definition of independent economic value without adding any interpretive context.
  [ID: 60e5e70d-a0fa-4830-8ba4-ec57bfa85b58] Reasoning: This sentence summarizes the characteristics of a protectable trade secret, including independent economic value, but does not provide new interpretive context.
  [ID: 28de0232-635f-431e-8db1-f8d4c9344e02] Reasoning: This sentence is a direct quote of the statutory definition, offering no new insights or applications.
  [ID: cb4aafb2-757d-43a5-afc6-335853ea062c] Reasoning: This sentence repeats the statutory definition of independent economic value without providing new interpretive context.
  [ID: 5660b1c8-36b1-4942-a743-bd4558302df0] Reasoning: This sentence explains how independent economic value is derived from specific services, providing context for its application.
  [ID: 1e11f343-eca7-47ac-8326-cbe948d59394] Reasoning: This sentence discusses how pricing information derives independent economic value, illustrating its application in a competitive context.
  [ID: 5bf9840c-09f0-46b5-ad90-c96501f58c4f] Reasoning: This sentence is a direct quote of the statutory definition, providing no new interpretive context.
  [ID: dd302429-201e-46e1-8582-d8ec65625482] Reasoning: This sentence summarizes the characteristics of a trade secret, including independent economic value, but does not provide new interpretive context.
  [ID: fcb62da1-a9d9-48e5-9245-a4c6511fa0ef] Reasoning: This sentence is a direct quote of the statutory definition, offering no new insights or applications.
  [ID: e62089cf-c747-44cb-97d2-11468b43baa0] Reasoning: This sentence repeats the statutory definition of independent economic value without providing new interpretive context.
  [ID: 2e478d3c-9e1c-4d57-9e33-a5e58ed6aa15] Reasoning: This sentence discusses specific information that constituted trade secrets, providing context for independent economic value in a practical scenario.
  [ID: 86a4e04d-7ff8-44d7-baae-a7c7ff962273] Reasoning: This sentence is a direct quote of the statutory definition, providing no new interpretive context.
  [ID: c1332e2c-fed7-4e81-92a6-1f501179fcca] Reasoning: This sentence discusses a specific case where independent economic value was not demonstrated, providing a practical application of the term.
  [ID: 36577491-051e-4386-a6f9-588be897612a] Reasoning: This sentence discusses a specific case where Yellowfin must demonstrate that the information has independent economic value, providing context for the application of the term.
  [ID: ab2ab231-1e29-47fc-9bed-fc3e2c5f31df] Reasoning: This sentence illustrates a scenario where information lacks independent economic value due to the size of the producer, providing a practical example of the term's application.
  [ID: dd591077-a26f-4fa8-957b-aa105030826d] Reasoning: This sentence explains that a supplier discount lacks independent economic value for a smaller manufacturer, which helps clarify the term's application in a specific context.
  [ID: f055b434-8356-4820-86a7-43d0c7f87b14] Reasoning: This sentence questions the independent economic value of specific options for a boat, indicating a practical application of the term in a legal context.
  [ID: 33b09a70-0080-451d-a256-635dd30ef2de] Reasoning: This sentence is a direct quote of the statute defining a trade secret, providing no new interpretive value.
  [ID: e14509d7-2f44-4bee-b45f-d361d4fc1fbe] Reasoning: This sentence reiterates the definition of a trade secret under California law, offering no new insights or applications.
  [ID: 1a9b89cd-dfc3-4037-835c-03666bbe0e03] Reasoning: This sentence provides a definition of a trade secret under KUTSA, which is redundant and does not add interpretive value.
  [ID: 3157770b-f2be-451a-862c-727b004ced5b] Reasoning: This sentence references case law but does not provide a clear application or explanation of independent economic value, making it less valuable.
  [ID: 6ec59f90-0808-4b50-8e06-34074c4a36dd] Reasoning: This sentence is another direct quote of the statute, providing no new interpretive context.
  [ID: 4335606c-b570-49fc-aa59-65ba7a2697d5] Reasoning: This sentence is a direct quote of the statute, offering no new insights or applications.
  [ID: 629ef436-69c9-441d-8a2e-b6fc1ee21311] Reasoning: This sentence discusses the Arkansas Trade Secrets Act and its limitations, providing context for the application of independent economic value.
  [ID: f2e2611c-3bc3-4c26-b760-0a8bb38479cc] Reasoning: This sentence critiques the type of information protected under the Act, indicating a lack of independent economic value, which adds context.
  [ID: 73896aee-54c5-4d94-8738-522859a8d9a1] Reasoning: This sentence is a partial quote of the statute, providing no new interpretive value.
  [ID: 87673568-71a1-4e7b-a403-91df0eec4e90] Reasoning: This sentence discusses a jury's conclusion regarding independent economic value, providing context for its application in a legal case.
  [ID: 71795fa4-40cc-41c9-8bfc-b8d2e8b04911] Reasoning: This sentence argues that object code does not derive independent economic value, providing a specific application of the term.
  [ID: 72c57f5f-a7d3-4602-ae62-c4b66469b723] Reasoning: This sentence suggests that a reasonable jury could conclude that the object code derives independent economic value, providing a practical application.
  [ID: fad59a3f-fcd8-4428-a00a-cd871f0da189] Reasoning: This sentence is a partial quote of the statute, providing no new interpretive value.
  [ID: eb08bd60-ade5-420e-a776-67c2117aba03] Reasoning: This sentence discusses a court's finding regarding trade secrets and independent economic value, providing context for its application.
  [ID: f78318c6-f212-4aee-9d66-b71ca3e2ca3b] Reasoning: This sentence argues that data taken from a network lacks independent economic value, providing a specific application of the term.
  [ID: 8ca7fcdd-9759-4cbe-9649-2af9bdfd3287] Reasoning: This sentence is a partial quote of the statute, providing no new interpretive value.
  [ID: 0733a353-fffa-43f8-96f1-8343ef8fb889] Reasoning: This sentence is a direct quote of the statute, providing no new interpretive value.
  [ID: d120905d-2766-408d-b0d8-710af877253f] Reasoning: This sentence provides a definition of a trade secret under Michigan law, which is redundant and does not add interpretive value.
  [ID: 9b704ca7-c9d1-4d85-9606-2801a600e36f] Reasoning: This sentence states that a formula for an unreleased product has independent economic value, but lacks context or application.
  [ID: 70562553-5556-4d86-80ad-135930998b70] Reasoning: This sentence is a direct quote of the statute, providing no new interpretive value.
  [ID: 5ced6115-f36f-4d27-b084-8d7e0910a7d1] Reasoning: This sentence is a direct quote of the statute, providing no new interpretive value.
  [ID: 7e2dbdac-f887-4abc-a8c0-dc63023b0af5] Reasoning: This sentence explains the focus of the inquiry regarding independent economic value, but it does not provide substantial interpretive depth or context beyond a factual statement.
  [ID: 64253848-14a8-4da5-9d1d-f43decc24e57] Reasoning: This sentence states a burden of proof without providing additional context or application, making it largely redundant.
  [ID: 489691bc-5df6-402d-916f-d8bb866461a0] Reasoning: This sentence references case law that illustrates how independent economic value can be evidenced, providing context and application that enhances understanding.
  [ID: 154c5ce0-53b9-4cb2-8bc5-afa6576e77af] Reasoning: This sentence discusses the potential economic value of a specific concept, providing a practical application of the term independent economic value.
  [ID: 24e3a3d6-1817-433a-ad71-e53b28a4457c] Reasoning: This sentence clarifies that the lack of market incorporation does not negate independent economic value, which is a significant interpretive point.
  [ID: 1aa6a13b-d327-4ea2-8925-47693dd82410] Reasoning: This sentence is a direct quote of the statute, providing no new interpretive value.
  [ID: b99c5796-41ad-4bdf-b49d-b52565c877f3] Reasoning: This sentence summarizes the analysis of independent economic value in a specific context, which adds interpretive depth.
  [ID: 6d761c0a-129d-406b-bca8-a1ca1e83cf87] Reasoning: This sentence states that substantial evidence supports a finding of independent economic value, but lacks depth in explaining how this was determined.
  [ID: f6b5845e-ce40-4c44-9e45-80c9eac80ed3] Reasoning: This sentence is a direct quote of the statute, providing no new interpretive value.
  [ID: aa5f881c-da61-481c-957b-6a9751c74fe5] Reasoning: This sentence summarizes the characteristics of a protectable trade secret, reiterating statutory language without adding interpretive context.
  [ID: 1e4705a5-ac9e-47e4-95ac-5e17c7ea9a79] Reasoning: This sentence is a direct quote of the statute, providing no new interpretive value.
  [ID: f16b821d-f011-46fd-9b71-119300c84cf9] Reasoning: This sentence is a direct quote of the statute, providing no new interpretive value.
  [ID: fbcf8259-b3ae-41c5-b4eb-3438a5b072b1] Reasoning: This sentence is a direct quote of the statute, providing no new interpretive value.
  [ID: 0f807926-0052-4668-82ae-1c509f6f6156] Reasoning: This sentence discusses the potential economic value of an idea, providing a practical application of the term independent economic value.
  [ID: 84f5b3c9-02ff-44bd-8382-2def8c01cccd] Reasoning: This sentence is a direct quote of the statute, providing no new interpretive value.
  [ID: 53cf383a-8612-4bda-a312-360786ed3d36] Reasoning: This sentence states a requirement for trade secret status without providing additional context or application, making it largely redundant.
  [ID: a9066fa3-77d4-4cc3-98ba-ebba138c3e68] Reasoning: This sentence discusses the lack of independent economic value in a specific context, providing a practical application of the term independent economic value.
  [ID: 9e2e5298-b093-46a2-b991-3aaaa5aa538c] Reasoning: This sentence discusses the lack of independent economic value in a specific context, providing a practical application of the term independent economic value.
  [ID: 565c8072-93b3-48fd-8318-ecdfd908f81b] Reasoning: This sentence is a direct quote of the statute, providing no new interpretive value.
  [ID: 5bf1e944-c186-4784-a0bc-deff09b8ca6e] Reasoning: This sentence is a direct quote of the statute, providing no new interpretive value.
  [ID: 7f59c9a3-8b5e-4e46-8dd0-bfa19311d940] Reasoning: This sentence is a partial quote of the statute, providing no new interpretive value.
  [ID: 7f9fb3a7-817f-4052-b2a5-5616583d213e] Reasoning: This sentence is a partial quote of the statute, providing no new interpretive value.
  [ID: f5b7df0b-9480-401e-af27-ca7b837e41bb] Reasoning: This sentence is a direct quote of the statute, providing no new interpretive value.
  [ID: 0f2691f2-01b2-459a-9bdc-0ddfc34f6065] Reasoning: This sentence is a direct quote of the statute, providing no new interpretive value.
  [ID: cacfac66-e6f5-4af9-98aa-2c9d409f6cd5] Reasoning: This sentence is a direct quote of the statute, providing no new interpretive value.
  [ID: 789890cd-50d5-4dfd-9ddb-a916f671dc55] Reasoning: This sentence provides a specific example of information with independent economic value, but does not add significant interpretive context or analysis.
  [ID: f178ee51-0bb4-4d89-bc21-5ca8846de6f2] Reasoning: This sentence is a direct quote of the statute's definition of a trade secret, providing no new interpretive value.
  [ID: 4b2c85c3-6b98-49b8-a3df-f769e0fa59b6] Reasoning: This sentence is a direct quote from the statute, repeating the definition of independent economic value without adding any interpretive context.
  [ID: 3ff4cf2e-4835-41c5-97aa-558e3ac7ec9e] Reasoning: This sentence restates the definition of a trade secret under the West Virginia Uniform Trade Secrets Act, providing no new insights or applications.
  [ID: a1e66427-e5ed-4eb7-bdf4-fd2836f4520a] Reasoning: This sentence is a fragment that repeats the statutory language regarding independent economic value, lacking any interpretive depth.
  [ID: aeccdbe0-7029-4335-b811-50f18bddb4f6] Reasoning: This sentence is a paraphrase of the statutory definition, providing no additional context or application.
  [ID: 1077b766-3f64-45b9-b3f1-5da7de54b200] Reasoning: This sentence references case law and the burden of proof regarding independent economic value, providing useful interpretive context.
  [ID: a11121f0-5119-4a13-b046-75da2dcaab95] Reasoning: This sentence is a direct quote of the statute's definition, offering no new interpretive insights.
  [ID: 67161a7d-d9a7-47f5-87c0-d19a51a74167] Reasoning: This sentence discusses a legal challenge related to the definition of trade secret, providing context for the application of independent economic value.
  [ID: 46e8c804-7c09-48b8-9dd8-2c988bd7e199] Reasoning: This sentence clarifies that independent economic value can be potential rather than actual, adding interpretive nuance.
  [ID: 41937dd7-3a47-4769-bb40-379c314531ae] Reasoning: This sentence is a direct quote from the statute, providing no new interpretive value.
  [ID: c29af5a7-04f1-4357-bc5e-12d71027f088] Reasoning: This sentence is a paraphrase of the statutory language, lacking any additional interpretive context.
  [ID: b15c8d61-e1c8-432f-b966-33f8699f5362] Reasoning: This sentence compares definitions of trade secrets across jurisdictions, providing useful interpretive context and application.
  [ID: f686cfe6-b361-4641-8a98-7272222c50f3] Reasoning: This sentence is a direct quote from the statute, providing no new interpretive value.
  [ID: 7d6b00bf-213c-4da0-b517-63c17dff198d] Reasoning: This sentence is a direct quote of the statute, providing no new interpretive value.
  [ID: 22fbbd7d-14b1-401a-91ae-a12ee527d056] Reasoning: This sentence is a direct quote of the statute's definition, offering no new interpretive insights.
  [ID: 78854ed2-8a3d-4273-a723-f56eb9319b11] Reasoning: This sentence is a fragment that repeats the statutory language regarding independent economic value, lacking any interpretive depth.
  [ID: 7818ae4b-c7d9-4bc2-914b-281451433b96] Reasoning: This sentence summarizes the requirements for information to be considered a trade secret, providing useful interpretive context.
  [ID: 7587907d-4b79-474c-b87b-abf6c9a0a50f] Reasoning: This sentence is a direct quote from the statute, providing no new interpretive value.
  [ID: d8787626-c791-4541-b211-25ac3091d86a] Reasoning: This sentence is a direct quote of the statute's definition, offering no new interpretive insights.
  [ID: 0bff9b2c-b718-4e00-9790-28e431d0f990] Reasoning: This sentence discusses a specific case where a trade secret was established, providing practical application of the concept of independent economic value.
  [ID: de2c2f2e-8967-4d87-a161-1c021b3b6600] Reasoning: This sentence is a direct quote from the statute, providing no new interpretive value.
  [ID: aac7c652-caa4-4aea-a915-57ecada1b154] Reasoning: This sentence is a direct quote of the statute's definition, offering no new interpretive insights.
  [ID: 8e17930e-01cf-4b8e-b13b-03f85dc8f85f] Reasoning: This sentence is a fragment that repeats the statutory language regarding independent economic value, lacking any interpretive depth.
  [ID: ce5aec43-3395-4e7c-a161-27318477a31c] Reasoning: This sentence is a direct quote of the statute's definition, offering no new interpretive insights.
  [ID: 2ea4e9fc-f2d6-445b-88c3-f62892166110] Reasoning: Mentions the independent economic value in the context of a functional test from a case, but does not provide significant interpretive depth or application.
  [ID: 75359620-e153-4633-b01d-146edc5152b5] Reasoning: States that a reasonable jury could not conclude that the Technology derives independent economic value, but lacks further context or application.
  [ID: 264e620f-2428-43cb-a9f3-58b209f4a8f7] Reasoning: Discusses the unclear status of independent economic value in a specific context, but does not provide a clear application or legal analysis.
  [ID: 7eb2a445-3e9b-46db-a373-1d1303184d26] Reasoning: Directly quotes the statutory definition of independent economic value without adding interpretive context or application.
  [ID: b88f3134-4aed-4aaa-a86f-5f61302bbcd5] Reasoning: Repeats the statutory definition of a trade secret, including independent economic value, without providing new insights or applications.
  [ID: f886455a-cc8c-4f87-a618-5981c4c52694] Reasoning: Similar to previous entries, this sentence reiterates the statutory definition without adding interpretive value.
  [ID: 7684b9ce-dd84-4cdf-a134-3a7051b311e9] Reasoning: Another reiteration of the statutory definition of trade secret, including independent economic value, lacking any interpretive context.
  [ID: f413d75d-e88b-4208-bf47-78a9ee5aa7ca] Reasoning: Reiterates the statutory language regarding independent economic value without providing any new insights.
  [ID: 680bbd8d-ffaa-4d24-ad2d-8ec1f6f010eb] Reasoning: Describes the definition of a trade secret in Virginia, including independent economic value, but does not add interpretive context.
  [ID: 7d948897-6085-4c2f-8210-f9692e4d5280] Reasoning: Reiterates the statutory language regarding independent economic value without providing any new insights.
  [ID: 20e4dee1-6814-4fea-891c-3ccd78c57ce0] Reasoning: Reiterates the statutory language regarding independent economic value without providing any new insights.
  [ID: f253d371-4710-4150-88ac-897f5d2632d9] Reasoning: Discusses the legal inquiry regarding independent economic value in a specific case, providing some context but lacking depth.
  [ID: 939ff596-b8eb-4932-a00a-f9bf6a66fdb1] Reasoning: Indicates that a customer spreadsheet could be considered a trade secret based on independent economic value, providing some application context.
  [ID: df7af329-9412-4195-bde1-cd3018b5867d] Reasoning: Describes how a specific customer spreadsheet provides independent economic value, offering a concrete example of application.
  [ID: 394a9e2c-6044-4ef5-a7cd-7efd82e30d68] Reasoning: Cites a case where independent economic value is discussed in the context of television episodes, providing a specific application.
  [ID: abded859-7598-4515-9c17-0d8bc59106e8] Reasoning: Applies the independent economic value test to a specific case regarding photos, providing context and application.
  [ID: a0103d5f-67bc-464b-9da3-05446be69b54] Reasoning: Discusses the application of the independent economic value test in determining the number of works, providing interpretive context.
  [ID: 16eb83e6-547c-4a32-8493-5e5498536d46] Reasoning: Mentions how courts have applied the independent economic value test to determine compilations, providing relevant context.
  [ID: 90162415-1558-4f20-b050-0917fecd0d12] Reasoning: Cites specific cases applying the independent economic value test, providing concrete examples of its application.
  [ID: 47868fa8-c492-45bd-bbc0-5167a35a4465] Reasoning: Discusses a case where the independent economic value test was applied to determine separate works, providing relevant context.
  [ID: 2f45dc5a-d97c-4536-b1c5-37a7c3cc8472] Reasoning: Analyzes the implications of independent economic value in the context of statutory damages, providing critical interpretive guidance.
  [ID: 586d8b9e-4347-4b7c-a7a1-1ff21935980c] Reasoning: Discusses the scope of the independent economic value test, providing interpretive context and implications for legal analysis.
  [ID: 999e4aac-4716-48df-b22b-3e0a6af6394e] Reasoning: Mentions how courts consider marketing in relation to independent economic value, providing relevant interpretive context.
  [ID: db8861a5-868b-46d8-8a37-294ae30597f7] Reasoning: Notes that multiple circuits have adopted the independent economic value test, indicating its significance in legal interpretation.
  [ID: ff8d6df5-64e1-45a9-9638-31273996ec77] Reasoning: Cites a case discussing the independent economic value test, providing context and application relevant to statutory interpretation.
  [ID: 5d8e52f2-06f4-4134-9fe8-3a0007f9251e] Reasoning: Direct quote of the statute. No interpretive value beyond the statute itself.
  [ID: 3f9662eb-b057-419b-a347-ac819d7913d2] Reasoning: Mentions the California Uniform Trade Secrets Act and its prohibition against misappropriation, providing context for the application of 'independent economic value'.
  [ID: 39935cca-f7b8-4f7e-bbf3-8aef4768f57d] Reasoning: Reiterates the definition of a trade secret but does not add new interpretive context or application.
  [ID: fdce4ab4-4a76-4e08-bd4e-71b5448972d8] Reasoning: Direct quote of the statute. No interpretive value beyond the statute itself.
  [ID: 69940ed7-07de-443c-b2c6-8a9caa6a9ed9] Reasoning: Discusses the concept of information becoming 'stale', indicating a practical application of the term 'independent economic value' in a legal context.
  [ID: ec74a1e7-3f7d-4b10-a739-77622cea00ff] Reasoning: Directly quotes the statute without adding new interpretive context.
  [ID: 47340eff-443b-4d2b-96ad-861a55762c3e] Reasoning: Direct quote of the statute. No interpretive value beyond the statute itself.
  [ID: 087f9855-d62e-4de2-a2bd-4ead9e493ea5] Reasoning: Provides a definition of a trade secret under the Minnesota Uniform Trade Secrets Act, adding context to the application of 'independent economic value'.
  [ID: 86ba8b75-064e-4ae6-8384-05d53db05b30] Reasoning: Direct quote of the statute. No interpretive value beyond the statute itself.
  [ID: 30156c24-4180-4387-af7b-951d2f8c93f8] Reasoning: Cites the definition of 'trade secret' under OUTSA, providing context for the application of 'independent economic value'.
  [ID: 75d88c64-a6d0-46ea-984f-08ff7a593985] Reasoning: Describes a specific case where client lists have independent economic value, illustrating the application of the term in a real-world context.
  [ID: 63f90b41-0511-48d9-8b71-a1e60fa6c3f5] Reasoning: Direct quote of the statute. No interpretive value beyond the statute itself.
  [ID: 95cf7918-fbdb-49fc-9538-620a66b0330c] Reasoning: Discusses the requirements for qualifying as a trade secret, providing context for the application of 'independent economic value'.
  [ID: d4c1025a-76cb-453d-9870-7450329a1885] Reasoning: Analyzes a claim under the Kansas Uniform Trade Secrets Act, discussing the lack of evidence for independent economic value, which provides context for the term's application.
  [ID: 328522c7-83fe-49ac-bcf1-e1137146600e] Reasoning: Cites the MUTSA definition, providing context for the application of 'independent economic value'.
  [ID: a41c4504-6d59-4165-9b04-c06afd435088] Reasoning: Direct quote of the statute. No interpretive value beyond the statute itself.
  [ID: 8668d7cb-0c8e-44c7-83bb-362a0d97040f] Reasoning: Discusses the importance of demonstrating independent economic value in legal analysis, providing critical interpretive guidance.
  [ID: 048fe8c6-a968-4bce-ad71-a496e2d169a8] Reasoning: Direct quote of the statute. No interpretive value beyond the statute itself.
  [ID: 64149b7c-4501-49aa-9e92-df00bab22084] Reasoning: States that the information had independent economic value, providing context for the application of the term in a legal dispute.
  [ID: ed9a1ec9-668f-445e-a43a-599325a71fd0] Reasoning: Direct quote of the statute. No interpretive value beyond the statute itself.
  [ID: 60192c7b-7f34-48af-82b5-90e57a7d269b] Reasoning: Direct quote of the statute. No interpretive value beyond the statute itself.
  [ID: 6329dc78-e4c8-4691-bdf1-3a58ff79cd9f] Reasoning: Summarizes the requirements for trade secret status, providing context for the application of 'independent economic value'.
  [ID: 96a22212-0415-48f6-a532-277e5ca69688] Reasoning: Cites the Minnesota Supreme Court's requirements for trade secrets, providing context for the application of 'independent economic value'.
  [ID: db7c3da5-4cf4-49b4-a182-95bc3e0e5b61] Reasoning: Indicates that the court assumes independent economic value exists, providing context for the application of the term in a legal decision.
  [ID: e68da141-a5a2-42a5-a3bb-7dbc40d62a30] Reasoning: Direct quote of the statute. No interpretive value beyond the statute itself.
  [ID: cb623331-3ee0-4c69-85f5-8aefa8540fcc] Reasoning: This sentence paraphrases the definition of 'Proprietary Information' and includes the phrase 'independent economic value' but does not provide any new interpretive context or application.
  [ID: ba1cde3a-a733-4249-b5e5-9b9d068246eb] Reasoning: This sentence is a direct repetition of the statutory language regarding independent economic value without any additional context or application.
  [ID: 98e471da-5d31-4a7b-bdba-f6300a8a11d0] Reasoning: This sentence is identical to the previous one, providing no new information or context.
  [ID: 3f3bd823-99f1-4b94-bf89-8f659f657ea7] Reasoning: This sentence explains that independent economic value must afford a competitive advantage, adding interpretive context to the term.
  [ID: 1acbdd46-9981-4e95-8115-2ca4242cf82a] Reasoning: This sentence provides a simplified explanation of independent economic value, indicating its usefulness to competitors, which adds some interpretive depth.
  [ID: 9cd40f05-ed28-4c61-9198-1026d69528e8] Reasoning: This sentence cites a Minnesota Supreme Court ruling that interprets independent economic value, providing a specific legal precedent that aids understanding.
  [ID: 8dd9cfe5-e24c-4260-bba5-55c184e6eba7] Reasoning: This sentence states that a jury could conclude that trade secrets have independent economic value, but lacks specific context or application.
  [ID: 8c2c98fd-e495-4b8b-8a38-85a688541715] Reasoning: This sentence provides a specific example of how designs could have independent economic value, adding context to the term.
  [ID: 0d04953f-ace4-4555-937b-d9ade5924bb7] Reasoning: This sentence references a case where information had independent economic value, providing a concrete example that aids interpretation.
  [ID: 127da7ae-18c2-435a-9a44-80005ba274a7] Reasoning: This sentence discusses how testimony could support a finding of independent economic value, providing context for its application.
  [ID: 41871e49-a656-4aa8-908e-17bf0ce9ac10] Reasoning: This sentence explains how testimony supports the independent economic value element, adding context to its application.
  [ID: dd0a1d13-d202-4920-96c8-1761fed3dd28] Reasoning: This sentence presents a counterargument regarding independent economic value, which adds context to the discussion.
  [ID: 1271e019-9279-4014-b476-b60cdcfdce32] Reasoning: This sentence clarifies that independent economic value does not require complete refinement, which is a useful interpretive point.
  [ID: bd682ba8-2fd0-45d7-ad88-488442b7d63e] Reasoning: This sentence describes confidential client information as having independent economic value, providing context for its application.
  [ID: e3e0ba7f-7147-47cc-904f-4ed59b968ed2] Reasoning: This sentence is a repetition of statutory language regarding independent economic value, providing no new information.
  [ID: 59358c51-981a-4ba2-b4da-ec7f4c1592d8] Reasoning: This sentence is a repetition of statutory language regarding independent economic value, providing no new information.
  [ID: 6c234cc1-1c55-431a-bc52-a41a71eed1d3] Reasoning: This sentence discusses the court's role in determining independent economic value, adding context to its application.
  [ID: 3c27f93f-d063-4c2f-8c26-99a91638bb5f] Reasoning: This sentence is a repetition of statutory language regarding independent economic value, providing no new information.
  [ID: 2cd4e595-7c79-4046-a4bc-403d3b4829ef] Reasoning: This sentence is a repetition of statutory language regarding independent economic value, providing no new information.
  [ID: 60c02a58-b9b0-43ef-90ee-f54513231e09] Reasoning: This sentence is a repetition of statutory language regarding independent economic value, providing no new information.
  [ID: 19013fde-d712-4623-a377-14a104ea9820] Reasoning: This sentence is a repetition of statutory language regarding independent economic value, providing no new information.
  [ID: db650b09-b50d-471b-a4d4-1c364e9a548a] Reasoning: This sentence outlines the three-part test for trade secrets, including independent economic value, providing a useful framework for understanding its application.
  [ID: 891cab9c-fb4e-484a-b164-a4ef13c63907] Reasoning: This sentence indicates that there is a factual question regarding independent economic value, which adds context to its application.
  [ID: 0f1fd6ae-958f-43bd-9c10-797c74eb51b5] Reasoning: This sentence discusses the independent economic value of labels and brands, providing a specific context that aids interpretation.
  [ID: cbca6bbc-392c-47ed-bc14-2eab1bf52b77] Reasoning: This sentence provides a factual basis for the proposition that labels and brands have independent economic value, but lacks deeper interpretive context.
  [ID: 89b3251f-98c8-47a0-bf11-8486145ba590] Reasoning: Direct quote of the statute regarding independent economic value. No interpretive value beyond the statute itself.
  [ID: f9e32498-a60e-4146-867a-d084807702ad] Reasoning: Another direct quote of the statute. It does not provide any new information or context.
  [ID: 5a3ad8fc-c4f4-435d-b75a-668d9adbe138] Reasoning: This sentence provides a clear application of the term 'independent economic value' in the context of Virginia law, outlining the necessary elements for a trade secret claim.
  [ID: 883681e1-179a-441f-8549-1e4d29d10089] Reasoning: This sentence explains the definition of a trade secret under the Wisconsin Uniform Trade Secrets Act, including the concept of independent economic value, thus providing interpretive context.
  [ID: eb6dbf19-5850-4196-b18c-e16594cd5369] Reasoning: This sentence discusses a legal ruling regarding the independent economic value of a settlement term, providing context on how the term is applied in legal proceedings.
  [ID: 0afee1af-14c8-40c8-8ac7-271da5e2172e] Reasoning: This sentence discusses a court's ruling on trade secrets, specifically addressing the independent economic value of certain information under California law, which adds interpretive context.
  [ID: 1008274b-3547-497f-a834-b9685f011c8d] Reasoning: This sentence indicates a court's finding regarding the independent economic value of a specific trade secret, providing practical application of the term.
  [ID: bd2fd349-09a0-47d9-bdb0-b22db3e6053d] Reasoning: Another direct quote of the statute. It does not provide any new information or context.
  [ID: 83eace5b7fa6-4c28-8758-a0fc754059dc] Reasoning: This sentence is a direct quote of the statute. It does not provide any new information or context.
  [ID: f311ec04-6de8-4062-b74c-08f39815a34b] Reasoning: This sentence is a direct quote of the statute. It does not provide any new information or context.
  [ID: 5fd1a894-598e-4c33-8cd4-dec731d402c6] Reasoning: This sentence discusses a legal argument regarding the independent economic value of a username and passcode combination, providing context on how the term is applied in a specific case.
  [ID: 747cd0a6-49e5-4573-91aa-bd4e77feb38e] Reasoning: This sentence discusses a plaintiff's claim regarding the independent economic value of a username and passcode, providing context on how the term is applied in a specific case.
  [ID: 4031e01d-39da-419a-84f4-2deeaac5a2e2] Reasoning: This sentence is a direct quote of the statute. It does not provide any new information or context.
  [ID: 1702453d-a722-4c4d-9cc6-04d8cbb745b5] Reasoning: This sentence provides a method for demonstrating independent economic value through circumstantial evidence, adding interpretive depth.
  [ID: 5dc35be9-74e2-4fca-b604-470b10bc67e2] Reasoning: This sentence discusses the concept that information can have independent economic value even without a market product, providing interpretive context.
  [ID: 81a7ec13-3b2d-472e-947b-0e83de8902e2] Reasoning: This sentence explains that independent economic value can arise from negative findings, providing a nuanced understanding of the term.
  [ID: 6ecca6e9-bead-4fb5-b24b-468fca1e2b30] Reasoning: Another direct quote of the statute. It does not provide any new information or context.
  [ID: 3947fdc8-a4ab-4df3-a6c0-3d0f21d952a9] Reasoning: This sentence is a direct quote of the statute. It does not provide any new information or context.
  [ID: edeaa844-abad-46df-8176-69d01a0738d1] Reasoning: This sentence is a direct quote of the statute. It does not provide any new information or context.
  [ID: 7f2b23fd-f7ef-4493-87a3-a547bc069387] Reasoning: This sentence is a direct quote of the statute. It does not provide any new information or context.
  [ID: a0512fe1-dd10-4faa-b19f-e7b6e123bd27] Reasoning: This sentence discusses a lack of evidence for independent economic value in a specific case, providing context on how the term is applied in legal arguments.
  [ID: f92991dc-be31-41c0-9492-c1476ad3fb98] Reasoning: Another direct quote of the statute. It does not provide any new information or context.
  [ID: 823482a0-043c-4a23-9f19-8453f5c41f53] Reasoning: This sentence is a direct quote of the statute. It does not provide any new information or context.
  [ID: 7b161b73-96ad-478c-9469-33c4af5eb0c2] Reasoning: This sentence provides a definition of a trade secret under the Wisconsin Uniform Trade Secrets Act, including the concept of independent economic value, thus providing interpretive context.
  [ID: 1c5d220d-f470-4c94-91cf-15831afd8585] Reasoning: This sentence discusses a court case that illustrates independent economic value in the context of copyright and trade secrets, providing practical application of the term.
  [ID: 56b9141c-e763-4bf1-a18f-8fe07029ca5c] Reasoning: This sentence is a paraphrase of the statutory definition of trade secret, specifically reiterating the criteria for independent economic value without adding any new interpretive context.
  [ID: ef49874a-0078-4649-9f17-9083080dde62] Reasoning: This sentence is a direct repetition of the statutory language regarding independent economic value, providing no additional context or interpretation.
  [ID: 23eaf309-808c-4334-9ab3-ada30e5aa5fa] Reasoning: This sentence discusses the failure to prove independent economic value in a legal context, which adds interpretive depth regarding the application of the term in litigation.
  [ID: 584e6c3b-b5b9-4d2a-a031-95f813efa292] Reasoning: This sentence explains the conditions under which information qualifies as a trade secret, including independent economic value, thus providing context for its application.
  [ID: 1651e1b5-bc5f-4bd9-ab4e-24bad9b40705] Reasoning: This sentence is a direct quote of the statutory definition of trade secret, offering no new interpretive value beyond the statute itself.
  [ID: a9149c4d-e349-4241-a338-2729a17ab4ba] Reasoning: This sentence is a direct quote of the statutory definition of trade secret, providing no additional context or interpretation.
  [ID: 440315b4-9e62-47ca-8d73-c5e384d8afa0] Reasoning: This sentence is a direct repetition of the statutory language regarding independent economic value, offering no new insights.
  [ID: 41ec9570-fb6e-40a5-8101-adf48562519a] Reasoning: This sentence is a direct quote of the statutory definition of trade secret, providing no additional interpretive value.
  [ID: 29c532b4-0a23-40d9-8f49-28806274786f] Reasoning: This sentence is a direct quote of the statutory definition of trade secret, offering no new interpretive context.
  [ID: c089d01a-d982-489d-a4dc-2d13dae8e87d] Reasoning: This sentence is a partial repetition of the statutory language regarding independent economic value, providing no additional context.
  [ID: 126579f5-b9ed-4fc6-adff-42b2f343572c] Reasoning: This sentence discusses a court's conclusion regarding the CSS technology's trade secrets, providing context on how independent economic value is assessed in practice.
  [ID: d6fc772f-efbb-4750-a9c8-76344332970d] Reasoning: This sentence is a partial repetition of the statutory language regarding independent economic value, providing no new insights.
  [ID: 0d1b8573-3204-4f43-a739-c8895bdf172c] Reasoning: This sentence explains the criteria for qualifying as a trade secret under MUTSA, including independent economic value, thus providing context for its application.
  [ID: be8befd9-aba2-4ba8-821a-e31647ea7029] Reasoning: This sentence discusses the lack of evidence for independent economic value, providing context on how this term is evaluated in practice.
  [ID: 4c3df601-20fa-435b-a5cd-db59b3429294] Reasoning: This sentence discusses the court's conclusion regarding the independent economic value of certain documents, providing context on how this term is applied in legal analysis.
  [ID: 79d30f78-36a0-4306-a7eb-20fc7a0c09f6] Reasoning: This sentence is a direct quote of the statutory definition of trade secret, providing no additional interpretive value.
  [ID: d135329b-3516-4e7b-9dbf-e2c9caa6311c] Reasoning: This sentence is a partial repetition of the statutory language regarding independent economic value, providing no new insights.
  [ID: 50391fa6-ee7f-41f0-8026-859aa25240fb] Reasoning: This sentence explains the criteria for qualifying as a trade secret, including independent economic value, thus providing context for its application.
  [ID: 7bbfaa10-1179-45cf-8ad5-eca3acf926a4] Reasoning: This sentence discusses the KPICS System's independent economic value in a legal context, providing interpretive depth regarding its application.
  [ID: 296701e5-7d0f-41f2-a829-ddfa775422a4] Reasoning: This sentence discusses the criteria for determining whether information is a trade secret, specifically focusing on independent economic value, thus providing context for its application.
  [ID: 9f8959a7-c9b3-45d1-bb6b-689b90bbd56d] Reasoning: This sentence discusses the reliance on expert testimony regarding independent economic value, providing context on how this term is evaluated in practice.
  [ID: f4739584-14e1-4d00-958f-20b10b982ed7] Reasoning: This sentence discusses the potential for a jury to find independent economic value without expert testimony, providing context on how this term is applied in legal proceedings.
  [ID: e687e59d-6a75-4333-8348-86e199294fdf] Reasoning: This sentence is a partial repetition of the statutory language regarding independent economic value, providing no new insights.
  [ID: dd2d2403-d4d1-4576-a891-c2f38504aeef] Reasoning: This sentence discusses the sufficiency of evidence regarding independent economic value, providing context on how this term is evaluated in legal disputes.
  [ID: 8d6384f2-b7f1-431f-8410-bfe787a570a5] Reasoning: This sentence discusses the arguments regarding independent economic value, providing context on how this term is evaluated in legal arguments.
  [ID: 6bc69a8a-0536-4636-8934-5cb072ad1f4c] Reasoning: Cites cases related to negligence claims, but does not provide any new interpretive context regarding 'independent economic value'.
  [ID: 34cdec1e-838a-4f48-bcef-726fcf12c1ff] Reasoning: Directly quotes the statute's definition of a trade secret, including the phrase 'independent economic value', without adding interpretive context.
  [ID: 0a438703-bc04-47db-8c35-eb82aa175ca7] Reasoning: States that Technical's capability has independent economic value, but lacks further context or explanation of how this applies legally.
  [ID: 2f729099-48b4-4b58-8c83-5e845760350f] Reasoning: Repeats the statutory language regarding independent economic value without providing any new insights or applications.
  [ID: b0879259-b68c-4f1b-80ca-2c877cd4df88] Reasoning: Reiterates the statutory definition of independent economic value without adding any interpretive context.
  [ID: 8026244f-e535-4cf4-853b-712e9e87d4b4] Reasoning: Similar to the previous sentence, it repeats the statutory language without any new interpretive value.
  [ID: b9335773-2369-4b60-849c-1fdc565b4ec7] Reasoning: Directly quotes the definition of a trade secret, including the phrase 'independent economic value', without providing additional context.
  [ID: a5ed17a7-bf6f-4e76-a51b-7bffb8141f47] Reasoning: Cites a case that implies independent economic value but does not elaborate on its significance or application.
  [ID: 6dd84084-7c77-4a20-a79a-eb7ceeb83aac] Reasoning: Repeats the statutory language regarding independent economic value without providing any new insights or applications.
  [ID: c005788c-3025-447e-b477-cf7a16bb3eae] Reasoning: Reiterates the statutory definition of independent economic value without adding any interpretive context.
  [ID: a327d02b-4096-408a-a9db-e0e00b325965] Reasoning: Repeats the statutory language regarding independent economic value without providing any new insights or applications.
  [ID: 266f185d-753a-4b25-98e8-ccfdcd7b9b66] Reasoning: Directly quotes the definition of a trade secret under Maine law, including the phrase 'independent economic value', without adding interpretive context.
  [ID: 2819e8cc-b14b-406e-af22-5e0410f73a5e] Reasoning: Cites the definition of a trade secret under MUTSA, repeating the statutory language without providing additional context.
  [ID: ccf6225c-7cb5-4f35-8f64-c1ec6295e4d4] Reasoning: Repeats the statutory language regarding independent economic value without providing any new insights or applications.
  [ID: c4118695-39e6-425d-b5a9-93c5004d60a5] Reasoning: Repeats the statutory language regarding independent economic value without providing any new insights or applications.
  [ID: 538684dc-3394-4700-aa0d-c0766b055296] Reasoning: Cites the definition of a trade secret under the Oklahoma Act, repeating the statutory language without providing additional context.
  [ID: aab4f44c-6169-4957-8bd1-4c78a6a2952d] Reasoning: Repeats the statutory language regarding independent economic value without providing any new insights or applications.
  [ID: 5e17a01a-b0ee-45b1-9c9b-1e33249072d9] Reasoning: Cites cases that define 'independent economic value', but does not provide any new interpretive context or application.
  [ID: f1b46d3c-869e-4949-bf85-f9e824364674] Reasoning: States that SNI did not provide evidence of independent economic value, but lacks further context or explanation of how this applies legally.
  [ID: 1229b49a-6ea8-422a-a5b9-416295e0b1eb] Reasoning: Repeats the statutory language regarding independent economic value without providing any new insights or applications.
  [ID: 3c02a3f0-3e54-4ffc-a603-5c5e97b733cb] Reasoning: Mentions that Niemi's method derived independent economic value, but does not elaborate on its significance or application.
  [ID: d7c28f63-41ff-450b-8053-ee6b2aa0dfef] Reasoning: Repeats the statutory language regarding independent economic value without providing any new insights or applications.
  [ID: 486eeb97-af5c-46f6-bc61-d2570f1d0d84] Reasoning: Repeats the statutory language regarding independent economic value without providing any new insights or applications.
  [ID: 81ef2883-710f-4b73-a8da-f2a17afc5aaa] Reasoning: Cites the definition of a trade secret under North Dakota law, repeating the statutory language without providing additional context.
  [ID: 74a5f63e-bae9-408b-90af-2fef9208b059] Reasoning: Repeats the statutory language regarding independent economic value without providing any new insights or applications.
  [ID: ca1f722c-368a-48d9-8ced-c128b7feb433] Reasoning: This sentence paraphrases the definition of a trade secret, specifically focusing on the aspect of independent economic value. It does not provide any new interpretive context or application.
  [ID: 61a32817-e9ad-4e7a-be6c-999444743a63] Reasoning: This sentence discusses the concept of independent economic value in the context of derivative works, but it does not clarify or expand on the term itself in relation to trade secrets.
  [ID: 95b400ae-702f-4ac2-97f1-10323ae24a91] Reasoning: This sentence mentions independent economic value in relation to solutions manuals, but it does not provide a clear application or interpretation of the term in the context of trade secrets.
  [ID: 81419717-6a33-4422-bb98-1ad75a7d1144] Reasoning: This sentence references a case that used the term 'no independent economic value' in a specific legal context, but it does not clarify the term's application to trade secrets.
  [ID: 2b621c9b-f21e-43d1-be22-35770a9cd476] Reasoning: This sentence discusses a test focusing on independent economic value but lacks specific context or application to trade secrets, making it less valuable.
  [ID: 42244d97-a762-4724-b909-a3b35aa69c47] Reasoning: This sentence states that the Second Circuit has not adopted the independent economic value test, which provides some interpretive context but lacks depth in application.
  [ID: db03cc2c-7863-4515-abcf-a4b27d3d1d36] Reasoning: This sentence is a direct quote from the statute regarding independent economic value, providing no new interpretive context.
  [ID: 1086d4a7-d15d-4618-932d-d1d4137eb2cd] Reasoning: This sentence is a direct quote from the statute regarding independent economic value, providing no new interpretive context.
  [ID: 139d4293-7e74-4141-93b2-71db509f3488] Reasoning: This sentence provides a definition of trade secrets that includes independent economic value, but it is largely redundant with the source statute.
  [ID: bf5fecf6-1939-4637-98d9-0f52ad0f4c7d] Reasoning: This sentence is a direct quote from the Uniform Trade Secrets Act, repeating the definition of trade secret without adding interpretive value.
  [ID: 22cde999-b834-4e40-9db6-359375006b0e] Reasoning: This sentence is a direct quote of the statute defining trade secrets, providing no new interpretive context.
  [ID: 16550094-ac98-48e7-98c2-96a3ef8e3a38] Reasoning: This sentence explains that information does not need to be classified to be a trade secret, which adds some interpretive context regarding independent economic value.
  [ID: 80859061-d796-4bc7-9f6f-63e4129a06a6] Reasoning: This sentence is a direct quote from the statute regarding independent economic value, providing no new interpretive context.
  [ID: 5d210ab5-29a5-42e1-853f-2e69ea194b68] Reasoning: This sentence discusses a failure to identify a trade secret based on independent economic value, providing some context but lacking depth.
  [ID: ee8e5517-e609-42f7-be98-aaac88176178] Reasoning: This sentence provides an example of a company deriving independent economic value from trade secrets, adding context to the application of the term.
  [ID: cff466ab-f016-450f-ba0b-39edf073c4aa] Reasoning: This sentence is a direct quote from the statute defining trade secrets, providing no new interpretive context.
  [ID: f7e14947-9d27-46f6-97cd-eb5f7c51ccac] Reasoning: This sentence states that certain information does not derive independent economic value, which provides some interpretive context but lacks depth.
  [ID: 3acf9d0e-a102-4e3b-aae1-ed241fcea267] Reasoning: This sentence discusses independent economic value in the context of product labeling, which is somewhat tangential to trade secrets.
  [ID: 3ee4728e-ef94-4fee-a7ed-36e005bef3a9] Reasoning: This sentence is a direct quote from the statute defining trade secrets, providing no new interpretive context.
  [ID: 5e2dc48b-05f7-43ef-a799-a2d854a90077] Reasoning: This sentence is a direct quote from the statute regarding independent economic value, providing no new interpretive context.
  [ID: fbb35783-3ed4-47e1-8d7e-51b9c9814505] Reasoning: This sentence is a direct quote from the statute defining trade secrets, providing no new interpretive context.
  [ID: 1019a437-1ced-4411-a3f7-dbf14c94d9f9] Reasoning: This sentence is a direct quote from the statute regarding independent economic value, providing no new interpretive context.
  [ID: 34e6921e-86c9-4d56-9ba4-be5a7176f79e] Reasoning: This sentence is a direct quote from the statute defining trade secrets, providing no new interpretive context.
  [ID: 7a7d6f51-c838-44aa-9e7e-ae92772b395a] Reasoning: This sentence is a direct quote from the statute defining trade secrets, providing no new interpretive context.
  [ID: 4e15c64a-2d52-4185-ad5a-5cb5448425f8] Reasoning: This sentence discusses costs and pricing information as trade secrets, which provides some context for independent economic value in a practical application.
  [ID: 772b77ee-d5a8-47d0-b20a-ff48d8ecd51a] Reasoning: This sentence reiterates the four characteristics of a protectable trade secret, including the independent economic value, without providing any new interpretive context.
  [ID: ac493d81-451b-4979-8523-cc2322fa8e5e] Reasoning: This sentence is a straightforward restatement of the definition of a trade secret, including the independent economic value aspect, and does not add any interpretive depth.
  [ID: de3667aa-8dd9-47ff-927b-e60357a983f3] Reasoning: This sentence provides a direct quote of the statutory definition of trade secret, including the independent economic value, without any additional context or interpretation.
  [ID: 8d803e49-2aa0-4176-ac94-1fde8bfea65d] Reasoning: This sentence repeats the four characteristics of a protectable trade secret, including independent economic value, without offering any new insights or applications.
  [ID: 570f4c07-abc0-4192-80c2-2e8bb017fa71] Reasoning: This sentence is a fragment that repeats the statutory language regarding independent economic value without providing any additional context or analysis.
  [ID: 829f8514-5b0d-40ca-9781-4ad6b4630c76] Reasoning: This sentence mentions independent economic value in the context of an appeal but does not elaborate on its significance or application, making it largely redundant.
  [ID: 6a620646-9ad3-4dca-bb82-c165a1abe498] Reasoning: This sentence is another fragment that repeats the statutory language regarding independent economic value without any interpretive context.
  [ID: 32b5f933-dd6f-430d-bbc6-dd44d9137c76] Reasoning: This sentence is a repetition of the statutory language regarding independent economic value, providing no new insights or applications.
  [ID: 61e06841-e429-4b02-b495-a18aac8c3a96] Reasoning: This sentence explains the requirements for information to be considered a trade secret under MUTSA, including independent economic value, providing some interpretive context.
  [ID: 9d4d1c71-03de-4b8b-acd4-e943fc6529e7] Reasoning: This sentence discusses a specific case where the judge determined that certain documents lacked independent economic value, providing a practical application of the concept.
  [ID: ecb37af6-f8cd-4e39-b516-8f2867a52cb4] Reasoning: This sentence is another fragment that repeats the statutory language regarding independent economic value without any interpretive context.
  [ID: 1acd098e-1f6d-4a4d-a5db-cb6b22dff53f] Reasoning: This sentence provides a direct quote of the statutory definition of trade secret, including independent economic value, without any additional context or interpretation.
  [ID: c47a038b-cf8a-4761-9622-498eb75ef9d4] Reasoning: This sentence repeats the four characteristics of a protectable trade secret, including independent economic value, without offering any new insights or applications.
  [ID: 4533a56c-070c-4397-a531-cc8c9f5c325f] Reasoning: This sentence is another fragment that repeats the statutory language regarding independent economic value without any interpretive context.
  [ID: cbb102be-05f9-40ae-96ac-6e5daeadb406] Reasoning: This sentence provides a direct quote of the statutory definition of trade secret, including independent economic value, without any additional context or interpretation.
  [ID: 0ac413cc-64ba-4df0-8c3c-a8bc42f1ca1f] Reasoning: This sentence reiterates the four characteristics of a protectable trade secret, including independent economic value, without providing any new interpretive context.
  [ID: 43a9174e-a356-4486-9b2c-c814bce567e3] Reasoning: This sentence provides a direct quote of the statutory definition of trade secret, including independent economic value, without any additional context or interpretation.
  [ID: 100d3483-9b9d-49ad-afd9-b3707eec1e1a] Reasoning: This sentence is another fragment that repeats the statutory language regarding independent economic value without any interpretive context.
  [ID: 889558f9-55a7-49b7-9e35-712eccb029de] Reasoning: This sentence is another fragment that repeats the statutory language regarding independent economic value without any interpretive context.
  [ID: 6de6c00d-febc-4dc7-a68f-b2dcc005bb24] Reasoning: This sentence is another fragment that repeats the statutory language regarding independent economic value without any interpretive context.
  [ID: ea83b3ed-0a40-4b61-aac9-defcc0d0dc6b] Reasoning: This sentence is another fragment that repeats the statutory language regarding independent economic value without any interpretive context.
  [ID: fb7be068-aeec-4dc7-aaaf-9fdd081ef384] Reasoning: This sentence provides a direct quote of the statutory definition of trade secret, including independent economic value, without any additional context or interpretation.
  [ID: 20743933-9a13-434d-b7ed-a509f2c49bfd] Reasoning: This sentence reiterates the four characteristics of a protectable trade secret, including independent economic value, without providing any new interpretive context.
  [ID: 3547bde6-7c03-454e-8514-be072dbdba10] Reasoning: This sentence provides a direct quote of the statutory definition of trade secret, including independent economic value, without any additional context or interpretation.
  [ID: 1284826c-714f-41e3-948d-2aadf73a8bf1] Reasoning: This sentence summarizes the definition of a protectable trade secret, including independent economic value, but does not provide any new insights or applications.
  [ID: 6f910c53-c3ab-4de9-86df-b25415da7313] Reasoning: This sentence states that the information had independent economic value and was not readily ascertainable, but it does not provide any new interpretive context or application beyond the statute.
  [ID: 7cb7b5d4-78ed-4df5-8805-c29c0b22a265] Reasoning: This sentence requires Hot Stuff to show facts about independent economic value and secrecy efforts, but it does not add any new interpretive context or application.
  [ID: 7a06b9f5-c938-4012-9185-401b046f84b7] Reasoning: The D.C. Circuit's finding about the co-promotion agreement having independent economic value is relevant, but it lacks depth in explaining how this impacts the legal interpretation of trade secrets.
  [ID: 7565e895-6e54-4136-b408-3bfb4a504ac6] Reasoning: This sentence discusses the treatment of a settlement term with independent economic value in the context of work product protection, providing some interpretive context.
  [ID: 039a2c24-2200-4cbd-9334-b58fa4addc37] Reasoning: This sentence is a direct quote of the statute and adds no new interpretive value.
  [ID: c2aaf484-0731-49d8-8e24-b7c65fabd8fa] Reasoning: This sentence is another direct quote of the statute, providing no new information.
  [ID: c1c953b9-0e76-46e8-89b5-14538e028a72] Reasoning: This sentence references case law requiring proof of independent economic value, but it does not provide further context or application.
  [ID: 322e4a29-7fcd-409e-95ee-3de14030ce9a] Reasoning: This sentence explains that beyond independent economic value, reasonable efforts to maintain secrecy must also be shown, adding some interpretive context.
  [ID: aa906717-10f0-4229-890a-4fa6cf0685dc] Reasoning: This sentence discusses the MAP process and its economic value, suggesting a reevaluation of its practicality, which adds interpretive depth.
  [ID: cce6dbdc-15fb-4d3d-9fc0-9460d2f9150b] Reasoning: This sentence states that certain information passes both prongs of the trade secret test, providing a clear application of the statute.
  [ID: 7cbe752b-597d-4b47-a538-a00f548e2ef3] Reasoning: This sentence mentions that the trade secrets have independent economic value, but it does not provide further context or application.
  [ID: b740f1f8-53b5-4f4d-baaf-47b8d8b6cae4] Reasoning: This sentence discusses the threat of irreparable harm from disclosure of trade secrets with independent economic value, providing some interpretive context.
  [ID: bc07f132-a0c2-4a02-9914-457ca83985d8] Reasoning: This sentence is a direct quote of the statute, providing no new interpretive value.
  [ID: c26f30cd-c91e-4126-a526-b1735fd3ed9d] Reasoning: This sentence is another direct quote of the statute, providing no new information.
  [ID: dbf29bec-eed7-46a6-859a-5f7b800e5aae] Reasoning: This sentence explains the requirements for trade secret protection, but it is largely a restatement of the statute.
  [ID: b480522d-cbac-4543-9c21-78d80e1e7165] Reasoning: This sentence is a direct quote of the statute, providing no new interpretive value.
  [ID: bf8baa14-8893-44f7-b2b1-a748b400a676] Reasoning: This sentence is a direct quote of the statute, providing no new interpretive value.
  [ID: 496b506c-cd5d-48ea-ad4d-d4d3eb0c4b41] Reasoning: This sentence states that scouting information is a trade secret with independent economic value, but it does not provide further context or application.
  [ID: edbd6f94-badf-4fd9-be7b-aa390e7cffe6] Reasoning: This sentence is a direct quote of the statute, providing no new interpretive value.
  [ID: 0f2a7a93-d640-46f5-a1b7-4c2024ec24af] Reasoning: This sentence is a direct quote of the statute, providing no new interpretive value.
  [ID: 76f142c7-1b24-4af6-be05-627ac09fe40f] Reasoning: This sentence presents evidence that technology has independent economic value, adding context about its non-readily ascertainable nature, which is relevant.
  [ID: e4797c5a-837c-4974-a857-6ccc267c1701] Reasoning: This sentence is a direct quote of the statute, providing no new interpretive value.
  [ID: b9570d4b-0557-48e6-a33f-a3885fe03cb8] Reasoning: This sentence is a direct quote of the statute, providing no new interpretive value.
  [ID: d58f9c22-9d43-4475-8b67-52071e183b51] Reasoning: This sentence is a direct quote of the statute, providing no new interpretive value.
  [ID: 94f0efe3-9ac3-4500-bee0-529ade48d2ec] Reasoning: This sentence summarizes the requirements for a trade secret under Minnesota law, but it is largely a restatement of the statute.
  [ID: 45c70400-2fff-4b3e-bfce-82100083b74a] Reasoning: Direct repetition of the statutory definition of 'independent economic value' without any additional context or application.
  [ID: c8464c96-2fca-42e9-a9dc-ecfda611b7f8] Reasoning: Another direct repetition of the statutory language regarding 'independent economic value' with no interpretive context.
  [ID: 0a40d126-8e43-4dba-b55d-4cc0d37679b3] Reasoning: Cites case law that requires proof of 'independent economic value', but does not provide further context or application.
  [ID: b626d5e2-6862-4139-aca0-016f9d04230d] Reasoning: Provides context from the Iowa Supreme Court indicating that 'independent economic value' is part of a broader requirement for trade secrets, adding interpretive depth.
  [ID: a04f3c1b-9b2f-41fd-8568-730a58b2357a] Reasoning: Discusses a specific case where the court evaluated 'independent economic value' in relation to trade secrets, providing practical application.
  [ID: e86e72ea-2736-4da3-8c72-e12b08e2014e] Reasoning: Repetition of the statutory definition of 'independent economic value' without any additional context or application.
  [ID: 96838641-f261-4721-b0cd-9b47aa8f9595] Reasoning: Mentions 'independent economic value' in the context of statutory damages for registered images, providing a specific application.
  [ID: 7813ad81-3d14-4880-8b10-f877af9935f0] Reasoning: Introduces the 'Independent Economic Value' Test, suggesting a framework for evaluating this concept, which adds interpretive value.
  [ID: 764ee5e5-eed8-4f5e-99df-bea18e9da5f4] Reasoning: Describes how the First Circuit applied a functional test regarding 'independent economic value', providing a specific judicial interpretation.
  [ID: ef3848d1-a2c5-4077-b7cf-c732111bdbcc] Reasoning: Notes that several circuits have adopted the 'independent economic value' test, indicating its relevance in different jurisdictions.
  [ID: af29e153-17e4-4a96-b258-e454b11b6ffb] Reasoning: States that the court will not create exceptions for 'independent economic value', indicating a strict interpretation of the statute.
  [ID: 8a7e7968-2bb7-4400-b99b-82461e9ad6c9] Reasoning: Discusses a case where the Second Circuit rejected the 'independent economic value' test, providing insight into judicial interpretation.
  [ID: 8b43da16-c0f9-4da1-bdb4-1cabcf7331f1] Reasoning: Indicates potential consequences of applying the 'independent economic value' test, which adds practical implications to the interpretation.
  [ID: 80ac3009-5b43-4b4a-8d0a-52d25594846e] Reasoning: Reiterates the statutory definition of a trade secret, including 'independent economic value', but does not add new interpretive context.
  [ID: 060cfe00-4d0a-491b-a7ac-47a9121e15b7] Reasoning: Repetition of the statutory definition of 'independent economic value' without any additional context or application.
  [ID: 024eee47-9795-46eb-b396-cfcdc1beba65] Reasoning: Direct repetition of the statutory definition of 'independent economic value' without any additional context or application.
  [ID: 818280c7-b60a-48c2-ae5c-e7f5116be2c1] Reasoning: Direct repetition of the statutory definition of 'independent economic value' without any additional context or application.
  [ID: 174fb153-9c1e-4368-bbf9-1360f15538dd] Reasoning: Discusses the lack of evidence for 'independent economic value' in a specific case, providing practical application of the concept.
  [ID: 593c2428-00e8-4cb7-8761-0dec66d75a66] Reasoning: Direct repetition of the statutory definition of 'independent economic value' without any additional context or application.
  [ID: ac4df4e1-c3ad-43a7-9892-ec962c1b417b] Reasoning: Reiterates the statutory definition of a trade secret, including 'independent economic value', but does not add new interpretive context.
  [ID: 7d24fd23-0431-47fc-bceb-731b6e94dffa] Reasoning: Discusses the lack of independent economic value in a specific context, providing practical application of the concept.
  [ID: 3f60f7ab-963b-47d4-9bee-8486b79a5102] Reasoning: Outlines the requirements under KUTSA, including 'independent economic value', providing a clear framework for understanding its application.
  [ID: a54b3bd8-0649-4784-8a73-ca86d6c0ff13] Reasoning: Describes a specific system that includes information with 'independent economic value', providing context for its application.
  [ID: 58d861ce-197e-4f7a-bc09-6c5d4714f1a5] Reasoning: Reiterates the statutory definition of a trade secret, including 'independent economic value', but does not add new interpretive context.
  [ID: be3e58ad-f512-4006-ad2b-1f9e9fd837c0] Reasoning: Poses relevant questions regarding the knowledge of the information and its economic value, which aids in understanding the application of 'independent economic value'.
  [ID: 6c189662-30fd-4345-99aa-09660665b946] Reasoning: This sentence paraphrases the definition of a trade secret, specifically reiterating the requirement of independent economic value without adding any new interpretive context.
  [ID: c93de872-98b0-49e2-ae81-32d5dbc0def8] Reasoning: This is a direct quote of the statute, providing no new information or context regarding the term 'independent economic value'.
  [ID: 65ac71c6-0a27-4e05-ba95-058fdaa02214] Reasoning: This sentence states that information is collected because it has independent economic value, but it lacks depth or context regarding how this value is determined or applied.
  [ID: e0c03990-3772-49a8-a368-d054ae94e3a1] Reasoning: This sentence asserts that the information in the documents has independent economic value but does not elaborate on how this value is established or its implications.
  [ID: 3d45347d-bef9-4703-b26f-7ad2435e5bc9] Reasoning: This sentence provides a definition of a trade secret that includes the requirement of independent economic value, but it is largely redundant with the statute and does not add interpretive context.
  [ID: 7946bfcc-10e0-412e-98c9-c87dd35463c4] Reasoning: This is another direct quote of the statute, repeating the definition of a trade secret without providing any new insights or applications.
  [ID: 67ff48f7-3bb7-401e-b69f-05f8576038e7] Reasoning: This sentence explains the criteria for information to be a trade secret under the MUTSA, but it does not provide new interpretive context beyond the statutory definition.
  [ID: e3a59bd6-633f-4631-81ec-59c867bd769c] Reasoning: This sentence describes the Honeybee Code's characteristics but does not provide new interpretive context regarding independent economic value.
  [ID: c7fa6e66-985f-4682-9b76-b69d09a75985] Reasoning: This sentence repeats the statutory requirement for independent economic value without adding any interpretive context or application.
  [ID: ba5b898f-0247-4156-b274-40a97d114c54] Reasoning: This sentence discusses the independent economic value of individual wedding photos, but it does not relate to the context of trade secrets or provide new insights.
  [ID: 91ff9a23-dde8-4922-bfb7-e7a94e4aef18] Reasoning: This is a direct quote of the UTSA definition of trade secret, providing no new information or context regarding independent economic value.
  [ID: 881f4d0c-84f7-48ec-b825-6b7ba73947c3] Reasoning: This sentence discusses the criteria for determining if information is a protectable trade secret but does not provide new interpretive context beyond the statutory definition.
  [ID: a7dce793-b064-4f83-bf3f-6bdb66eb049d] Reasoning: This sentence outlines the criteria for determining independent economic value but does not provide new insights or applications.
  [ID: cdb06893-48a6-4591-be7e-aea44ae3f260] Reasoning: This sentence reiterates the statutory requirement for independent economic value without adding any interpretive context or application.
  [ID: 3adffffd-dd6b-44a7-816e-dd775365254e] Reasoning: This sentence provides a definition of trade secret that includes independent economic value but is largely redundant with the statute.
  [ID: 27391220-fab3-4047-b34d-b0ea31a20d3c] Reasoning: This is another direct quote of a statutory definition, providing no new information or context regarding independent economic value.
  [ID: b8b532ba-0928-45f1-95de-e0b00dddfed4] Reasoning: This sentence outlines the requirements for protection of information as a trade secret but does not provide new interpretive context regarding independent economic value.
  [ID: 1a62ce49-40d6-489a-b61b-29ef7741262f] Reasoning: This sentence is a direct quote of the definition of trade secret, providing no new insights or applications regarding independent economic value.
  [ID: 919c9f7f-bb8f-477c-9681-41fc28deb317] Reasoning: This sentence repeats the statutory requirement for independent economic value without adding any interpretive context.
  [ID: a6ce71f5-060e-497d-9453-1e807d213c07] Reasoning: This sentence states that a compilation of data can be protected as a trade secret if it has independent economic value, but it lacks depth or context.
  [ID: dd19374e-250a-4d25-bb1f-907a62853eef] Reasoning: This sentence discusses a jury's finding regarding independent economic value but does not provide new interpretive context or application.
  [ID: b029c403-c46f-4739-9d64-a5508b4694f6] Reasoning: This sentence is a direct quote of the statute, providing no new information or context regarding independent economic value.
  [ID: e0af161a-6614-4ec7-a050-b2654171c637] Reasoning: This sentence repeats the statutory requirement for independent economic value without adding any interpretive context.
  [ID: 342889d8-c9d6-45bd-9718-4c149f9362bb] Reasoning: This sentence outlines the criteria for establishing that the Honeybee Code is a trade secret but does not provide new insights or applications.
  [ID: ba0e02d9-120e-4fc8-aa49-baf64afda106] Reasoning: This sentence discusses a legal argument regarding the independent economic value of the Honeybee Code but does not provide new interpretive context.
  [ID: 4264f8cd-1c20-4e35-9e9d-da2ea04b4462] Reasoning: This sentence discusses the legal standard for determining if information is a trade secret, specifically mentioning the requirement of independent economic value. However, it primarily reiterates the legal framework without providing new interpretive insights.
  [ID: 7d79eb0e-a26e-4c56-926c-f227b73a1247] Reasoning: This sentence states that the determination of independent economic value is a question of fact for the jury, but it does not elaborate on how this is assessed or its implications, offering minimal interpretive depth.
  [ID: 958a6148-5275-4445-8781-897d153db6b2] Reasoning: This sentence provides a definition of 'trade secret' that includes the requirement of independent economic value. However, it is largely a restatement of the statute without additional context or application.
  [ID: d8780514-2e1e-4e7b-ae79-ec6fc791c886] Reasoning: This sentence reiterates the definition of a trade secret under VUTSA, including the independent economic value requirement. It does not provide new insights or applications.
  [ID: 515b2545-0183-4c3d-8fd9-05a5671f9cff] Reasoning: This sentence summarizes the requirements for a trade secret under VUTSA, including independent economic value. It does not add interpretive context or application.
  [ID: 476b5731-9532-4fd0-8707-3524274997ee] Reasoning: This sentence references a case that discusses factors for determining independent economic value, providing some context for its application in legal analysis.
  [ID: c44eb171-e138-4f0a-a72f-3793dee70e67] Reasoning: This sentence is a direct quote of the statutory definition, providing no new interpretive value beyond the text itself.
  [ID: cc5e513b-8140-4d4c-a336-7bf17f9763b0] Reasoning: This sentence discusses a specific case where the argument revolves around independent economic value, providing context for its application in a legal dispute.
  [ID: e36036f4-78cd-42e2-be7b-71abb6829b42] Reasoning: This sentence asserts that the VAS-Boeing Agreements derive independent economic value, but it lacks context or explanation of how this is determined.
  [ID: 8c893a50-d7b5-4d41-8bdd-ff448f9af3f6] Reasoning: This sentence explains how VAS derives independent economic value from the VAS-Boeing Agreements, providing a practical application of the concept.
  [ID: 4eea754c-8d09-4ff7-9474-8425cda5903e] Reasoning: This sentence discusses the specific content of the VAS-Boeing Agreements and how it contributes to independent economic value, providing a concrete example.
  [ID: 63221120-3c05-4f19-ac52-6a95f37dc4b2] Reasoning: This sentence is a direct quote of the statutory definition, providing no new interpretive value beyond the text itself.
  [ID: 4ddb9dac-f9f9-477a-ac78-fb6b5f0a6524] Reasoning: This sentence states that a reasonable jury could not conclude that the Technology derives independent economic value, but it lacks context or explanation.
  [ID: 14468414-0851-40b3-90af-7b86142e30b0] Reasoning: This sentence compares the Maine statutory definition to the Restatement's definition, providing some interpretive context regarding independent economic value.
  [ID: e0dcbf30-99b7-4ed4-aa2b-106a4b70250b] Reasoning: This sentence is a direct quote of the statutory definition, providing no new interpretive value beyond the text itself.
  [ID: dfc5a261-38b0-4024-a31b-97860a179eea] Reasoning: This sentence lists factors for determining independent economic value, providing useful interpretive guidance and context for its application.
  [ID: ba9b272d-4fb9-40b8-8fca-bbe7ad8cf186] Reasoning: This sentence applies the statutory definition to a specific case, discussing how PBMs derive independent economic value from contract terms, providing practical context.
  [ID: e656652f-7be3-4a36-846a-c8a49ecb8acf] Reasoning: This sentence provides a definition of trade secret that includes independent economic value, but it is largely a restatement of the statute without additional context.
  [ID: 76f23337-0376-4ba8-9097-76abab31f7f8] Reasoning: This sentence discusses a failure to demonstrate independent economic value under the Uniform Trade Secret Act, but it lacks context or explanation.
  [ID: 724b3342-df2b-46ed-8cf8-8e5dbc2d9ec4] Reasoning: This sentence is a direct quote of the statutory definition, providing no new interpretive value beyond the text itself.
  [ID: 84f86eda-8f44-4b82-89ea-761cd9536110] Reasoning: This sentence is a direct quote of the statutory definition, providing no new interpretive value beyond the text itself.
  [ID: 019967fa-0951-4c47-a1a9-02410db932d3] Reasoning: This sentence is a direct quote of the statutory definition, providing no new interpretive value beyond the text itself.
  [ID: 90784fad-b2ae-4f97-95b6-a1141dc41b68] Reasoning: This sentence is a direct quote of the statutory definition, providing no new interpretive value beyond the text itself.
  [ID: 16ee821e-ffb2-4a38-8e0c-4d9c0d26f684] Reasoning: This sentence discusses items of low value that have little independent economic value, but it does not relate directly to the concept of trade secrets or provide interpretive depth.
  [ID: 8f3bd941-70dc-48b0-9318-fb924f9fda87] Reasoning: This sentence summarizes the requirements for a trade secret, including independent economic value, but it does not provide new insights or applications.
  [ID: 89413abe-1310-476d-9c7c-5daca2a1bf9c] Reasoning: This sentence is a direct repetition of the statutory language regarding independent economic value. It does not provide any new interpretive context.
  [ID: a0f0b202-fca5-4961-a6d2-2f8c9c46b598] Reasoning: This sentence is a paraphrase of the statutory definition of 'trade secret' and includes the phrase 'independent economic value'. It does not add any new interpretive information.
  [ID: 5e263c90-5fda-429f-913c-3df626b2bad6] Reasoning: This sentence is a fragment that simply states 'Independent economic value from secrecy' without any context or explanation, making it redundant.
  [ID: 052e91a1-3ae2-42c1-9a79-df80ee5e97e0] Reasoning: This sentence is a restatement of the statutory requirement for a trade secret to derive independent economic value. It does not provide any additional interpretive insight.
  [ID: 332afb06-aae1-4479-b455-3db68fb4e7e9] Reasoning: This sentence is another repetition of the statutory language regarding independent economic value. It lacks any interpretive context.
  [ID: 30aa0220-e890-4250-8689-65243aac3d97] Reasoning: This sentence is a direct quote of the statutory definition of 'trade secret' and does not provide any new interpretive information.
  [ID: 7edbdffb-8606-4130-b59d-6882e0da019e] Reasoning: This sentence is a repetition of the statutory definition of 'trade secret' and does not add any interpretive value.
  [ID: 42b32cc9-091c-40eb-a97e-54f8dbb7faf9] Reasoning: This sentence is a partial repetition of the statutory language regarding independent economic value. It does not provide any new insights.
  [ID: f4480928-f069-42f7-b0b8-f2488aa2df14] Reasoning: This sentence summarizes the three elements of trade secret status, including independent economic value. It provides some context but is still largely a restatement of the statute.
  [ID: 960de4e1-cf03-464b-af37-9ea813ba4840] Reasoning: This sentence discusses a shell corporation and its lack of independent economic value, which is somewhat relevant but does not directly interpret the phrase in the context of trade secrets.
  [ID: 41c36542-e561-4dc6-9fb1-c1270c3b85b8] Reasoning: This sentence reiterates the requirement for information to have independent economic value to qualify as a trade secret. It does not provide new interpretive context.
  [ID: 747a08b2-5572-442c-9787-151bca08231f] Reasoning: This sentence states that documents not on the Internet have independent economic value, but it does not provide any interpretive context or application.
  [ID: 51d8a11f-56f3-4160-9057-2594715d16e1] Reasoning: This sentence is a direct quote of the statutory definition of 'trade secret' and does not add any interpretive value.
  [ID: 48cebc06-cbaa-4468-9609-756730250d9f] Reasoning: This sentence is a repetition of the statutory language regarding independent economic value. It does not provide any new insights.
  [ID: d550bf80-d2c3-48a1-9b0a-967c4efae9b8] Reasoning: This sentence outlines the three elements of trade secret status, including independent economic value. While it provides some context, it is still largely a restatement of the statute.
  [ID: 3ca7c395-1eb6-4aca-9085-2fdd08687c93] Reasoning: This sentence is a direct quote of the statutory definition of 'trade secret' and does not provide any new interpretive information.
  [ID: 5bd6c5d3-2f0c-42dd-af6d-79db20c28503] Reasoning: This sentence is a direct quote of the statutory definition of 'trade secret' and does not add any interpretive context.
  [ID: 34a2b3ea-1dc1-4a7e-b40a-84a6484dc729] Reasoning: This sentence discusses the independent economic value of subjects studied at MSU, providing a specific application of the concept. It adds context and relevance.
  [ID: 90d4cc5a-61ce-4319-9949-db5a42255639] Reasoning: This sentence discusses the independent economic value of data recorded on IACUC protocol forms, providing a specific application and context that enhances understanding.
  [ID: 745b1fe1-c203-4dff-bd5c-6cee4d423607] Reasoning: This sentence mentions a blanket assertion of independent economic value regarding IACUC protocol forms, but it lacks depth and does not provide a clear application or context.
  [ID: 2fd9a2a2-a52a-4b4d-b032-729c6e2f25be] Reasoning: This sentence questions the proprietary nature of certain information and its independent economic value, providing a critical perspective that adds interpretive depth.
  [ID: 6376f3f7-631b-4a0b-818a-f4ef3aef56d8] Reasoning: This sentence is a repetition of the statutory language regarding independent economic value. It does not provide any new insights.
  [ID: e4243752-ac07-45d4-8b8a-6788c17b5a64] Reasoning: This sentence is a repetition of the statutory language regarding independent economic value. It does not provide any new insights.
  [ID: 5f991c4f-f733-4915-89eb-743fd698b78c] Reasoning: This sentence discusses the requirement for the Gipson process to derive independent economic value, providing a specific application that adds context.
  [ID: 8a8dbdbc-05d1-47a9-b404-c1695ba088fc] Reasoning: This sentence states that the Gipson Steel bid estimating system has independent economic value, providing a specific example that enhances understanding.
  [ID: 38af48bc-768a-4fec-a1bb-1fd284a21ee5] Reasoning: Discusses a court's decision not to adopt the independent economic value test in a specific case, providing context on its application in copyright law.
  [ID: fb56fae7-e9f0-44f0-9fb3-312b29f404be] Reasoning: Clarifies that the court will not create an exception for parts of a compilation with independent economic value, indicating the rigidity of the law in this context.
  [ID: 66bf5e90-a955-451a-bba5-94c7d1fc0f34] Reasoning: Explains the application of the independent economic value test to television episodes, indicating how the test is used in practice.
  [ID: 00d54fe1-417c-4e14-b35a-1355482a1721] Reasoning: Reiterates the statutory definition of trade secret without adding interpretive context or application, thus providing no new information.
  [ID: 7830c9b3-e513-4b22-a02f-2b31cced8735] Reasoning: Mentions a co-promotion agreement with independent economic value, providing context on how such agreements can be viewed in litigation.
  [ID: fb277e7b-f831-4c15-92c1-757edafed9d8] Reasoning: Discusses the treatment of settlement terms with independent economic value, indicating a legal principle regarding work product protection.
  [ID: b59a25d7-5833-4713-bb0b-d2c35ee952f6] Reasoning: Provides a definition of trade secret under California law, which is redundant and does not add interpretive value.
  [ID: cc039fe2-2d1f-4796-89ba-9ec07b9f7af9] Reasoning: Cites a statute defining trade secret, repeating the statutory language without additional context or application.
  [ID: 7e37e24c-60f4-4626-a5a8-9ad661c96891] Reasoning: Describes how specific compounds provide independent economic value, illustrating a practical application of the concept.
  [ID: 9dba5a3d-b2be-444b-9e26-a1ef8cfedf73] Reasoning: Repeats the statutory definition of trade secret without adding interpretive context, thus providing no new information.
  [ID: 412a6ffa-bbfa-4a7d-a3cc-7969761e1de9] Reasoning: Cites a case that defines trade secret, repeating statutory language without additional context or application.
  [ID: 37ba21f7-b14d-4376-864c-ec2ea3e4e5df] Reasoning: Repeats the statutory definition of trade secret under California law, providing no new interpretive value.
  [ID: b0fa8d7e-6ba8-4ef6-9d19-a33a4b098d10] Reasoning: Repeats part of the statutory definition without adding interpretive context, thus providing no new information.
  [ID: d80e6bd9-f061-4a0d-9655-1bf4bd22182a] Reasoning: Repeats the statutory definition of trade secret without adding interpretive context, thus providing no new information.
  [ID: ffbacda1-e41e-47cc-a76f-0b6ae860fe0b] Reasoning: Analyzes the nature of call reports and concludes they lack independent economic value, providing a practical application of the concept.
  [ID: b486a7b1-740a-4759-bc4b-74de0fe4a671] Reasoning: Repeats the statutory definition of trade secret without adding interpretive context, thus providing no new information.
  [ID: 8b4205c6-0d8f-4fbc-92f3-ded9cc4f7bc4] Reasoning: Repeats the statutory definition of trade secret without adding interpretive context, thus providing no new information.
  [ID: 5ab2f9b7-f5e3-4150-b5fd-34d5f9bc00c7] Reasoning: Repeats part of the statutory definition without adding interpretive context, thus providing no new information.
  [ID: 6369e236-48d2-435f-ba46-546de2294414] Reasoning: Describes the requirements to establish a trade secret, reiterating statutory language without adding interpretive context.
  [ID: 6f311c70-5512-480f-9299-3f86ec3bf3a7] Reasoning: Describes the requirements to establish a trade secret, reiterating statutory language without adding interpretive context.
  [ID: 22fedb72-10f6-4c50-b1c2-ac677a97f9b8] Reasoning: Repeats part of the statutory definition without adding interpretive context, thus providing no new information.
  [ID: 9caac105-62e4-49c2-b016-86fe43de4190] Reasoning: Repeats the statutory definition of trade secret without adding interpretive context, thus providing no new information.
  [ID: 1815d139-a14a-4a61-acc5-5a5d0268b52f] Reasoning: Describes the characteristics of a protectable trade secret, reiterating statutory language without adding interpretive context.
  [ID: ca7b80de-b82e-4c5b-b89f-e392bf1662d4] Reasoning: Discusses a court's conclusion regarding an insurance company's policyholder list lacking independent economic value, providing a practical application.
  [ID: 6fc95dbe-adb1-4c80-9082-feacb03e0ff9] Reasoning: Repeats the statutory definition of trade secret without adding interpretive context, thus providing no new information.
  [ID: bd9721e1-bc83-43c2-b649-292eb2423d49] Reasoning: This sentence is a direct quote from the statute, repeating the definition of 'independent economic value' without adding any interpretive context.
  [ID: bd71d4aa-8eb9-4dca-8540-83d9439717b3] Reasoning: This sentence provides a specific application of the term 'independent economic value' in the context of a legal case, indicating the burden of proof required to establish a trade secret.
  [ID: ebcf3d88-42c5-4652-8b32-d9c242376f54] Reasoning: This sentence discusses a legal argument regarding the SAP Code's status as a trade secret, specifically addressing its independent economic value, which adds context to its application.
  [ID: 5336908e-56ee-4539-b405-70caea753b52] Reasoning: This sentence highlights the potential challenges Copart may face in proving independent economic value at trial, providing insight into the practical implications of the term.
  [ID: d1b7e4ac-f61f-42af-9944-8a8095d2ce05] Reasoning: This citation from a case provides interpretive guidance on what constitutes independent economic value, clarifying that not being incorporated into a product does not negate its value.
  [ID: ebd428f6-57ee-4727-aaa7-b6eaa123e895] Reasoning: This sentence explains that even if some elements of a design are public, the combination can still be a trade secret if it has independent economic value, adding depth to the interpretation.
  [ID: b97f03a1-3af7-4aab-8ee0-977ca40bdaf5] Reasoning: This sentence connects the concept of independent economic value to the necessity of proving compensatory damages, illustrating its relevance in legal claims.
  [ID: d8e8676f-11b8-4030-aa66-d8b81e3c0cc7] Reasoning: This citation discusses the requirement for a trade secret to derive independent economic value under Iowa law, providing a jurisdictional perspective.
  [ID: eede875e-1817-4c9c-8871-8c13bb7550ed] Reasoning: This sentence emphasizes the need to prove independent economic value in relation to compensatory damages, linking it to the practical aspects of litigation.
  [ID: 9f62f0ed-6984-470a-bcf5-d1f83e96dbe5] Reasoning: This sentence discusses how the disclosure of information affects its status as a trade secret, specifically addressing the loss of independent economic value.
  [ID: 9a68b40b-f22c-459b-9e0b-90749e0c0536] Reasoning: This sentence reiterates the loss of independent economic value upon patent disclosure, providing a legal principle that aids in understanding trade secret protections.
  [ID: bb6b7042-0ff0-4ecf-89db-272d0f6e0f4f] Reasoning: This sentence is a direct quote of the definition of trade secrets, repeating the statutory language without adding any interpretive context.
  [ID: 49887ce0-0893-4898-967e-accbdb128b08] Reasoning: This sentence is a direct quote from the statute, repeating the definition of 'independent economic value' without adding any interpretive context.
  [ID: 2db3dd0d-4e29-4cf2-ba97-22a7dab8c153] Reasoning: This sentence applies the concept of independent economic value to a specific case, indicating the necessity for information to not be generally known among competitors.
  [ID: 774a9d27-07db-4bcc-aff0-e0eb7a21a0a7] Reasoning: This sentence is a direct quote of the definition of trade secrets, repeating the statutory language without adding any interpretive context.
  [ID: 8e6fd7cf-0cf9-4659-a9d0-6700fba68989] Reasoning: This sentence discusses the legal interpretation of independent economic value, specifically addressing the implications of public availability on trade secret status.
  [ID: 84564945-1b63-462c-a78e-6e81f207fa76] Reasoning: This sentence discusses the burden of proof regarding independent economic value in the context of summary judgment, providing insight into legal standards.
  [ID: 5a18ba0c-bc45-4236-9911-e00ba0202e07] Reasoning: This sentence discusses the independent economic value of employee lists, providing a nuanced view of how different types of information can be protected as trade secrets.
  [ID: cd361d1e-7a08-4c73-94c6-abf325919493] Reasoning: This sentence provides examples of case law that supports the notion of independent economic value in the context of trade secrets, adding interpretive depth.
  [ID: 8fa09e05-1bb9-4097-a63f-e360d1d286d0] Reasoning: This sentence discusses the relevance of sales information to establishing independent economic value, linking it to the practical aspects of litigation.
  [ID: 16e5451c-6947-46c3-ba23-a803db43f632] Reasoning: This sentence indicates a concession regarding the independent economic value of a process, providing insight into the legal arguments being made.
  [ID: bb5935cc-d3f1-4841-b7fe-fc361b0b004f] Reasoning: This sentence emphasizes the burden of proof regarding independent economic value, linking it to the trial process and the necessity of establishing this element.
  [ID: 9a6a6a8a-a4ff-4047-bcae-09475aa66cf4] Reasoning: This sentence provides a definition of trade secret under Arkansas law, repeating statutory language without adding interpretive context.
  [ID: e92252f4-3a69-44e9-b6a0-278bb6394524] Reasoning: This sentence discusses the lack of allegations regarding independent economic value, providing context for legal arguments but not adding significant interpretive depth.
  [ID: 29a383ed-53b9-4fda-980a-8b45ac615433] Reasoning: This sentence is a direct quote of the definition of 'independent economic value', repeating statutory language without adding any interpretive context.
  [ID: 6f695191-2af1-45dd-b193-b91b29c08b84] Reasoning: This sentence illustrates the application of 'independent economic value' in a real-world context, specifically how it affects competitive advantage for a business.
  [ID: 10f312ee-b1e4-4282-92c1-821be72adc23] Reasoning: This sentence summarizes the characteristics of a protectable trade secret, including the requirement of independent economic value, but lacks depth in application or context.
  [ID: 4137312c-a98d-4a2a-ac9e-c320016f510a] Reasoning: This sentence provides testimony that supports the claim of independent economic value, indicating how competitors would benefit from the information, thus adding interpretive context.
  [ID: d78f08ce-4bb9-4070-bef2-672a236dd9b3] Reasoning: This is a direct quote of the statute defining 'trade secret' and does not provide any new interpretive context or application.
  [ID: 8b63eb6e-6fd7-4ccc-a7d9-12b40ab78274] Reasoning: This sentence is a partial quote of the statute and does not add any interpretive value or context.
  [ID: 6754acd8-b43a-449e-bd58-93aba64e6f48] Reasoning: This is another direct quote of the statute regarding 'trade secret' and does not provide any new information or context.
  [ID: dbd2982b-b64b-4329-abae-b95285bf6595] Reasoning: This sentence poses a question regarding the establishment of independent economic value but does not provide any substantive analysis or context.
  [ID: c8959543-05ba-402d-a287-675ce1b04f94] Reasoning: Similar to the previous sentence, this one questions the evidence of independent economic value without providing new insights or context.
  [ID: c9a95528-2b32-4f09-a2d6-f7f36eed54df] Reasoning: This sentence discusses the lack of independent economic value for a specific program, providing a critical perspective on the concept's application.
  [ID: db038a8d-fe37-49fc-bdda-05c7d4d44152] Reasoning: This sentence is a partial quote of the statute and does not add any interpretive value or context.
  [ID: 2a94b5b9-8f36-4e5f-9b82-8efa63c2d815] Reasoning: This is a direct quote of the statute defining 'trade secret' and does not provide any new interpretive context or application.
  [ID: f5df5a61-139f-444d-88a9-0eb80cc802cc] Reasoning: This sentence summarizes the characteristics of a protectable trade secret, including independent economic value, but lacks depth in application or context.
  [ID: e38614c2-c585-4967-b991-6fcfcafd4728] Reasoning: This sentence provides a specific example of how independent economic value is derived from increased efficiency, adding context to the term.
  [ID: 8133704a-23c1-4cd6-a1e3-2dc2969e2be4] Reasoning: This is a partial quote of the statute and does not add any interpretive value or context.
  [ID: ad75fb95-b4ad-4d60-b4e4-9c0c708ec266] Reasoning: This is a partial quote of the statute and does not add any interpretive value or context.
  [ID: a09fc4a6-9907-4706-a7c8-1d9e1e9d1bf1] Reasoning: This sentence discusses the jury's finding regarding independent economic value, indicating a legal challenge and providing context for its application.
  [ID: 0c17e7a2-e563-4c3f-b110-f85011e8a813] Reasoning: This sentence highlights the requirement of showing reasonable efforts to maintain secrecy alongside independent economic value, adding depth to the interpretation.
  [ID: b11fafbd-ccfb-4ff5-a1dc-fbcd476bc1bc] Reasoning: This sentence discusses the court's decision based on independent economic value, providing insight into how courts interpret this requirement in trade secret claims.
  [ID: 59d9d8de-6349-48e9-a84c-32a7b2ec6866] Reasoning: This sentence appears to be a heading or label and does not provide any substantive information or context.
  [ID: 67b8411b-470d-433b-9615-d7d5b1c40c6f] Reasoning: This is a direct quote of the statute regarding 'trade secret' and does not provide any new interpretive context or application.
  [ID: 9a38aa63-da4e-4819-a276-b6bb4ff3a459] Reasoning: This sentence critiques a ruling regarding independent economic value, indicating a legal dispute and providing context for its interpretation.
  [ID: 6b5ac3ba-38a8-4e3b-a3fe-15cbfc6aa7e1] Reasoning: This sentence provides an example of how independent economic value might not be established, adding a practical perspective to the concept.
  [ID: 805ffe1c-b0c6-4adc-99b3-bf01ec4459c6] Reasoning: This sentence suggests that the presence of source code could imply independent economic value, providing a hypothetical context for its application.
  [ID: 8761aa3f-c1c5-486f-99d4-9d48904e92e5] Reasoning: This sentence discusses the ambiguity of helpfulness in establishing independent economic value, indicating a nuanced interpretation of the term.
  [ID: 6793b3da-7ea0-4293-99b6-87f2be98c70b] Reasoning: This sentence critiques a court's reasoning regarding independent economic value, providing insight into legal standards and interpretations.
  [ID: 42553520-0bb9-414c-a30d-e78e6d296038] Reasoning: This sentence outlines the three factors for determining a trade secret, including the requirement for independent economic value. While it is relevant, it does not provide deeper interpretive context or application.
  [ID: 3930b775-9669-413e-b05c-8f0231587abb] Reasoning: This sentence discusses evidence regarding the independent economic value of information, indicating that it may lose value if it becomes readily ascertainable. This adds context to the application of the term.
  [ID: 8648d534-d1dc-4901-9328-87ed9711bce4] Reasoning: This is a direct quote of the statute defining trade secrets, providing no new interpretive value.
  [ID: 0e12ac3a-28ed-4653-aef5-d91a9210b504] Reasoning: This sentence is a paraphrase of the statutory definition of trade secrets, offering no additional interpretive context.
  [ID: 24597485-ab38-4e10-ab32-cd0762975631] Reasoning: This sentence is a direct quote from the statute, repeating the definition of independent economic value without adding interpretive depth.
  [ID: 962570a3-9aa1-43fb-a34a-ca76e2f0d193] Reasoning: This sentence is another direct quote of the statute, providing no new information or context.
  [ID: 155a0ef1-7b65-4972-8c92-233ce93fe164] Reasoning: This sentence summarizes the requirements for a misappropriation claim under Washington law, including the need for independent economic value, thus providing relevant context.
  [ID: e46b6157-38f1-476c-890b-a13dcbd07761] Reasoning: This sentence is a direct quote from the statute, repeating the definition of independent economic value without adding interpretive depth.
  [ID: c5483e61-0276-4890-b46c-2af3c293594d] Reasoning: This sentence is a partial quote of the statute, providing no new information or context.
  [ID: 538aa312-bd9c-42be-b343-8bd13067f7d2] Reasoning: This sentence is a direct quote of the statute, providing no new information or context.
  [ID: 8c778c26-2d36-491d-97f2-001b1806516d] Reasoning: This sentence is a direct quote of the statute, providing no new information or context.
  [ID: 03de0c5e-2db7-44b2-bb6b-26c91e505607] Reasoning: This sentence is a partial quote of the statute, providing no new information or context.
  [ID: c82025bf-908d-49fd-936a-0e4bd609ac15] Reasoning: This sentence references a court case where a customer list was found to be a trade secret due to its independent economic value, providing relevant application context.
  [ID: 8faa103c-f893-47c8-8e64-a225200c8d4] Reasoning: This sentence references a Supreme Court case that discusses independent economic value in the context of property, providing interpretive context.
  [ID: 44e34f71-ae21-4b83-932b-18b3d05185ee] Reasoning: This sentence discusses the requirements for independent economic value under different statutes, providing relevant context for interpretation.
  [ID: 152599ed-2afe-4bf1-a134-d04333b2b481] Reasoning: This sentence is a direct quote of the statute, providing no new information or context.
  [ID: cd0c54d6-9087-44b7-bd67-a054c0e01c2d] Reasoning: This sentence discusses the court's findings regarding independent economic value, indicating material fact issues, thus providing relevant context.
  [ID: 339b8bf4-f484-4aa4-864d-da53658e0aac] Reasoning: This sentence is a direct quote of the statute, providing no new information or context.
  [ID: 24b97030-9c79-4ef4-9abd-b2f2e4099068] Reasoning: This sentence is a partial quote of the statute, providing no new information or context.
  [ID: 9ea048d0-91d3-4023-b6c5-3edd3c9c1673] Reasoning: This sentence states that independent economic value is required for trade secret qualification under MUTSA, providing relevant context.
  [ID: 32e97593-9c1b-43d9-9822-b443e3e75cc0] Reasoning: This sentence is a direct quote of the statute, providing no new information or context.
  [ID: b3ea6a83-9b21-4772-b456-4fc8072b2afb] Reasoning: This sentence is a direct quote of the statute, providing no new information or context.
  [ID: 7ed9cdd5-95a9-4471-9b46-938e5cef24b4] Reasoning: This sentence is a partial quote of the statute, providing no new information or context.
  [ID: 2f01e27a-14c3-474c-ae54-a2f8a622651d] Reasoning: This sentence is a partial quote of the statute, providing no new information or context.
  [ID: b3d0499f-faf3-499b-a9aa-b2c0aa8bd494] Reasoning: This sentence is a direct quote of the statute, providing no new information or context.
  [ID: c5135b43-4e60-45e5-b65e-2ed2c90bc42b] Reasoning: This sentence discusses a specific case where price and volume data is determined to derive independent economic value, providing context for the application of the term in a legal setting.
  [ID: 71b6c93e-bf47-4db3-b8d4-2c7b26853a2d] Reasoning: This sentence explains how Central Trust's client list is considered a trade secret due to its independent economic value, adding context to the application of the term.
  [ID: 3504c759-7b92-49d8-bb1f-da2ac38a1802] Reasoning: This sentence provides a definition of 'trade secret' under the MUTSA, including the requirement of independent economic value, but it is largely a restatement of the statute.
  [ID: c628a378-7754-4a6d-919b-47abbc9874dc] Reasoning: This sentence is a direct quote from the statute, providing no new interpretive value.
  [ID: 871eef52-a2ed-4e0f-a6c2-e9ab0c8466d2] Reasoning: This sentence is a direct quote from the statute, providing no new interpretive value.
  [ID: c1b612e1-5a5e-4909-9c31-59ced8d9e7f7] Reasoning: This sentence is a direct quote from the statute, providing no new interpretive value.
  [ID: 5895c038-55f3-4882-923a-c95215890550] Reasoning: This sentence states that the information derived independent economic value but lacks detail on how this value is realized or applied.
  [ID: 0e8d86e8-117f-44b8-a4f6-0ce1714b39fc] Reasoning: This sentence questions the independent economic value of the requested information, providing a critical perspective on its application.
  [ID: f2f3a556-a667-4957-bafb-37dcec0bc98f] Reasoning: This sentence is a direct quote from the statute, providing no new interpretive value.
  [ID: c0fad43b-7434-422e-a54f-98f5a6113cdf] Reasoning: This sentence is a direct quote from the statute, providing no new interpretive value.
  [ID: 4054afe9-54cc-4b88-85b3-6ce2a6c6ffb6] Reasoning: This sentence discusses the lack of potential independent economic value for certain information, providing context for its application.
  [ID: a07fcdfe-8125-4fce-8429-a2c6279776fc] Reasoning: This sentence analyzes the potential independent economic value of a methodology, providing a critical perspective on its relevance.
  [ID: 542e2519-dbf2-453d-a661-5993c089fa89] Reasoning: This sentence states that OSU did not provide sufficient evidence for independent economic value, which adds context to the application of the term.
  [ID: 7163239a-7ad5-4a44-bf0c-0908dafbeaff] Reasoning: This sentence discusses the lack of potential independent economic value for certain information, providing context for its application.
  [ID: 1edd2020-6c54-431c-8e4e-3584e4f80fe4] Reasoning: This sentence states that records did not derive independent economic value, providing context for its application.
  [ID: 20c6da32-84d1-41a5-8574-3a6df36e164a] Reasoning: This sentence is a direct quote from the statute, providing no new interpretive value.
  [ID: d86290f5-f92c-4e94-805f-7aa540c5818c] Reasoning: This sentence states that information does not derive independent economic value, providing context for its application.
  [ID: e0a3fc65-96fb-4f49-b957-e6ebde93ef95] Reasoning: This sentence reiterates the requirement of independent economic value for trade secret protection, providing no new interpretive value.
  [ID: adfc8ade-e79e-46ed-a9c8-d478e10ba203] Reasoning: This sentence is a direct quote from the statute, providing no new interpretive value.
  [ID: a7c53c02-85af-4f9a-8eb5-02a894da1093] Reasoning: This sentence provides a statutory reference but does not add interpretive value beyond the statute itself.
  [ID: e6195e58-836f-4a45-b8eb-0f025939e153] Reasoning: This sentence discusses the requirement of independent economic value in the context of a specific case, adding interpretive context.
  [ID: c80a5eea-f135-4fa0-94f0-0dabe847a1a7] Reasoning: This sentence is a direct quote from the statute, providing no new interpretive value.
  [ID: 7124c2e9-374b-4a79-ae9d-9167cdcfa044] Reasoning: This sentence discusses a specific case where a machine did not derive independent economic value, providing context for its application.
  [ID: f3512833-1473-4f3e-9926-615651d31ced] Reasoning: This sentence explains how Quadrangle derives independent economic value from confidential terms, providing context for the application of the term.
  [ID: 1b16583d-06d1-4956-a81a-b715ffe661eb] Reasoning: This sentence is a direct quote from the statute, providing no new interpretive value.
  [ID: 92bf00d1-2ed8-4551-a325-02f88dbd53c0] Reasoning: This sentence closely paraphrases the statutory definition of trade secret without adding any new interpretive context or application.
  [ID: f8711d04-792f-417b-a617-1ba489b07927] Reasoning: This sentence is a direct quote from the statute, providing no additional interpretive value.
  [ID: 08c9679d-b78d-425e-b05b-cddf49c501e8] Reasoning: This sentence is a fragment that repeats the statutory language without any interpretive context.
  [ID: ee638c3d-043e-4945-a5db-a66d62c37bcb] Reasoning: This sentence is a direct quote of the definition of trade secret, lacking any interpretive depth.
  [ID: 0c76a416-0a1b-403d-b35c-7a7861eb9936] Reasoning: This sentence is a paraphrase of the statutory definition, providing no new insights or applications.
  [ID: 1cf4e2bb-33d6-47cd-a7fd-db9fbec7f22e] Reasoning: This sentence repeats the statutory language without any additional context or application.
  [ID: d214499b-4f72-4645-9148-d70f5a7ad149] Reasoning: This sentence is a direct quote of the statute, providing no additional interpretive value.
  [ID: 9d7342fd-d4e4-4d06-96f5-934d69edac04] Reasoning: This sentence is a direct quote from the statute, offering no new insights.
  [ID: 8d213d56-9ffe-44ac-aca1-8eed5819f14a] Reasoning: This sentence is a direct quote from the statute, providing no additional interpretive context.
  [ID: 246629f0-d40b-42b0-82db-51cdece3358b] Reasoning: This sentence paraphrases the statutory definition without adding any interpretive context or application.
  [ID: 4eed9e15-5c9a-4e42-ba6a-00f028bb341a] Reasoning: This sentence discusses the lack of evidence for independent economic value, providing some context but still closely tied to statutory language.
  [ID: d3361f82-e3ae-4d4a-b392-a174e9a795af] Reasoning: This sentence is a fragment that repeats statutory language without any interpretive context.
  [ID: 78511009-0ba3-4688-9b24-deafa6b078b5] Reasoning: This sentence closely paraphrases the statutory definition without adding any new interpretive context or application.
  [ID: b51b9329-26f2-4a95-9d41-23b4dd3ea553] Reasoning: This sentence is a direct quote from the statute, providing no additional interpretive value.
  [ID: 2e2c7423-cdcc-4f5e-8c87-55e76bbd93a6] Reasoning: This sentence is a direct quote from the statute, offering no new insights.
  [ID: f96d7405-3b38-4690-980e-30a5d600e3c4] Reasoning: This sentence closely paraphrases the statutory definition without adding any new interpretive context or application.
  [ID: c9d3a3b5-5e64-4396-8663-5225792cbc28] Reasoning: This sentence is a fragment that repeats statutory language without any interpretive context.
  [ID: 6ae7acdd-6e49-4dfa-986f-a4b79129b9f7] Reasoning: This sentence discusses the failure to establish independent economic value, providing some context but still closely tied to statutory language.
  [ID: 4626c03c-3d66-4baa-837a-02615d0be34e] Reasoning: This sentence is a fragment that repeats statutory language without any interpretive context.
  [ID: d8e7ede6-1a88-4599-828b-54f6a4eec538] Reasoning: This sentence discusses the context of trade secrets and the lack of independent economic value, providing some interpretive context.
  [ID: a536ffa5-5a4d-4231-86b9-f59f6d33fe8b] Reasoning: This sentence is a fragment that repeats statutory language without any interpretive context.
  [ID: 7ee0ba83-987f-4117-9497-ee5a93b32c4b] Reasoning: This sentence discusses the independent economic value of a specific list, providing some context but still closely tied to statutory language.
  [ID: c82eebc3-51fa-462d-bd4d-a6fa89bfad1b] Reasoning: This sentence discusses the assessment of economic value in a specific context, providing some interpretive context.
  [ID: 851fa7e2-efc0-4110-bc57-a91524d5286f] Reasoning: This sentence discusses the definition of trade secrets in the context of client lists, providing some interpretive context.
  [ID: 4774e81c-d7ed-4636-b59b-4db9cbe2f80a] Reasoning: This sentence is a direct quote from the statute, providing no additional interpretive value.
Method: probabilities | Term: independent economic value
NDCG@10: 0.6133647384851877
NDCG@20: 0.633843487726339
NDCG@40: 0.6474546962484674
NDCG@100: 0.6458596351177376

----------------------------------------
STDERR:
wandb: Appending key for api.wandb.ai to your netrc file: /Users/alvinwang/.netrc
wandb: Currently logged in as: alvinw2 (alvinw2-carnegie-mellon-university) to https://api.wandb.ai. Use `wandb login --relogin` to force relogin

GPT batches:   0%|          | 0/62 [00:00<?, ?batch/s]
GPT batches:   2%|▏         | 1/62 [00:24<24:39, 24.25s/batch]
GPT batches:   3%|▎         | 2/62 [00:32<14:51, 14.85s/batch]
GPT batches:   5%|▍         | 3/62 [00:33<08:10,  8.31s/batch]
GPT batches:   6%|▋         | 4/62 [00:36<06:01,  6.23s/batch]
GPT batches:   8%|▊         | 5/62 [00:36<03:49,  4.03s/batch]
GPT batches:  10%|▉         | 6/62 [00:37<02:56,  3.15s/batch]
GPT batches:  11%|█▏        | 7/62 [00:38<02:07,  2.32s/batch]
GPT batches:  13%|█▎        | 8/62 [00:42<02:34,  2.87s/batch]
GPT batches:  15%|█▍        | 9/62 [00:42<01:49,  2.07s/batch]
GPT batches:  18%|█▊        | 11/62 [00:42<00:57,  1.13s/batch]
GPT batches:  19%|█▉        | 12/62 [00:43<00:47,  1.05batch/s]
GPT batches:  21%|██        | 13/62 [00:43<00:38,  1.28batch/s]
GPT batches:  23%|██▎       | 14/62 [00:44<00:34,  1.38batch/s]
GPT batches:  26%|██▌       | 16/62 [00:44<00:20,  2.30batch/s]
GPT batches:  27%|██▋       | 17/62 [00:44<00:21,  2.11batch/s]
GPT batches:  31%|███       | 19/62 [00:45<00:18,  2.39batch/s]
GPT batches:  32%|███▏      | 20/62 [00:45<00:17,  2.46batch/s]
GPT batches:  34%|███▍      | 21/62 [00:47<00:26,  1.52batch/s]
GPT batches:  37%|███▋      | 23/62 [00:47<00:15,  2.44batch/s]
GPT batches:  39%|███▊      | 24/62 [00:48<00:18,  2.06batch/s]
GPT batches:  40%|████      | 25/62 [00:48<00:14,  2.54batch/s]
GPT batches:  42%|████▏     | 26/62 [00:48<00:12,  2.89batch/s]
GPT batches:  44%|████▎     | 27/62 [00:49<00:17,  2.05batch/s]
GPT batches:  45%|████▌     | 28/62 [00:50<00:18,  1.81batch/s]
GPT batches:  48%|████▊     | 30/62 [00:50<00:12,  2.57batch/s]
GPT batches:  52%|█████▏    | 32/62 [00:50<00:07,  3.83batch/s]
GPT batches:  53%|█████▎    | 33/62 [00:51<00:08,  3.29batch/s]
GPT batches:  55%|█████▍    | 34/62 [00:51<00:07,  3.87batch/s]
GPT batches:  58%|█████▊    | 36/62 [00:51<00:07,  3.66batch/s]
GPT batches:  60%|█████▉    | 37/62 [00:51<00:05,  4.18batch/s]
GPT batches:  63%|██████▎   | 39/62 [00:52<00:04,  4.61batch/s]
GPT batches:  66%|██████▌   | 41/62 [00:52<00:03,  6.30batch/s]
GPT batches:  68%|██████▊   | 42/62 [00:52<00:03,  6.54batch/s]
GPT batches:  69%|██████▉   | 43/62 [00:52<00:02,  7.01batch/s]
GPT batches:  71%|███████   | 44/62 [00:52<00:02,  7.00batch/s]
GPT batches:  76%|███████▌  | 47/62 [00:52<00:01,  9.27batch/s]
GPT batches:  81%|████████  | 50/62 [00:53<00:01,  9.22batch/s]
GPT batches:  82%|████████▏ | 51/62 [00:53<00:01,  5.62batch/s]
GPT batches:  85%|████████▌ | 53/62 [00:54<00:01,  4.88batch/s]
GPT batches:  89%|████████▊ | 55/62 [00:54<00:01,  5.04batch/s]
GPT batches:  92%|█████████▏| 57/62 [00:54<00:00,  6.40batch/s]
GPT batches:  94%|█████████▎| 58/62 [00:55<00:00,  4.81batch/s]
GPT batches:  95%|█████████▌| 59/62 [00:55<00:00,  4.81batch/s]
GPT batches:  97%|█████████▋| 60/62 [00:59<00:02,  1.09s/batch]
GPT batches:  98%|█████████▊| 61/62 [01:03<00:01,  1.87s/batch]
GPT batches: 100%|██████████| 62/62 [01:06<00:00,  2.02s/batch]
GPT batches: 100%|██████████| 62/62 [01:06<00:00,  1.07s/batch]
