Command: /opt/anaconda3/bin/python rank.py --term preexisting work --type probabilities --sentences sources/preexisting_work/preexisting_work-sentence.json --provisions sources/provisions.json --verbose false --prompt system_prompts/zero_shot.txt
----------------------------------------
You are an expert legal text annotator. Your task is to determine how useful each candidate sentence is for supporting legal argumentation about the meaning of a statutory or regulatory term (“the phrase of interest”).

You will be given:

The phrase of interest

The statutory or regulatory provision containing that phrase (“the statute”)

A list of candidate sentences, each with a unique sentence_id

Your classification must consider both the phrase of interest and the statute.
If a candidate sentence merely repeats, quotes, or paraphrases any part of the statute without adding interpretive meaning, it MUST be labeled "no value".

✅ OUTPUT FORMAT (STRICT) - PROBABILITIES MODE

Return ONLY a JSON array of objects. Each object must include a "reasoning" field and a "probs" field with probabilities for each class:

[
  {
    "sentence_id": "...",
    "reasoning": "...",
    "probs": {"no value": 0.1, "potential value": 0.2, "certain value": 0.3, "high value": 0.4}
  }
]

✅ CLASSIFICATION LABELS

Exactly one label per sentence:

"no value"

"potential value"

"certain value"

"high value"

✅ ANNOTATION GUIDELINES

A sentence has value only if it contributes interpretive information about the phrase of interest beyond what is already stated in the statute.

Evaluate each sentence using the following workflow:

STEP 1 — Does the sentence add ANY new interpretive information beyond the statute?

If the sentence:

repeats or paraphrases the statute

quotes the statute verbatim or near-verbatim

is a heading, boilerplate, citation, or procedural note

does not mention or relate meaningfully to the phrase of interest

→ Label: "no value"
→ Stop.

STEP 2 — Does the sentence use the phrase of interest with a different meaning?

If different and unrelated to the statute’s meaning → "no value".
If different but related → "potential value" or "certain value" depending on strength.
Then stop.

STEP 3 — Does the sentence contain explicit elaboration of meaning?

Explicit elaboration includes:

definitions

explanations

positive or negative examples

subsumption (“X is a type of Y”)

contrasts

feature inclusion (“X requires Y”)

feature exclusion (“X does not include Y”)

If yes:

If authored by an interested party/witness → "certain value"

If authored by a court, judge, legislature, agency, or other neutral authority → "high value"

Then stop.

STEP 4 — Does the sentence contain implicit elaboration?

Implicit elaboration includes:

factual scenarios implying boundaries of the term

contextual clues from which meaning can be inferred

comparisons or contrasts that clarify usage

functional descriptions suggesting how the term operates

If none → "potential value" (weak relevance; no direct elaboration).
If implicit elaboration exists:

If from an interested source → "potential value"

If from a neutral source → "certain value"

Then stop.

✅ ADDITIONAL NOTES

Do NOT assign value based solely on topical similarity.

Do NOT treat case outcomes or procedural facts as meaningful unless they clarify the term’s meaning.

Always choose the lowest plausible label when uncertain.

The goal is interpretive usefulness, not relevance to the case as a whole.

  [ID: 25c04ef3-163e-481e-8df5-c7736bbd0390] Reasoning: This sentence merely repeats the definition of 'derivative work' as stated in the statute without adding any new interpretive information.
  [ID: 7f448559-a291-4047-9edf-2d203063da24] Reasoning: This sentence paraphrases the statute and does not provide any new interpretive information about 'preexisting work'.
  [ID: 7c36f4b7-7066-4b2f-b310-dfb5c699c027] Reasoning: This sentence quotes the statute verbatim, providing no additional interpretive meaning.
  [ID: b2f511ec-44d2-4580-99ea-7d6b8ee62bfe] Reasoning: This sentence also repeats the definition of 'derivative work' as stated in the statute without adding any new interpretive information.
  [ID: 6f52b12a-444d-4f81-aed3-74bdc4d15693] Reasoning: This sentence provides a partial quote of the statute, lacking any new interpretive information.
  [ID: d34ae0d1-cf74-405a-bf58-49a45036820e] Reasoning: This sentence discusses a specific case involving derivative works but does not clarify the meaning of 'preexisting work' in a way that adds interpretive value.
  [ID: 4caf1de3-0ef8-4429-9885-43162146be6c] Reasoning: This sentence discusses the originality requirement in relation to derivative works but does not provide a clear interpretation of 'preexisting work'.
  [ID: 42bd5674-54e1-4a1d-a81e-001b43f51541] Reasoning: This sentence quotes the statute, providing no additional interpretive meaning.
  [ID: 93e2a7c1-75c2-4575-9a1c-d6d0ea55268a] Reasoning: This sentence discusses the copyrightability of derivative works but does not clarify the meaning of 'preexisting work' in a way that adds interpretive value.
  [ID: 7c3e4f2a-a7d4-44fe-a1e8-5035bfe91e0a] Reasoning: This sentence discusses the lack of originality in relation to derivative works but does not clarify the meaning of 'preexisting work'.
  [ID: e4e1ca37-61ea-4ce9-aea8-53721b095a6d] Reasoning: This sentence discusses the classification of motion pictures as derivative works but does not provide a clear interpretation of 'preexisting work'.
  [ID: ca10f5ef-91ac-4aa7-aa5d-60e50860f3c6] Reasoning: This sentence describes a procedural aspect of identifying preexisting works but does not add interpretive meaning to 'preexisting work'.
  [ID: 12e812cc-e36b-4283-809d-8508ce51c26b] Reasoning: This sentence references a case but does not clarify the meaning of 'preexisting work' in a way that adds interpretive value.
  [ID: e82260ae-2bf7-40df-a4ff-9b4bd6f0f2cc] Reasoning: This sentence discusses the copyright protection of works derived from prior works but does not clarify the meaning of 'preexisting work'.
  [ID: 753b17b6-7a31-44eb-9317-a1466b1ed499] Reasoning: This sentence repeats the definition of 'derivative work' as stated in the statute without adding any new interpretive information.
  [ID: 43445018-e36d-424d-8b60-2c681ef46efe] Reasoning: This sentence discusses the legal standards for originality but does not clarify the meaning of 'preexisting work' in a way that adds interpretive value.
  [ID: 61bcdcae-054e-484b-a712-a1b08da7598d] Reasoning: This sentence discusses the requirement for a derivative work to exist in a concrete form and to incorporate protected material from a preexisting work, which adds interpretive information about the phrase 'preexisting work' in the context of derivative works.
  [ID: b93790a0-9241-46f9-9ada-c72b7ef4cb2f] Reasoning: This sentence explains that a work is considered derivative only if it would infringe upon the preexisting work if created without consent, providing a legal interpretation that clarifies the implications of 'preexisting work'.
  [ID: 644ea754-a33e-45af-945d-ffd3e702b3a6] Reasoning: This sentence repeats the definition of a derivative work as stated in the statute without adding any new interpretive information.
  [ID: 680914f6-1ec4-4446-a9e6-caa1307e2c6c] Reasoning: This sentence discusses the requirement for contributions to be 'substantially' different from the preexisting work, which adds interpretive context to the phrase 'preexisting work'.
  [ID: e11f3440-0601-4141-aa45-532740ae49e9] Reasoning: This sentence implies that a contribution can be more than trivial but still not substantially different from the preexisting work, providing insight into the boundaries of what constitutes a derivative work.
  [ID: 986d8745-e7ac-4e98-a054-39ff1de70223] Reasoning: This sentence explains the requirement for a plaintiff to show substantial incorporation of protected materials from the preexisting work to establish an infringing derivative work, which adds interpretive value to the phrase 'preexisting work'.
  [ID: 22a25945-c5fb-4e9f-ac11-ae01f8b4ebe8] Reasoning: This sentence repeats the definition of a derivative work as stated in the statute without adding any new interpretive information.
  [ID: 41acf2ae-0cb3-44d4-9f5b-70a254c9d26f] Reasoning: This sentence suggests that the publication of a derivative work also constitutes the publication of the preexisting works, which provides a broader interpretation of the implications of 'preexisting work'.
  [ID: 6884f0d2-6bca-4c3d-ba08-71b72db95c25] Reasoning: This sentence clarifies that the preexisting work must fall within the general subject matter of copyright, which adds interpretive context to the phrase 'preexisting work'.
  [ID: f105e8d5-c681-47f0-9d29-0b10f94518a8] Reasoning: This sentence repeats the definition of a derivative work as stated in the statute without adding any new interpretive information.
  [ID: 93ea3d19-2dc7-4427-a4c5-fc3dd9c076e4] Reasoning: This sentence repeats the definition of a derivative work as stated in the statute without adding any new interpretive information.
  [ID: 8d0dc2ca-6da9-4266-9e7d-f33cd5007155] Reasoning: This sentence repeats the definition of a derivative work as stated in the statute without adding any new interpretive information.
  [ID: 3240b52f-5e9c-43c2-8f76-0f457c851c1d] Reasoning: This sentence repeats the definition of a derivative work as stated in the statute without adding any new interpretive information.
  [ID: dda8e5af-650e-4eeb-91ac-f76631f90994] Reasoning: This sentence repeats the definition of a derivative work as stated in the statute without adding any new interpretive information.
  [ID: 9eca4b61-ebd8-4ad8-8428-ede0bc1c58a8] Reasoning: This sentence repeats the definition of a derivative work as stated in the statute without adding any new interpretive information.
  [ID: 8b010b4e-653f-4353-bf6d-2f93e7186f4b] Reasoning: This sentence repeats the definition of a derivative work as stated in the statute without adding any new interpretive information.
  [ID: 0c4357f2-3c35-4e1c-aaae-76ef9b22a6c0] Reasoning: This sentence repeats the definition of a derivative work as stated in the statute without adding any new interpretive information.
  [ID: d977fe90-1b28-4c3e-8e69-95a08d90022a] Reasoning: This sentence discusses the requirement for substantial copying from the preexisting work for a derivative work to infringe, which adds interpretive value to the phrase 'preexisting work'.
  [ID: 506f812e-4831-46da-b3f1-eb74915ddcd3] Reasoning: This sentence repeats the definition of 'derivative work' as stated in the statute without adding any new interpretive information.
  [ID: 2a68e5b8-810d-4cf5-8963-d389fa45bb24] Reasoning: This sentence also repeats the definition of 'derivative work' from the statute, providing no new interpretive information.
  [ID: e611c1aa-e6ac-4925-8945-24659c86d25f] Reasoning: This sentence discusses copyright ownership related to derivative works but does not elaborate on the meaning of 'preexisting work' itself.
  [ID: a1d1ed94-ca88-4719-af4f-effc3e6095fa] Reasoning: This sentence discusses the concept of copying a preexisting work but does not provide interpretive information about 'preexisting work' itself.
  [ID: 476b4478-7ba5-46bc-bc3d-61d92beac6d6] Reasoning: This sentence discusses the burden of proof regarding originality but does not clarify the meaning of 'preexisting work'.
  [ID: 88536620-ddd6-4c9d-9397-89d4b8143f53] Reasoning: This sentence is a verbatim repetition of the definition of 'derivative work' from the statute, providing no new interpretive information.
  [ID: cf15786a-9ce5-4f89-bd18-b626e3e83ef6] Reasoning: This sentence discusses originality in relation to preexisting works but does not provide a clear interpretation of 'preexisting work'.
  [ID: d9eef84a-daf4-4218-ab6b-6acfb6b6e155] Reasoning: This sentence implies that derivative works must incorporate protected material from preexisting works, which adds some interpretive context.
  [ID: e65c2f0c-d1e6-4b04-a2c3-cefa8e1d1148] Reasoning: This sentence outlines specific requirements for a work to qualify as a derivative work, providing explicit elaboration on the relationship with preexisting works.
  [ID: 8985d643-f6e4-404a-b24e-fece1ec9937a] Reasoning: This sentence discusses the validity of copyrights in relation to preexisting works but does not clarify the meaning of 'preexisting work'.
  [ID: 5135db55-0438-4dab-a96c-70f63ff7f671] Reasoning: This sentence argues about the validity of copyrights based on undisclosed preexisting works, but does not clarify the meaning of 'preexisting work'.
  [ID: 656388b6-a0ea-4cfe-a49a-ead99fc7577e] Reasoning: This sentence states that a work is not based on any preexisting work, which could imply a contrast but does not provide a clear interpretation of 'preexisting work'.
  [ID: 7475fd3a-6215-443f-8cb8-f1f89aa0b8c1] Reasoning: This sentence is a direct repetition of the definition of 'derivative work' from the statute, providing no new interpretive information.
  [ID: a5e2ae9a-3237-436b-90e0-ebf6baa3a11d] Reasoning: This sentence provides instructions for identifying preexisting work in the context of copyright registration, which adds some interpretive context.
  [ID: f637a0af-1acd-464b-9344-2465e4fc1bcd] Reasoning: This sentence is a verbatim repetition of the definition of 'derivative work' from the statute, providing no new interpretive information.
  [ID: 9eca05c2-6c36-4d80-ac0b-ed79077a0f23] Reasoning: This sentence is a direct repetition of the definition of 'derivative work' from the statute, providing no new interpretive information.
  [ID: cad24f36-72bd-4205-b057-ac8b02f3dc57] Reasoning: This sentence references the independence of derivative works from preexisting works but does not provide a clear interpretation of 'preexisting work'.
  [ID: 75fd18d0-b811-428e-a9a1-aab75f468e7c] Reasoning: This sentence discusses the relationship between derivative and preexisting works in the context of copyright registration but does not clarify the meaning of 'preexisting work'.
  [ID: b790ae72-f0a0-4ca5-a0eb-0b32586c374c] Reasoning: This sentence discusses the sufficiency of registration for derivative works in relation to preexisting works but does not clarify the meaning of 'preexisting work'.
  [ID: e8d09e51-d159-49bd-bf9e-6b34ef206489] Reasoning: This sentence indicates a lack of identification of a preexisting work but does not provide a clear interpretation of 'preexisting work'.
  [ID: 9b170c36-66a4-44f9-9efc-19474bb1c188] Reasoning: This sentence discusses the lack of information regarding the underlying preexisting work but does not clarify the meaning of 'preexisting work'.
  [ID: cbcd5013-3058-433c-99ef-c28dad9d857d] Reasoning: This sentence discusses a specific case involving preexisting works but does not provide any interpretive information about the term 'preexisting work' itself.
  [ID: 2540e1ee-c5c3-4fbf-8fb6-74cc3d1b84ce] Reasoning: This sentence mentions the difficulty in identifying types of material but does not elaborate on the meaning of 'preexisting work'.
  [ID: b57259ed-39f7-4ff0-8f52-8795a35f089b] Reasoning: This sentence repeats the statutory definition of 'derivative work' and does not add any new interpretive information about 'preexisting work'.
  [ID: 21944ac3-26f4-4452-8a47-7b27e23e11c8] Reasoning: This sentence states that a 'derivative' work is based on a 'preexisting work' but does not provide any additional interpretive information.
  [ID: fa5298fc-8476-4cbc-a0ae-a950884c62b8] Reasoning: This sentence quotes the statutory definition of 'derivative work' and does not provide any new interpretive information about 'preexisting work'.
  [ID: 641c1930-2ac6-436e-be14-3e58fae7f4c1] Reasoning: This sentence cites a case and discusses the qualitative importance of a portion of a preexisting work but does not clarify the meaning of 'preexisting work'.
  [ID: 852a44d0-5f01-4dfc-b40a-4a48155396df] Reasoning: This sentence refers to a procedural requirement regarding the identification of preexisting works but does not elaborate on the meaning of 'preexisting work'.
  [ID: 69257ebd-d150-46bf-8d3a-5133955a950e] Reasoning: This sentence discusses an agreement regarding preexisting work but does not provide interpretive information about the term itself.
  [ID: 7d46f974-bf5d-4a9d-920a-d5e2c8d030cb] Reasoning: This sentence discusses the determination of originality in relation to derivative works and preexisting works but does not clarify the meaning of 'preexisting work'.
  [ID: 13e2c85a-27fa-4d46-a4c7-3831e5de2f2e] Reasoning: This sentence discusses the originality of derivative works in relation to preexisting works but does not provide a definition or clarification of 'preexisting work'.
  [ID: a93e3279-1b92-4fb3-b771-e48742eccbe7] Reasoning: This sentence discusses legislative intent regarding foreign preexisting works but does not clarify the meaning of 'preexisting work'.
  [ID: 7e0a1afd-0b43-407a-950b-e0f526d32b29] Reasoning: This sentence repeats the statutory definition of 'derivative work' and does not add any new interpretive information about 'preexisting work'.
  [ID: c51a3565-32e7-4228-86ed-61878d4f1b02] Reasoning: This sentence quotes the statutory definition of 'derivative work' and does not provide any new interpretive information about 'preexisting work'.
  [ID: d5714508-19ee-4d59-8d31-960bb95367ba] Reasoning: This sentence discusses grievances related to a preexisting work relationship but does not clarify the meaning of 'preexisting work'.
  [ID: 3e829ba3-11ce-4fac-a7f0-eb8110167fd1] Reasoning: This sentence states that a work must be recast, transformed, or adapted from a preexisting work to be considered a derivative work but does not elaborate on the meaning of 'preexisting work'.
  [ID: e4a8a052-74b0-45b2-b9aa-dd5d1e244a2f] Reasoning: This sentence states that a derivative work must be substantially different from the preexisting work but does not clarify the meaning of 'preexisting work'.
  [ID: 4eaaa988-3fbe-4c3f-8ac2-89cd6673dda4] Reasoning: This sentence discusses the requirement for consent from the copyright holder of the preexisting work but does not clarify the meaning of 'preexisting work'.
  [ID: f061ccdd-9656-42df-bdcb-aac386ff4eb6] Reasoning: This sentence discusses the subject matter requirement for copyrightable works including those based on preexisting works but does not clarify the meaning of 'preexisting work'.
  [ID: 4e61062e-8e19-42c3-9886-d5d52931a9fc] Reasoning: This sentence states that a musical is based on a preexisting work but does not provide any interpretive information about the term 'preexisting work'.
  [ID: 4c0eb90b-34db-4372-af84-c95f4cab4c08] Reasoning: This sentence repeats the statutory definition of 'derivative work' and does not add any new interpretive information about 'preexisting work'.
  [ID: 8a2829e5-afe1-4c41-b28a-6c5e4460d69b] Reasoning: This sentence states that CPI's copyrights are based on a preexisting work but does not clarify the meaning of 'preexisting work'.
  [ID: 01745ad5-a55a-4810-b784-fea733257442] Reasoning: This sentence cites various cases discussing preexisting works but does not provide any new interpretive information about the term itself.
  [ID: 8ee2aa81-4463-4fce-a9f5-9478bce20b61] Reasoning: This sentence repeats the statutory definition of 'derivative work' and does not add any new interpretive information about 'preexisting work'.
  [ID: 902b1e46-ec67-4110-a3ed-bb1338e21d38] Reasoning: This sentence states that a derivative work is based on preexisting works but does not provide any interpretive information about the term 'preexisting work'.
  [ID: 8f3b3d32-9975-440c-b56e-e86f80e7677d] Reasoning: This sentence refers to a registration application asking for identification of preexisting works but does not clarify the meaning of 'preexisting work'.
  [ID: 557b0138-23eb-4393-a226-dd65509f8e54] Reasoning: This sentence discusses compensability of injuries in relation to preexisting work-related injuries but does not provide any interpretive information about the term 'preexisting work' itself.
  [ID: 35697922-976a-417d-9b32-3ba96b790cf8] Reasoning: This sentence is a repetition of the previous one and does not add any new interpretive information regarding 'preexisting work'.
  [ID: 78769fe6-dc87-4320-8e61-c7e41aa5a546] Reasoning: This sentence is identical to the previous one with added emphasis but does not provide any new interpretive information about 'preexisting work'.
  [ID: 6a143a5a-e702-437c-b781-1a98a4240562] Reasoning: This sentence discusses the compensability of injuries in relation to preexisting conditions but does not elaborate on the meaning of 'preexisting work'.
  [ID: 64aa534e-24d9-459e-8bb2-938c10005fe3] Reasoning: This sentence outlines the requirements for showing compensability related to preexisting work but does not provide interpretive information about the term itself.
  [ID: 0653da52-22ee-4419-8cc6-2f53b1d823db] Reasoning: This sentence is a repetition of earlier sentences and does not add any new interpretive information regarding 'preexisting work'.
  [ID: 8e0fb9bd-e10b-4c88-835d-6d9cbf333051] Reasoning: This sentence is similar to previous ones and does not provide any new interpretive information about 'preexisting work'.
  [ID: 83a1dbb3-f312-46e7-9b46-8bd3ec134866] Reasoning: This sentence discusses a court's reasoning regarding a claimant's ability to add a psychiatric injury to a preexisting work-related injury, providing context but not directly interpreting 'preexisting work'.
  [ID: 2475f341-e866-447f-8319-a401190173a8] Reasoning: This sentence discusses the nature of a claim petition in relation to a preexisting work-injury but does not provide interpretive information about 'preexisting work'.
  [ID: ad369c10-15c8-4d79-a2ce-238d2bdde1d7] Reasoning: This sentence defines 'impairment rating' and specifies that it does not include 'any preexisting work-related or nonwork-related impairment', which provides some context but does not elaborate on 'preexisting work'.
  [ID: 0982d2ed-2691-4765-8a16-b8ecea73c537] Reasoning: This sentence describes a specific case of a preexisting work-related psychic injury but does not provide interpretive information about the term 'preexisting work'.
  [ID: ef1b1123-beaf-417a-bb0f-9f9da5e80120] Reasoning: This sentence states that impairment ratings should not include preexisting work-related impairments, which provides context but does not elaborate on the meaning of 'preexisting work'.
  [ID: 1ee3e39d-0856-4b98-a2a3-ce7085493578] Reasoning: This sentence is similar to the previous one and does not provide new interpretive information about 'preexisting work'.
  [ID: 9d35d2ed-8eee-4a48-9b09-d522cd135c42] Reasoning: This sentence defines 'impairment rating' and specifies that it does not include 'any preexisting work-related or non-work-related impairment', which provides context but does not elaborate on 'preexisting work'.
  [ID: 0c10a8a7-7342-45a0-96f3-695daee45c84] Reasoning: This sentence discusses the evaluation of impairment from compensable injuries but does not provide interpretive information about 'preexisting work'.
  [ID: 5ab0556e-44e9-4b07-a471-e109933f6985] Reasoning: This sentence is similar to previous ones and does not provide new interpretive information about 'preexisting work'.
  [ID: ccfcf658-aeab-445c-83db-faf25ee779c9] Reasoning: This sentence discusses a petition related to a preexisting work-related condition but does not provide interpretive information about 'preexisting work'.
  [ID: a997c32d-6032-4123-9cf6-b97e9d7fa44d] Reasoning: This sentence emphasizes that impairment ratings should only consider the compensable injury and not any preexisting work-related impairments, providing context but not elaborating on 'preexisting work'.
  [ID: 9aa41300-88cc-4434-bdd0-a46c9b27202b] Reasoning: This sentence is similar to previous ones and does not provide new interpretive information about 'preexisting work'.
  [ID: 53fb7996-15d1-41b9-8135-888eb8b4f289] Reasoning: This sentence discusses a burden placed on a claimant regarding a self-inflicted injury related to a preexisting work-related injury, providing context but not directly interpreting 'preexisting work'.
  [ID: 4b59283f-87e1-4f22-892e-d24908a78a9a] Reasoning: This sentence discusses a change in a work schedule related to a preexisting work rule but does not provide interpretive information about 'preexisting work'.
  [ID: 1a66127f-4367-4365-ac7c-2017e77f6eee] Reasoning: This sentence discusses evidence related to a discharge made pursuant to a preexisting work rule but does not provide interpretive information about 'preexisting work'.
  [ID: d68e3303-63bd-4f8e-bfa8-2fb3ec01b5aa] Reasoning: This sentence discusses knowledge of a preexisting work-related cumulative trauma injury but does not provide interpretive information about 'preexisting work'.
  [ID: ad2b5aa4-7336-4fc3-b4fd-435f7cf0aadd] Reasoning: This sentence repeats the definition of a derivative work as stated in the statute without adding any new interpretive information.
  [ID: fa4799b9-b087-4c66-81a5-7417ee42c8e7] Reasoning: This sentence discusses a factual scenario involving preexisting work but does not clarify or elaborate on the legal meaning of 'preexisting work' in the context of copyright law.
  [ID: 7f0b110a-74a4-4af5-9398-27a5fab69a45] Reasoning: This sentence provides context about the copyrightability of derivative works and the necessity of identifying preexisting works, which adds interpretive value.
  [ID: 0cf4ed1f-1db3-43bf-a797-746e5be1f962] Reasoning: This sentence implies that the Copyright Office's assessment of originality is influenced by preexisting works, providing implicit elaboration on the term's significance.
  [ID: a0862f62-8547-4351-b10a-e015af86d683] Reasoning: This sentence discusses the consequences of failing to identify preexisting works, which adds context but does not provide explicit interpretive meaning.
  [ID: 5c18270c-bc79-46eb-8ba5-719248700637] Reasoning: This sentence references a case but does not provide any new interpretive information about 'preexisting work' or its legal implications.
  [ID: 5afd144a-b551-42ef-a8a7-c89da139e1cd] Reasoning: This sentence outlines the requirements for a registration application related to derivative works, which adds interpretive value regarding the importance of preexisting works.
  [ID: 42dabbc5-9314-486a-9b7e-73315fa6972a] Reasoning: This sentence explains the importance of identifying preexisting works for determining originality, providing explicit elaboration on the term's significance.
  [ID: 880ecb65-6eea-403e-96ef-e21b614006dd] Reasoning: This sentence discusses eligibility for copyright protection in relation to preexisting works, providing context but not explicit interpretive meaning.
  [ID: 13a90355-acb4-4116-a994-ec1857af2291] Reasoning: This sentence repeats the definition of a derivative work as stated in the statute without adding any new interpretive information.
  [ID: ea1cb9da-a52d-4d5d-81d1-dec2c659e533] Reasoning: This sentence provides a detailed definition of a derivative work, repeating the statute without adding new interpretive information.
  [ID: 19a72fc5-836c-4db6-813b-07f52c53b111] Reasoning: This sentence explains the requirement for identifying preexisting works in registration applications, adding interpretive value regarding the scope of derivative works.
  [ID: 0ad2621a-bb32-4155-a909-7ba35e2ec6fa] Reasoning: This sentence discusses a court's conclusion regarding derivative works and originality, providing context but not explicit interpretive meaning.
  [ID: 84aedf60-7a6c-456e-a192-149caf726ca1] Reasoning: This sentence repeats the definition of a derivative work as stated in the statute without adding any new interpretive information.
  [ID: 9a983036-8b13-4b03-aa49-faf79b10cfea] Reasoning: This sentence mentions preexisting works but does not provide any new interpretive information about their legal meaning.
  [ID: 54b5b1a5-83bd-4199-b76f-cc6f64c3cae4] Reasoning: This sentence discusses the independent copyright protection of derivative works, providing context but not explicit interpretive meaning.
  [ID: ac8ff1e5-8f96-4a55-bf08-f090a83ed36b] Reasoning: This sentence discusses the relevance of intent regarding contributions to preexisting works but does not clarify the legal meaning of 'preexisting work'.
  [ID: a61d54b3-4a2e-4556-8f81-31ffe64fba1e] Reasoning: This sentence discusses the copyright protection of derivative works in relation to preexisting works, providing context but not explicit interpretive meaning.
  [ID: 95c32e4b-967d-4219-9fca-685af4b4b326] Reasoning: This sentence repeats the definition of a derivative work as stated in the statute without adding any new interpretive information.
  [ID: e0ee3cc3-9335-4f23-832b-eb782128afe5] Reasoning: This sentence repeats the definition of a derivative work as stated in the statute without adding any new interpretive information.
  [ID: c135e5ae-ebcc-4ba8-82b8-a1373c197cbb] Reasoning: This sentence discusses the relationship between derivative works and preexisting works in the context of copyright law, providing implicit elaboration.
  [ID: 9e952d00-9f19-434d-8952-454616af6690] Reasoning: This sentence discusses the publication of derivative works and their preexisting components, providing context but not explicit interpretive meaning.
  [ID: 483cc508-b8ce-4708-8f2f-ed8803846436] Reasoning: This sentence repeats the definition of a derivative work as stated in the statute without adding any new interpretive information.
  [ID: ec7b7e7e-3caa-4709-a18d-256f0de015f4] Reasoning: This sentence repeats the definition of a derivative work as stated in the statute without adding any new interpretive information.
  [ID: 9d71a7be-5f6c-4590-a883-206252e7663a] Reasoning: This sentence states that a work is not a derivative work and that the mention of preexisting work was unnecessary, but it does not provide any new interpretive information about the phrase 'preexisting work'.
  [ID: a28b7256-8e3f-4d6e-a1b2-9283ab296a5d] Reasoning: This sentence provides a specific example of a preexisting work listed in a registration application, but it does not elaborate on the meaning of 'preexisting work' itself.
  [ID: 81c2a784-2cdb-4d1f-8590-7d5ef914176d] Reasoning: This sentence quotes the statutory definition of a derivative work, which includes the phrase 'preexisting works', but does not add any interpretive meaning.
  [ID: cc2fc938-379f-4356-845e-5d95105b6337] Reasoning: This sentence discusses a legal case involving a preexisting work but does not provide any new interpretive information about the term itself.
  [ID: 7524ba86-4f81-4a4b-8134-986b97a76b15] Reasoning: This sentence cites the statute verbatim, which does not contribute any new interpretive information about 'preexisting work'.
  [ID: 882eec02-f396-45f2-8cf9-a8c53090f9cd] Reasoning: This sentence references the Copyright Act and discusses related cases but does not provide new interpretive information about 'preexisting work'.
  [ID: 48f15c04-d929-4875-9d43-0f3e28d656fb] Reasoning: This sentence discusses a defendant's argument regarding a preexisting work but does not elaborate on the meaning of 'preexisting work'.
  [ID: 62dc107e-94d1-4c70-addc-158e9d466ed5] Reasoning: This sentence discusses a legal standard related to originality and preexisting works but does not provide new interpretive information about 'preexisting work'.
  [ID: 1fb47256-82ad-4dca-bb13-8d6f6cbeaeee] Reasoning: This sentence discusses the implications of using a preexisting work but does not clarify the meaning of 'preexisting work' itself.
  [ID: e5030f39-75db-4750-8bf4-f479dab195db] Reasoning: This sentence implies a standard for similarity to preexisting works but does not provide explicit interpretive information about 'preexisting work'.
  [ID: 2a952c6b-98eb-41e3-a6be-0c842be8e21f] Reasoning: This sentence quotes the statutory definition of a derivative work, which includes 'preexisting works', but does not add any interpretive meaning.
  [ID: 5fb1d761-93f3-433c-b44e-4f1e60f001ca] Reasoning: This sentence discusses a standard for derivative works in relation to preexisting works, providing some interpretive context, but it is not from a neutral source.
  [ID: 2c0d22d5-274d-4359-ad3f-aa43d2652121] Reasoning: This sentence discusses how copying of a preexisting work may be inferred, providing some context but not explicit interpretive information about 'preexisting work'.
  [ID: 5691fef8-7bf1-4cd9-8f0a-63906e32578f] Reasoning: This sentence provides an example of how a preexisting work can be used in a derivative work, which adds some interpretive context.
  [ID: 82239655-4d81-4430-97ed-85f70d5bb247] Reasoning: This sentence quotes the statutory definition of a derivative work, which includes 'preexisting works', but does not add any interpretive meaning.
  [ID: fd4cd8cb-a182-44ea-893c-8eab2d8308c5] Reasoning: This sentence repeats the statutory definition of a derivative work, which includes 'preexisting works', without adding interpretive meaning.
  [ID: ed3faf74-7c3c-4a08-935c-995e2d60b96f] Reasoning: This sentence also repeats the statutory definition of a derivative work, which includes 'preexisting works', without adding interpretive meaning.
  [ID: 828de42c-ab02-490c-9d19-21c222e3b13e] Reasoning: This sentence discusses a requirement in a registration application to identify preexisting works, but does not provide new interpretive information about 'preexisting work'.
  [ID: 978af1f6-10b5-45a7-8392-1ea9007378bd] Reasoning: This sentence discusses an inference regarding ownership of preexisting works but does not clarify the meaning of 'preexisting work'.
  [ID: ffa44567-3b03-4351-885f-90898965edc8] Reasoning: This sentence states that the plaintiff's entries are silent on ownership of preexisting works, but does not provide interpretive information about 'preexisting work'.
  [ID: ad4b82e3-c4e6-4c7b-9b5e-ce210d7255a5] Reasoning: This sentence discusses the implications of failing to register preexisting works but does not clarify the meaning of 'preexisting work'.
  [ID: 17a18a87-bb5f-4324-b288-5ecb679ee9ad] Reasoning: This sentence discusses a specific registration space related to preexisting works but does not provide new interpretive information about 'preexisting work'.
  [ID: 16e0988d-92b8-44d3-954b-e33881d49d4b] Reasoning: This sentence discusses the definition of derivative work in relation to preexisting works but does not provide new interpretive information about 'preexisting work'.
  [ID: aba7e254-b838-4950-8b8c-9525f11e7720] Reasoning: This sentence discusses case law related to preexisting works but does not provide new interpretive information about the term itself.
  [ID: 6bdd15d3-0624-4f04-872b-24960c291a0b] Reasoning: This sentence repeats the statutory definition of a derivative work, which includes 'preexisting works', without adding interpretive meaning.
  [ID: 4ef8411b-f8fb-4837-a29b-2fe924b1ea82] Reasoning: This sentence quotes the statute verbatim without adding any new interpretive information.
  [ID: 2193c208-095e-4dce-a210-eca5b703df58] Reasoning: This sentence repeats the definition of 'derivative work' from the statute without providing any additional interpretive context.
  [ID: 12a63716-b00b-408f-a004-54a1622d15e9] Reasoning: This sentence discusses a court case that interprets the concept of derivative works in relation to preexisting works, providing context and interpretation beyond the statute.
  [ID: 0ba32686-c038-4796-8238-a16a1d5ea4d7] Reasoning: This sentence provides an example of a derivative work, illustrating the concept of 'preexisting work' in a practical context, which adds interpretive value.
  [ID: b11bc0b2-6190-411b-8647-2ff85b9d4765] Reasoning: This sentence explains the requirement for additional contributions to a preexisting work for copyright protection, adding interpretive context to the concept of derivative works.
  [ID: db89e2c4-6eca-43cb-bcb4-823e497b30bd] Reasoning: This sentence discusses the necessity for a derivative work to be 'substantially different' from the preexisting work, providing important interpretive information.
  [ID: 55dc3685-40b5-4ac5-87cd-3d33e74b8838] Reasoning: This sentence discusses the requirements for identifying preexisting works in the context of derivative works, which adds interpretive value.
  [ID: b44eeaa1-ce2a-4dd3-b431-b84c2c381f0b] Reasoning: This sentence outlines the identification requirements for preexisting works in derivative work applications, providing relevant interpretive context.
  [ID: 02fa8306-6cb2-47f6-ab78-bb29a1f56887] Reasoning: This sentence discusses the registration application requirements, which adds context to the interpretation of 'preexisting work' in derivative works.
  [ID: e7e9fe11-b610-4a7b-985b-5d695006159c] Reasoning: This sentence clarifies the singular requirement for identification in the statute, which adds interpretive context to the understanding of 'preexisting work'.
  [ID: 3c413ba3-4694-48a6-9a39-6f2a0dfdbfce] Reasoning: This sentence repeats the identification requirements for derivative works without adding any new interpretive information.
  [ID: 6e2fd0c2-3563-4cc9-aae0-7b93e320aa66] Reasoning: This sentence discusses the implications of copyright registration for derivative works based on preexisting works, providing interpretive context.
  [ID: b810ee2d-a619-465a-8bf2-e5f8ba33df73] Reasoning: This sentence repeats the definition of 'derivative work' from the statute without providing any additional interpretive context.
  [ID: b4e231d0-4b0f-4fec-9ae5-8aca025beccc] Reasoning: This sentence discusses a legal opinion regarding derivative works and preexisting works, providing interpretive context.
  [ID: e25d4efa-2e71-4362-b560-15da5d8cca62] Reasoning: This sentence outlines the requirements for copyright application regarding preexisting works, adding interpretive context.
  [ID: 8dfa408e-a32f-4b01-8927-8b8ad0e43b6b] Reasoning: This sentence repeats the definition of 'derivative work' from the statute without providing any additional interpretive context.
  [ID: 1c61200a-3bb1-462e-aacf-ab7b0a45ad70] Reasoning: This sentence discusses the purpose of disclosure regarding preexisting works in derivative registrations, providing interpretive context.
  [ID: edbc4691-54a7-4c88-946f-050c87038c35] Reasoning: This sentence suggests that disclosure of preexisting works may be required, adding interpretive context to the understanding of derivative works.
  [ID: 30d7adcf-9673-401c-a6d6-4d41a6df3bff] Reasoning: This sentence outlines the identification requirements for derivative works, which adds interpretive value.
  [ID: ccd8e8a4-0dc5-42be-aa1e-8269e8d78fe4] Reasoning: This sentence discusses the registration requirement for derivative works based on preexisting works, providing relevant interpretive context.
  [ID: 75c429a4-e2bf-449c-ae8d-c03fd9a412ca] Reasoning: This sentence discusses a court case regarding the independence of copyright in derivative works from preexisting works, providing interpretive context.
  [ID: eb5eabe3-ff4e-4186-a841-b99123e204e4] Reasoning: This sentence repeats the definition of 'derivative work' from the statute without providing any additional interpretive context.
  [ID: 7551a957-bfc4-4e2b-b2ba-3083c777a789] Reasoning: This sentence repeats the definition of 'derivative work' from the statute without providing any additional interpretive context.
  [ID: c7ba362e-03b7-478d-a835-3745a2a71b49] Reasoning: This sentence contains procedural information unrelated to the interpretive meaning of 'preexisting work'.
  [ID: e3e63221-b68c-4bc4-8cce-b2e0d43a2ceb] Reasoning: This sentence is a heading and does not provide any interpretive information regarding 'preexisting work'.
  [ID: 28e85042-c735-4d81-91e6-f65088c49353] Reasoning: This sentence repeats the statutory definition of a derivative work without adding any new interpretive information.
  [ID: fb58346b-6327-46a8-8068-bcc369e744c7] Reasoning: This sentence also repeats the statutory definition of a derivative work, providing no new interpretive information.
  [ID: a75b3cb1-2e61-4bd7-b249-cb0c98540851] Reasoning: This sentence restates the definition of a derivative work as found in the statute, lacking any additional interpretive value.
  [ID: 9774e58a-d6ae-4841-9986-026d6d2f6d3f] Reasoning: This sentence discusses applications for registration but does not provide new interpretive information about 'preexisting work'.
  [ID: 04b93e90-c0b9-4536-bf87-31c2920cb8ea] Reasoning: This sentence identifies a specific preexisting work but does not elaborate on the meaning of 'preexisting work'.
  [ID: af1c2004-9fa2-4e7d-a601-30049181786e] Reasoning: This sentence provides a conclusion about the nature of the plaintiffs' works being derivative based on the definition, adding some interpretive context.
  [ID: a63c5f1b-d0ca-4961-8998-a812142a4585] Reasoning: This sentence repeats the statutory definition of a derivative work without adding any new interpretive information.
  [ID: 66605182-4948-4498-a9c4-d5b894c24258] Reasoning: This sentence quotes the statute verbatim, providing no new interpretive information.
  [ID: 712bcb3b-7483-4bbe-8d41-b52d332c42d7] Reasoning: This sentence restates the definition of a derivative work as found in the statute, lacking any additional interpretive value.
  [ID: d52116d2-f5a8-4229-898c-f3bfe8da78cb] Reasoning: This sentence discusses the implications of copying expressive elements from preexisting works, which adds some interpretive context regarding the rights associated with preexisting works.
  [ID: 42886a36-b444-4604-b334-c65a4acd083c] Reasoning: This sentence discusses copyright protection for innovative melding of elements from preexisting works, providing interpretive context about the boundaries of protection.
  [ID: e15ca642-ce57-4d8e-8132-59c2e92e6ee2] Reasoning: This sentence restates the definition of a derivative work without adding any new interpretive information.
  [ID: e4681d18-e21f-43df-a8b6-f7c9db464bbf] Reasoning: This sentence discusses the conditions under which a work is considered derivative, providing some interpretive context about the relationship between derivative works and preexisting works.
  [ID: 97c04e60-c467-40c0-841a-069a01e3ca03] Reasoning: This sentence discusses the potential deterrent effect on the creation of new works due to concerns about similarity to preexisting works, providing interpretive context.
  [ID: 6a8fa9a9-1b12-4c4d-acbe-54cbe4b4f36b] Reasoning: This sentence discusses the requirement for originality in derivative works as held by the Second Circuit, providing interpretive context about the nature of derivative works.
  [ID: 1c28bd06-8672-430d-8b8b-e1a75e9a500a] Reasoning: This sentence discusses the consideration of artistic differences in derivative works, providing interpretive context about how derivative works relate to preexisting works.
  [ID: cdf8603b-e1fc-4d1d-adca-d55e2841a94c] Reasoning: This sentence describes a specific preexisting work but does not provide new interpretive information about the term 'preexisting work'.
  [ID: beb53704-d383-47cd-a0b0-47dfb5b41e64] Reasoning: This sentence discusses the court's findings regarding artistic differences between works, providing some interpretive context about the relationship between derivative and preexisting works.
  [ID: c99a176c-09cd-412b-aa02-2060503af607] Reasoning: This sentence discusses differences in appearance between characters and their preexisting works, providing some interpretive context about the nature of derivative works.
  [ID: e4001c35-345b-458a-ada5-bbc22a808851] Reasoning: This sentence repeats the statutory definition of a derivative work without adding any new interpretive information.
  [ID: 465f111a-a847-4cff-93ef-8fed9ccfd799] Reasoning: This sentence discusses the implications of copying from derivative or collective works, providing some interpretive context about the relationship between derivative works and preexisting works.
  [ID: 49718da3-02e6-4383-88fd-06a3cb874c17] Reasoning: This sentence raises a question about the necessity of separate registration for preexisting works, providing interpretive context about the legal implications of derivative works.
  [ID: 92b7dd21-0766-4b9a-bca3-d7ab01df4e55] Reasoning: This sentence discusses the obligation to file separate registrations for preexisting works, providing interpretive context about the legal treatment of such works.
  [ID: 992b4ef3-d077-45df-af10-58d274be3db9] Reasoning: This sentence discusses the copyright owner's rights regarding derivative and preexisting works, providing interpretive context about the legal implications of these relationships.
  [ID: a09e9646-f284-4a52-ab27-d7f15155678f] Reasoning: This sentence discusses how the copyright ownership of derivative works may affect registration and infringement actions, providing interpretive context about the legal implications of derivative and preexisting works.
  [ID: 9dbda59c-87fc-43aa-b806-8c909930b27f] Reasoning: This sentence discusses inadvertent failures to list preexisting works but does not provide any interpretive information about the phrase 'preexisting work' itself.
  [ID: 576b1cc4-ff26-4942-a86d-53c8a6d18655] Reasoning: This sentence mentions that Wilson's works are derived from preexisting works, but it does not elaborate on the meaning of 'preexisting work' or provide new interpretive information.
  [ID: 8edaa687-87fa-4c48-b37c-f2266eba5f16] Reasoning: This sentence expresses an opinion about whether Wilson's materials are derivative works but does not clarify or elaborate on the meaning of 'preexisting work'.
  [ID: 0eb15edb-76c5-46b8-8fcf-3e3986ece10a] Reasoning: This sentence states that Wilson's applications did not reflect any incorporation of preexisting works, but it does not provide interpretive information about the term 'preexisting work'.
  [ID: 00fd2b3c-0b5d-4635-a6ba-a75de9c66bf3] Reasoning: This sentence paraphrases the statute's definition of a derivative work without adding any new interpretive information about 'preexisting work'.
  [ID: 68e55d2e-0029-4e73-813f-01180349f59] Reasoning: This sentence contrasts Wilson's original text with his maps, which are derivative of preexisting work, but does not elaborate on the meaning of 'preexisting work'.
  [ID: c569ae38-008d-4391-aa3c-8b8740897052] Reasoning: This sentence discusses copyright registration for derivative works and mentions preexisting works, but it does not provide new interpretive information about 'preexisting work'.
  [ID: 53d1dfb8-7644-48a9-9490-137a0c16fec6] Reasoning: This sentence quotes the statute verbatim, providing no new interpretive information about 'preexisting work'.
  [ID: 620aa67f-8b9d-4f84-9d59-94510e5efaad] Reasoning: This sentence reiterates the statutory requirement for derivative works to incorporate substantial elements of preexisting works without adding interpretive meaning.
  [ID: de1dbd4b-ffd5-4e7c-88a1-763cc6e671f6] Reasoning: This sentence cites a case discussing derivative works and preexisting works but does not provide new interpretive information about 'preexisting work'.
  [ID: 27d12636-b931-460a-a067-e7117cd661ee] Reasoning: This sentence quotes the statute verbatim, providing no new interpretive information about 'preexisting work'.
  [ID: e4994c56-e377-4d9c-8293-98840731bd2d] Reasoning: This sentence mentions preexisting works in a context that does not clarify or elaborate on the meaning of 'preexisting work'.
  [ID: 72e3178d-2f5e-4a8d-a757-343df967ef2e] Reasoning: This sentence reiterates the statutory requirement for derivative works to incorporate substantial elements of preexisting works without adding interpretive meaning.
  [ID: dc0902a1-9d7b-46fa-9070-2c90628f88a8] Reasoning: This sentence discusses a court's interpretation of derivative works and preexisting works but does not provide new interpretive information about 'preexisting work'.
  [ID: 4fe9e538-4d8b-46ef-8dbd-6dd13205c27f] Reasoning: This sentence quotes the statute verbatim, providing no new interpretive information about 'preexisting work'.
  [ID: 2807307b-35cf-49c3-a565-33b379989488] Reasoning: This sentence quotes the statute verbatim, providing no new interpretive information about 'preexisting work'.
  [ID: a93b9e7b-1eac-43ca-b89b-1613f7e10de5] Reasoning: This sentence discusses the requirements for registration of a derivative work but does not provide new interpretive information about 'preexisting work'.
  [ID: c85ad899-b2c8-4fc3-a796-eaeaef700959] Reasoning: This sentence mentions the registration form's requirement to identify preexisting works but does not elaborate on the meaning of 'preexisting work'.
  [ID: 504582c1-8b65-4f1a-97d8-c6f0ba596d95] Reasoning: This sentence paraphrases the statute's definition of a derivative work without adding any new interpretive information about 'preexisting work'.
  [ID: 90df0e4d-c8e3-4530-bbf1-32e14ed2f2ba] Reasoning: This sentence discusses the implications of copyright protection in relation to preexisting works but does not clarify or elaborate on the meaning of 'preexisting work'.
  [ID: 4f85c55e-b705-4b56-83e2-dac7765669c5] Reasoning: This sentence discusses case law related to copyright and preexisting works but does not provide new interpretive information about 'preexisting work'.
  [ID: d334341c-5741-48a8-8643-51e4e2b5011e] Reasoning: This sentence quotes the statute verbatim, providing no new interpretive information about 'preexisting work'.
  [ID: 430da74d-2758-4355-aecb-ef32791e149e] Reasoning: This sentence discusses rules unrelated to copyright or the meaning of 'preexisting work', thus providing no interpretive value.
  [ID: 1f8c437d-ffbd-4710-8279-77bfe4d6e632] Reasoning: This sentence mentions preexisting works in a context that does not clarify or elaborate on the meaning of 'preexisting work'.
  [ID: b3731413-9706-4824-976a-4377086f405b] Reasoning: This sentence reiterates the statutory requirement for derivative works to incorporate substantial elements of preexisting works without adding interpretive meaning.
  [ID: 1b3f74f1-84e1-451f-b5c0-98e3076cf857] Reasoning: This sentence discusses the implications of owning the copyright of a preexisting work in relation to derivative works, which adds context to the legal framework surrounding 'preexisting work'.
  [ID: ddd3322b-3d7a-4b72-8d06-378923b939a4] Reasoning: This sentence references a case that discusses the registration of preexisting works but does not provide new interpretive information about the phrase 'preexisting work'.
  [ID: 5047f5c6-5b9e-4aed-bf00-85c8b21e88cf] Reasoning: This sentence mentions the unlawful use of preexisting copyrighted material but does not elaborate on the meaning of 'preexisting work'.
  [ID: bae99c1c-83d3-4940-824e-e4a8e5bd12bc] Reasoning: This sentence explains a requirement for registration that involves identifying preexisting works, which adds context to the legal understanding of 'preexisting work'.
  [ID: c3ad681d-6e9a-43ff-95b4-596a5c45d2d0] Reasoning: This sentence repeats the statutory definition of 'derivative work' and does not add any new interpretive information.
  [ID: 6ec050ee-cac9-470c-a636-d0e1714e1d3d] Reasoning: This sentence provides an example of how a motion picture relates to preexisting works, which adds interpretive value to the understanding of 'preexisting work'.
  [ID: a0980a26-5cd4-49e5-b9f8-97f1cbb4cf66] Reasoning: This sentence repeats the statutory definition of 'derivative work' and does not add any new interpretive information.
  [ID: 9b7f7e23-8778-4794-a38c-852b58e327ef] Reasoning: This sentence contrasts the originality of collective works with derivative works, providing insight into the treatment of preexisting works, which adds interpretive value.
  [ID: fd1cac63-781e-4c25-a17a-a9d58dc22d73] Reasoning: This sentence discusses how standardized tests relate to preexisting works but does not provide new interpretive information about 'preexisting work'.
  [ID: 838f1f7d-b258-47e0-9e16-ca773cfbd568] Reasoning: This sentence repeats the statutory definition of 'derivative work' and does not add any new interpretive information.
  [ID: 54ce2249-b01e-4c2b-97d0-38b2e6f8d8cf] Reasoning: This sentence discusses the failure to identify original drawings as preexisting works, which adds context to the legal implications of 'preexisting work'.
  [ID: b1435c60-9280-4b9c-ba9d-a512c9ba2b39] Reasoning: This sentence mentions allegations related to the identification of preexisting works but does not provide new interpretive information about the phrase 'preexisting work'.
  [ID: cb794b69-72a1-4fa8-bd50-774f42f8b6da] Reasoning: This sentence discusses a specific procedural aspect of copyright registration related to preexisting works, which adds context but not significant interpretive value.
  [ID: c344aedf-3564-4862-ae32-196dbbebc75b] Reasoning: This sentence repeats the statutory definition of 'derivative work' and does not add any new interpretive information.
  [ID: 1c42a7b5-d8b7-4e60-a276-6d996d2742ed] Reasoning: This sentence provides a clear example of a derivative work, which helps clarify the concept of 'preexisting work' in context.
  [ID: 24cf61a1-e604-4239-95a8-1c2bde42bb81] Reasoning: This sentence discusses the implications of combining multiple preexisting works but does not provide new interpretive information about 'preexisting work'.
  [ID: b40a5a85-146c-4678-8a4f-9ed81d61bcf6] Reasoning: This sentence repeats the statutory definition of 'derivative work' and does not add any new interpretive information.
  [ID: 61b856fd-c2c8-4a7c-8bbf-e35a5c8dd905] Reasoning: This sentence repeats the statutory definition of 'derivative work' and does not add any new interpretive information.
  [ID: 0273d729-5615-42b8-9e54-94a3b5119886] Reasoning: This sentence repeats the statutory definition of 'derivative work' and does not add any new interpretive information.
  [ID: 100ee60a-9c8f-4d63-aa35-2cdca7dbc0ff] Reasoning: This sentence provides a condition under which a work is considered derivative, which adds interpretive value to the understanding of 'preexisting work'.
  [ID: 396cac78-d38a-4709-9705-003f5afcb82e] Reasoning: This sentence repeats the statutory definition of 'derivative work' and does not add any new interpretive information.
  [ID: 0a9dff87-97b7-40b9-a649-f49e69b89850] Reasoning: This sentence explains the concept of derivative work in relation to infringement, which adds interpretive value to the understanding of 'preexisting work'.
  [ID: a8fe86a3-54a7-4259-9694-4d2cbd730b57] Reasoning: This sentence states that the preexisting work is subject to valid copyright, but does not provide new interpretive information about 'preexisting work'.
  [ID: bdd7809c-b23d-48ae-a098-7206931e01e5] Reasoning: This sentence discusses the facts of a case but does not provide new interpretive information about 'preexisting work'.
  [ID: 7df13196-3d08-499c-986c-025ea4683fe3] Reasoning: This sentence describes a procedural aspect of copyright registration related to identifying preexisting works, which adds context but not significant interpretive value.
  [ID: f86de447-f4f0-47fc-8696-d799265c7fc0] Reasoning: This sentence discusses a court's holding regarding product shots as derivative works based on a specific preexisting work, adding context to the application of the term 'preexisting work' in a legal setting.
  [ID: 7b200134-0495-4c50-acca-1307e1488cac] Reasoning: This sentence provides a court's finding that the Skyy bottle is a preexisting work and discusses its trade dress and copyright status, which adds interpretive context to the term 'preexisting work'.
  [ID: e4c3af7f-7039-427e-a406-7a8867794fe3] Reasoning: This sentence simply restates the statutory definition of a derivative work without adding any new interpretive information.
  [ID: 8d07a00c-8001-4558-99dd-9f7539704485] Reasoning: This sentence explains the court's reasoning that photographs are derivative works based on the Skyy vodka bottle, but it lacks detailed elaboration on the meaning of 'preexisting work'.
  [ID: 08bdd87d-c31d-4eca-aa95-9ffc2ed0b83b] Reasoning: This sentence states that the Skyy bottle is a preexisting work by the statutory definition, which does not add new interpretive information.
  [ID: a6949f68-e6c2-437d-9c34-73794deee261] Reasoning: This sentence critiques the district court's application of the derivative work framework, providing interpretive insights into the requirements for a preexisting work, thus adding value.
  [ID: 70a57696-4d21-4e8e-9395-6513d2e0fc8b] Reasoning: This sentence is a heading and does not provide any interpretive information regarding the phrase 'preexisting work'.
  [ID: 1d39c466-94b9-42e8-b849-8d440aef2c10] Reasoning: This sentence explains the requirement for a work to be based on a copyrightable preexisting work, providing important interpretive context for understanding 'preexisting work'.
  [ID: 7ebb4fea-d225-4e0d-8d62-8bd5e92b14b1] Reasoning: This sentence discusses the requirement for the preexisting work to be copyrightable, which adds interpretive value to the understanding of 'preexisting work'.
  [ID: 24d297fa-36ae-4729-81b4-a67aca4d9af1] Reasoning: This sentence elaborates on the presupposition that the preexisting work must be copyrightable, providing interpretive context for the term 'preexisting work'.
  [ID: 4b6aee0c-6b94-46a5-a3ef-7ceb8a1a0902] Reasoning: This sentence discusses the inclusion of original works of authorship, but does not provide specific interpretive information about 'preexisting work'.
  [ID: 571d5fe4-5e49-48ec-b562-be08d77acbbc] Reasoning: This sentence compares definitions of derivative works and compilations, providing context that may help clarify the meaning of 'preexisting work'.
  [ID: 6360b6a0-4874-47d7-a6b0-404522bc1fff] Reasoning: This sentence reiterates the definition of derivative work without adding new interpretive information about 'preexisting work'.
  [ID: 9509e59f-f68b-42ca-b150-6e6093edaed4] Reasoning: This sentence discusses the distinction made by Congress regarding 'preexisting work' versus 'preexisting materials', which adds interpretive value.
  [ID: 2bba2d73-3f91-4c04-b12b-85f9e60ce1cb] Reasoning: This sentence references a legal opinion that interprets the term 'preexisting works' in relation to copyright, providing valuable interpretive context.
  [ID: 2f17927b-a6c7-4005-ab55-17628e6efc83] Reasoning: This sentence provides insights from a House report that clarifies the requirements for a derivative work, adding interpretive value to 'preexisting work'.
  [ID: fd8ff55d-3a5a-4982-a42b-4d61c1b4163a] Reasoning: This sentence cites a legal article discussing the requirements for derivative works, which adds interpretive context to the understanding of 'preexisting work'.
  [ID: 4eddbae5-7974-45aa-9d97-c0101e46f25e] Reasoning: This sentence discusses trade dress protection in relation to the Skyy bottle but does not clarify the meaning of 'preexisting work'.
  [ID: 969ba6f0-6293-4e60-a8fe-f0fced83bf45] Reasoning: This sentence recognizes the copyrightability requirement for a preexisting work, which adds interpretive value to the term 'preexisting work'.
  [ID: c01c4e6f-a5ec-4765-8b0c-cc915952965c] Reasoning: This sentence critiques the district court's treatment of the bottle as a preexisting work, providing interpretive insights into the term's application.
  [ID: 9cc96669-5915-4f57-a06c-85cdd30be9ae] Reasoning: This sentence explains why the bottle does not qualify as a preexisting work under the Copyright Act, providing valuable interpretive context.
  [ID: db0cff7d-33b9-402a-aa80-e6165a5bf6a1] Reasoning: This sentence repeats the statutory definition of a derivative work without adding any new interpretive information.
  [ID: dfbd754d-509f-4177-b30b-3b6ea8a6e638] Reasoning: This sentence discusses the implications of holding that trade dress protection is sufficient for a preexisting work, adding interpretive context to the term.
  [ID: 63b783d3-9d93-418e-85e0-ad99a69391e2] Reasoning: This sentence reiterates the definition of a derivative work without adding new interpretive information about 'preexisting work'.
  [ID: 29f49bfb-2169-4f91-91f4-546e10d862ad] Reasoning: This sentence states that a derivative work must substantially incorporate protected material from the preexisting work, which adds interpretive value to the understanding of 'preexisting work'.
  [ID: ea44bd50-f137-45ad-9635-4f2463792025] Reasoning: This sentence discusses the necessity of disclosing preexisting works in copyright applications, which adds context but does not provide new interpretive information about the phrase 'preexisting work' itself.
  [ID: 3d432a60-b380-4417-a4b3-3449122ce81d] Reasoning: This sentence mentions the lack of evidence regarding the use of preexisting works but does not elaborate on the meaning of 'preexisting work' itself.
  [ID: 52395b02-834d-4fc4-8cdc-4091d5e270e9] Reasoning: This sentence discusses the minimal contributions to preexisting works and their implications for copyright, which provides some interpretive context but does not define or elaborate on 'preexisting work'.
  [ID: eda8ec2e-5673-47d6-9409-980ebb40ebe5] Reasoning: This sentence quotes the statute verbatim, providing no new interpretive information about 'preexisting work'.
  [ID: 28dd5dce-0136-46f3-9e91-2fb1da35df75] Reasoning: This sentence provides a legal interpretation regarding derivative works and their relation to preexisting works, which adds some interpretive value.
  [ID: f09199a2-eb4a-4e60-b566-1b1d1dd187bc] Reasoning: This sentence defines 'derivative work' and includes the phrase 'preexisting works', but it is a near-verbatim quote from the statute, providing no new interpretive information.
  [ID: ef5a3e09-7670-4f13-b5fa-06a942db9e5c] Reasoning: This sentence also quotes the statute closely, providing no new interpretive information about 'preexisting work'.
  [ID: 92e3faf7-4c03-42d7-ae35-2c87d56ed9cf] Reasoning: This sentence discusses the lack of independent creation in relation to preexisting works, which provides some interpretive context but does not define 'preexisting work'.
  [ID: d35eddb1-af2e-4fda-8477-809935c2fe21] Reasoning: This sentence quotes the statute closely, providing no new interpretive information about 'preexisting work'.
  [ID: 18e2e0ea-4caa-4baf-83ed-b1e62ee4ee44] Reasoning: This sentence discusses the copyrightability of a preexisting work, which adds some interpretive context but does not define 'preexisting work'.
  [ID: 5b9d56a8-0540-4ddb-9f7d-125f26288367] Reasoning: This sentence discusses the independence of copyright in derivative works from preexisting works, which provides some interpretive context but does not define 'preexisting work'.
  [ID: ed6f43d1-d33f-4720-bd15-3f301c8b85ca] Reasoning: This sentence discusses the ownership of preexisting work, which adds context but does not provide new interpretive information about 'preexisting work'.
  [ID: 2e143c70-a16f-45b1-a52c-90ab87384a9f] Reasoning: This sentence discusses the invalidation of registrations due to undisclosed preexisting works, which adds context but does not define 'preexisting work'.
  [ID: cea632a5-34ba-4956-bed1-d2e0a8bd840d] Reasoning: This sentence discusses legal cases related to undisclosed preexisting works, which adds context but does not define 'preexisting work'.
  [ID: 2d5054ca-f894-445d-b581-f6cf26a51c4b] Reasoning: This sentence discusses the ownership of preexisting work in relation to copyright registration, which adds context but does not define 'preexisting work'.
  [ID: 5f27c8be-5dc8-4aaa-9e24-049e3e2bd027] Reasoning: This sentence lists requirements for copyright registration and mentions preexisting works, but does not provide new interpretive information about 'preexisting work'.
  [ID: d8c2dd77-8e08-4856-9fa6-380633305225] Reasoning: This sentence acknowledges that the transcripts were preexisting works, but does not provide new interpretive information about 'preexisting work'.
  [ID: e3ae9feb-655f-4b37-a668-0df36b3e22e9] Reasoning: This sentence discusses the focus on modification to preexisting works in relation to derivative works, which adds context but does not define 'preexisting work'.
  [ID: 5827b3c9-158c-40a7-8b2f-7b955c602735] Reasoning: This sentence is a near-verbatim quote from the statute, providing no new interpretive information about 'preexisting work'.
  [ID: 256f2ae0-e278-48b0-b801-204b55712f65] Reasoning: This sentence provides a definition of 'derivative work' and includes the phrase 'preexisting works', but it is a near-verbatim quote from the statute, providing no new interpretive information.
  [ID: c712978c-1873-4cd0-ac2d-4dfd848f69a2] Reasoning: This sentence discusses the implications of copyrighting derivative works on preexisting works, which adds context but does not define 'preexisting work'.
  [ID: 801518ae-4cbf-4ed6-8b4e-45e767570213] Reasoning: This sentence is a near-verbatim quote from the statute, providing no new interpretive information about 'preexisting work'.
  [ID: 97c3aea2-2ae5-4fa9-a517-a9ec1ad16415] Reasoning: This sentence discusses the potential overreach of defining 'derivative work' too broadly, which provides some interpretive context but does not define 'preexisting work'.
  [ID: 8e308c47-17f4-473e-9588-5a1cfa3a342f] Reasoning: This sentence is a near-verbatim quote from the statute, providing no new interpretive information about 'preexisting work'.
  [ID: f454e073-b3be-4f09-ab76-02fd475fae56] Reasoning: This sentence discusses the identification of preexisting works in copyright registration, which adds context but does not define 'preexisting work'.
  [ID: c8f016bd-6b90-4a3a-9f1d-edcee089c966] Reasoning: This sentence merely cites the statute and does not provide any new interpretive information about 'preexisting work'.
  [ID: d34b60db-b2bf-4827-8c4a-3e999a5da461] Reasoning: This sentence discusses specific materials added to a preexisting work, which provides context for understanding how 'preexisting work' is applied in practice, thus offering potential interpretive value.
  [ID: 1e38f0e9-8585-4a37-8f32-c4de3a1af34e] Reasoning: This sentence is a direct citation of the statute and does not add any new interpretive information about 'preexisting work'.
  [ID: 952e0327-082a-4d7a-97b2-747c6e69c084] Reasoning: This sentence provides procedural context regarding the registration of derivative works, which indirectly relates to 'preexisting work' but does not elaborate on its meaning.
  [ID: f282e07d-dd09-430f-9c5a-1490f003a707] Reasoning: This sentence discusses legal standards regarding derivative works and preexisting works, providing interpretive context that could clarify the application of 'preexisting work'.
  [ID: 23713fa5-e020-4f1c-9787-064fae2681af] Reasoning: This sentence is a verbatim repetition of the statute and does not provide any new interpretive information about 'preexisting work'.
  [ID: 66ca7229-4fa2-4fb2-83a8-6011e8d3593f] Reasoning: This sentence discusses a presumption related to preexisting works but does not clarify the meaning of 'preexisting work' itself.
  [ID: e76051fc-0e40-4052-87a9-78d1118f51ff] Reasoning: This sentence is a direct citation of the statute and does not add any new interpretive information about 'preexisting work'.
  [ID: e28c4b3d-0b41-4258-936c-7b35031773d9] Reasoning: This sentence provides a nuanced explanation of the requirements for a derivative work, which adds interpretive value to the understanding of 'preexisting work'.
  [ID: fdd72a29-76fc-4bca-85a5-6ca7e0fc8e25] Reasoning: This sentence discusses the legislative intent regarding the use of preexisting works, which provides context and interpretive value.
  [ID: 93b2a2ca-a812-497f-bb31-b6992a3a7bfc] Reasoning: This sentence is a direct citation of the statute and does not provide any new interpretive information about 'preexisting work'.
  [ID: d011e318-c5ca-427e-9aac-4265bc53c8a1] Reasoning: This sentence discusses the criteria for copyrightability in relation to preexisting works, which adds interpretive context to the term.
  [ID: 6d531700-2019-4bc7-8015-4245e4c91f07] Reasoning: This sentence is a direct citation of the statute and does not provide any new interpretive information about 'preexisting work'.
  [ID: 0fd4f462-7efa-4270-b6a0-36f564a4615e] Reasoning: This sentence discusses the absence of independent creation in relation to preexisting works, which provides interpretive context for understanding 'preexisting work'.
  [ID: 29c19cc1-cd87-4d48-b2db-2518bbc9d0fe] Reasoning: This sentence poses a question regarding the application of 'preexisting work' in a specific context, which suggests interpretive relevance.
  [ID: a537c127-c093-4898-af3f-1da6f3ca88cc] Reasoning: This sentence indicates that a work may be based on multiple preexisting works, which adds interpretive value to the understanding of 'preexisting work'.
  [ID: 3759d87d-dfe5-4244-9424-7f8b0e60fd0a] Reasoning: This sentence is a direct citation of the statute and does not provide any new interpretive information about 'preexisting work'.
  [ID: bd886417-dfac-4a81-8af8-9176e6de31bd] Reasoning: This sentence discusses a legal rule related to preexisting work but does not clarify the meaning of 'preexisting work' itself.
  [ID: 2a6b2677-6df2-49c8-af87-bf7761c6dd6e] Reasoning: This sentence discusses the implications of a legal rule in relation to preexisting work but does not clarify the meaning of 'preexisting work' itself.
  [ID: d9c4ee62-91f1-4fca-b588-8017476f06d5] Reasoning: This sentence discusses the relationship between a last injury and a preexisting work-related condition, which does not clarify the meaning of 'preexisting work' itself.
  [ID: b681b03c-35a4-4c7a-97e3-04539bdfe3c5] Reasoning: This sentence discusses the registration of a work that incorporates preexisting works, which provides context but does not clarify the meaning of 'preexisting work' itself.
  [ID: 429678cb-489f-47b8-8794-2196fbeda6c5] Reasoning: This sentence is a direct citation of the statute and does not provide any new interpretive information about 'preexisting work'.
  [ID: db683304-ef42-42d1-ac54-89086688dcfd] Reasoning: This sentence discusses the applicability of a legal standard to preexisting work, which provides context but does not clarify the meaning of 'preexisting work' itself.
  [ID: 3aa9fb24-6b9a-4892-961e-171fd4a241a9] Reasoning: This sentence discusses the application of a legal standard in relation to preexisting work, which provides context but does not clarify the meaning of 'preexisting work' itself.
  [ID: 4d2ce332-49d6-496a-a0d8-4482dbafa8e6] Reasoning: This sentence discusses the disclosure of preexisting works in a legal context, which provides context but does not clarify the meaning of 'preexisting work' itself.
  [ID: 4086296b-c6cf-4537-8080-b6e11d872e66] Reasoning: This sentence provides a specific example of a preexisting work used in a derivative work context, which adds context but does not elaborate on the meaning of 'preexisting work' itself.
  [ID: 833698a1-82fe-4b71-9eb8-83fd226090d3] Reasoning: This sentence discusses the rights of the owner of a derivative work in relation to the preexisting work, which adds interpretive context about ownership and rights but does not define or clarify 'preexisting work'.
  [ID: 063fbc71-3485-4ae7-adc1-3a2193acdf55] Reasoning: This sentence mentions jewelry designs as derivative works based on preexisting works, indicating a specific application of the term but does not provide a definition or deeper interpretation of 'preexisting work'.
  [ID: 1dbd3931-135e-406f-a3d7-79d04388f8d2] Reasoning: This sentence repeats the statutory definition of 'derivative work' verbatim, providing no new interpretive information.
  [ID: 2154c2ef-846f-44c3-b88f-d5f0d9b3c879] Reasoning: This sentence provides a definition of 'derivative work' and discusses the requirement of substantial copying, which adds interpretive value regarding the relationship between derivative works and preexisting works.
  [ID: 7029862a-b4c4-4dc6-b9cf-30195c10c8b0] Reasoning: This sentence explains that similarity alone does not make a work derivative unless it is substantially copied, which provides important interpretive context regarding the term 'preexisting work'.
  [ID: 0b7fc48a-8f77-4c68-85ad-1a3a7ebbfb10] Reasoning: This sentence restates the definition of a derivative work, similar to the statute, without adding new interpretive information.
  [ID: 3cc053b0-fc06-4365-91b2-b18d815698ad] Reasoning: This sentence repeats the statutory definition of 'derivative work' verbatim, providing no new interpretive information.
  [ID: f0f15f03-1957-4afc-9914-2a24fe48f1b4] Reasoning: This sentence discusses the concept of originality in relation to preexisting works, which adds interpretive context about the boundaries of what constitutes a derivative work.
  [ID: 493f6e4f-02cb-4db8-9e86-cd1be1be71e5] Reasoning: This sentence explains that a derivative work does not infringe unless it has been substantially copied from the preexisting work, which provides important interpretive context.
  [ID: 331dd7fa-0edc-427a-9f2f-3dec02376a0e] Reasoning: This sentence discusses the challenges courts face in distinguishing between idea and expression in relation to preexisting works, which adds interpretive context but does not define 'preexisting work'.
  [ID: 52826702-ba73-4091-abcb-b09d79bc6621] Reasoning: This sentence repeats the statutory definition of 'derivative work' verbatim, providing no new interpretive information.
  [ID: ea4b2cd7-ed25-4cd4-bda9-d5c05b734dc3] Reasoning: This sentence restates the statutory definition of 'derivative work' verbatim, providing no new interpretive information.
  [ID: 096d1209-c4d5-4870-a80b-024ca90d2206] Reasoning: This sentence elaborates that a derivative work must incorporate substantial elements of a preexisting work, which provides important interpretive context.
  [ID: 557ab455-e397-423a-aaff-f34089d1f49e] Reasoning: This sentence provides procedural information regarding the registration of derivative works and preexisting works, but does not clarify the meaning of 'preexisting work'.
  [ID: bea1200d-611d-4741-a34c-122dcb4e0739] Reasoning: This sentence repeats the statutory definition of 'derivative work' verbatim, providing no new interpretive information.
  [ID: 77f38d67-8eb3-49d6-bed6-3394c4c167bd] Reasoning: This sentence states that a story is based on preexisting work, but does not provide any interpretive information about the term 'preexisting work'.
  [ID: 16c66630-cf2b-4abb-9b44-aeafd92eadbd] Reasoning: This sentence repeats the statutory definition of 'derivative work' verbatim, providing no new interpretive information.
  [ID: b97e4119-aae4-4eef-a30d-b2e66135f42a] Reasoning: This sentence clarifies that being 'based upon' does not automatically make a work derivative, which provides important interpretive context regarding the term 'preexisting work'.
  [ID: c0fa0339-8ec4-4a14-9f14-39fa7cbd7272] Reasoning: This sentence states that a derivative work is independently copyrightable and based on a preexisting work, but does not provide further interpretive information about 'preexisting work'.
  [ID: c74313bb-6d8f-42af-8d28-2aa790dbd4a0] Reasoning: This sentence repeats the statutory definition of 'derivative work' verbatim, providing no new interpretive information.
  [ID: cf8c09b7-798a-44db-97df-8ba48059aa2f] Reasoning: This sentence provides specific information about a preexisting work and its registration, which adds context but does not elaborate on the meaning of 'preexisting work'.
  [ID: ffa4b4fd-6b4d-4a42-b74b-cbd434000018] Reasoning: This sentence discusses the registration of a preexisting work and the motifs added, which provides context but does not clarify the meaning of 'preexisting work'.
  [ID: 6dd1c643-3734-409f-a313-391701f4f51b] Reasoning: This sentence discusses procedural aspects of copyright registration related to preexisting works, but does not clarify the meaning of 'preexisting work'.
  [ID: e11bed4c-20ff-4c8f-9dcb-13299e652cf0] Reasoning: This sentence repeats the statutory definition of 'derivative work' verbatim, providing no new interpretive information.
  [ID: 4aa116a5-cd5a-4b5e-b12f-1f2a20674aa5] Reasoning: This sentence discusses the ambiguity regarding whether a preexisting work must be copyrighted or merely protectable, which adds interpretive value to the understanding of 'preexisting work' in the context of derivative works.
  [ID: 823de7e6-401f-4e5f-908e-1559371f01b5] Reasoning: This sentence quotes a case that discusses the conditions under which a work is considered derivative, providing context and interpretation relevant to 'preexisting work'.
  [ID: 99951e89-8197-4fa3-8fd8-56b82b1e27ad] Reasoning: This sentence mentions the lack of cases regarding the protection of preexisting works under trade dress and trademarks, which does not directly elaborate on the meaning of 'preexisting work'.
  [ID: ab77c421-2f99-4b7f-bf45-48cf70debf54] Reasoning: This sentence states that some aspect of the preexisting work must be protected to trigger a derivative works analysis, which adds interpretive value to the understanding of 'preexisting work'.
  [ID: 9bb7ed15-5467-4a1c-bb7c-7abe5aa822ef] Reasoning: This sentence repeats the statutory definition of a derivative work, providing no new interpretive information.
  [ID: 6f8c4e58-ab7a-427d-bb83-5876d1921252] Reasoning: This sentence is a near-verbatim quote of the statutory definition of a derivative work, offering no new interpretive information.
  [ID: 9c8513f1-8980-4ff2-8f39-c12e0780eeb7] Reasoning: This sentence discusses the actions of plaintiffs regarding preexisting works but does not provide interpretive information about the term itself.
  [ID: 599155c7-31af-46b2-8440-1d2341104118] Reasoning: This sentence explains that the author of a derivative work must have rights to the preexisting work, which adds interpretive value to the understanding of 'preexisting work'.
  [ID: 43725212-ac70-4572-b500-cbfa0ebd1959] Reasoning: This sentence is a direct quote from the statute, providing no new interpretive information.
  [ID: 25c159ae-8b96-444b-987a-1f94305e1f89] Reasoning: This sentence is a direct quote from the statute, providing no new interpretive information.
  [ID: c945cc87-c5d5-487f-84dc-71ca6060cd10] Reasoning: This sentence discusses the implications of copyright protection for derivative works and preexisting works, adding interpretive value to the understanding of 'preexisting work'.
  [ID: 0a21fbfd-a614-4fbc-aaef-39a81cb8b3d5] Reasoning: This sentence explains the insufficiency of copyright in the preexisting work for registration of derivative work claims, which adds interpretive value to the understanding of 'preexisting work'.
  [ID: f8b35e87-51f9-4e91-a031-145adcc12721] Reasoning: This sentence discusses the implications of registration for derivative works based on preexisting works, adding interpretive value to the understanding of 'preexisting work'.
  [ID: 5f8b8d84-fcdf-4428-a381-852377531137] Reasoning: This sentence discusses the sufficiency of registration when the author of a derivative work is also the author of the preexisting work, adding interpretive value to the understanding of 'preexisting work'.
  [ID: 3577a806-b73d-438a-8aa4-913a43ee8e24] Reasoning: This sentence references a case that distinguishes between ownership of derivative and preexisting works, which adds interpretive value to the understanding of 'preexisting work'.
  [ID: 01323622-c4b6-4579-ad82-bd8cb5d70e81] Reasoning: This sentence describes a specific example of a preexisting work and its modifications, which adds interpretive value to the understanding of 'preexisting work'.
  [ID: 915ffb17-e980-4f1b-8d71-c256ec6a8ea3] Reasoning: This sentence quotes the statute defining derivative works, providing no new interpretive information.
  [ID: 8623cc1f-1c75-4401-9532-0e6b3a2cf2e2] Reasoning: This sentence is a direct quote of the statutory definition of a derivative work, offering no new interpretive information.
  [ID: 19d6a5fa-1a7a-475a-8ea0-e15f0a1fc50b] Reasoning: This sentence provides a definition of a derivative work that includes the concept of a preexisting work, adding interpretive value to the understanding of 'preexisting work'.
  [ID: d07bd1c0-f6c4-4a24-82de-f1f37bebc0cb] Reasoning: This sentence discusses the protection of elements borrowed from a preexisting work, which adds interpretive value to the understanding of 'preexisting work'.
  [ID: f5357e3f-aaee-4c38-bb50-dbf5f86eecb0] Reasoning: This sentence mentions the authorship of a joint work and its relation to a preexisting work, which adds interpretive value to the understanding of 'preexisting work'.
  [ID: eff8102d-7250-4e25-b7d4-b77832f09627] Reasoning: This sentence discusses case law regarding the infringement of preexisting works, which adds interpretive value to the understanding of 'preexisting work'.
  [ID: c868cd3e-c367-442a-99ee-02a13d48cf68] Reasoning: This sentence is a direct quote from the statute, providing no new interpretive information.
  [ID: 3a42b67d-6390-4c2e-b315-0b44651840d8] Reasoning: This sentence states that a derivative work must incorporate substantial elements of a preexisting work, which adds interpretive value to the understanding of 'preexisting work'.
  [ID: e6e8897b-67ee-4ba9-88e5-3c3659eafb19] Reasoning: This sentence states that a specific item was not a preexisting work, but does not provide interpretive information about the term itself.
  [ID: 0ea058d5-af38-41d8-810b-7a854673f513] Reasoning: This sentence repeats the definition of a derivative work as stated in the statute without adding any new interpretive information.
  [ID: c3504e4b-b78a-45c1-80bf-8f2cb7c1ec89] Reasoning: This sentence provides additional information about copyright protection for derivative works, indicating that they must satisfy originality requirements, which adds interpretive value to the phrase 'preexisting work'.
  [ID: 2db6e4db-2dda-4424-a732-36e1216183c1] Reasoning: This sentence describes a specific instance of combining preexisting works into a new design, which implies a practical application of the term 'preexisting work', but does not provide a clear interpretive elaboration.
  [ID: d623062c-308b-4ea0-b7f0-79d8948a10f9] Reasoning: This sentence discusses the limitations of copyright concerning designs based on preexisting works, which provides context and implications for the use of 'preexisting work' in derivative works.
  [ID: d56530f6-4ae2-47f5-bfa4-a7035ead15af] Reasoning: This sentence cites a legal case regarding the limitations of copyright for derivative works, which adds interpretive context to the phrase 'preexisting work' and its implications.
  [ID: 7fb7fc45-e720-4e70-828c-ab4a438adfa0] Reasoning: This sentence explains that copyright protection for derivative works is limited to the originality added, which is relevant to understanding the implications of 'preexisting work'.
  [ID: 92b0c93d-4e00-4a7c-adbb-0d569c474159] Reasoning: This sentence discusses the similarities between designs and nonprotectible elements, which indirectly relates to the concept of 'preexisting work' but lacks direct interpretive value.
  [ID: 99277ece-0c91-421c-bbbd-22f837570a6b] Reasoning: This sentence cites legal cases regarding the rights associated with derivative works and preexisting works, providing context and implications for the phrase 'preexisting work'.
  [ID: 49c51adf-3b12-481a-9c6f-a7510a58d62e] Reasoning: This sentence states that translations of preexisting works are protected as original works, which adds interpretive value to the understanding of 'preexisting work'.
  [ID: 9c967f6b-90bf-4cc5-9014-a42170a12f80] Reasoning: This sentence discusses a sympathy strike in relation to a preexisting work stoppage, which does not relate meaningfully to the phrase of interest.
  [ID: dd9eccb2-7143-423f-90d3-9f00baaed3cc] Reasoning: This sentence cites a legal case regarding the requirements for establishing copying of a preexisting work, which provides context and implications for the phrase 'preexisting work'.
  [ID: 0c7aea6d-6719-40ab-a014-48e48caad4f8] Reasoning: This sentence provides detailed information about a registration certificate and its relation to preexisting works, which adds interpretive value to the understanding of 'preexisting work'.
  [ID: 8e889189-2094-40a7-a411-c86f10c25240] Reasoning: This sentence discusses a court's view on the protection of unregistered preexisting works, which adds interpretive context to the phrase 'preexisting work'.
  [ID: 3481ab47-affd-44c6-9f0e-6e1a8798cf74] Reasoning: This sentence contrasts the current plaintiff's identification of preexisting work with another case, which provides context but lacks direct interpretive value.
  [ID: 551761e1-5f5c-4da2-a1c2-4e67b98201ac] Reasoning: This sentence discusses the lack of information regarding the underlying preexisting work, which implies boundaries of the term but does not provide direct interpretive elaboration.
  [ID: 25ac194a-889f-474a-aaa7-a81e79c91833] Reasoning: This sentence states that a registration certificate did not list any preexisting work, which implies a limitation but does not provide direct interpretive value.
  [ID: ef3526b5-2cac-43a8-8058-aa3b249e1fd7] Reasoning: This sentence discusses instructions for identifying preexisting works in registration, which provides context but lacks direct interpretive value.
  [ID: 2e2c122c-3948-4405-b040-326039f8b903] Reasoning: This sentence outlines copyright registration requirements for derivative works, which adds interpretive value to the understanding of 'preexisting work'.
  [ID: dde4f037-ea99-4f6c-8e99-dc25d52c994a] Reasoning: This sentence repeats the definition of a derivative work as stated in the statute without adding any new interpretive information.
  [ID: 05f82c99-bbdf-4483-aada-5564ad9cb828] Reasoning: This sentence compares two legal cases regarding derivative and preexisting works, which provides context but lacks direct interpretive value.
  [ID: 7b0cd5b2-9c51-4081-9ad5-4a9994b9c432] Reasoning: This sentence discusses categories of works under copyright law, including those based on preexisting works, which adds context but lacks direct interpretive value.
  [ID: 856d058f-2b07-4a23-8951-b46d929a775b] Reasoning: This sentence discusses the constitutionality of the CTEA in relation to preexisting works, which does not relate meaningfully to the phrase of interest.
  [ID: 3f1bc6d8-7e66-4497-86cf-a8245ab51551] Reasoning: This sentence repeats the definition of a derivative work as stated in the statute without adding any new interpretive information.
  [ID: 93ee723a-d598-48ac-a3a6-fced949baf45] Reasoning: This sentence describes a specific instance of transforming preexisting works into a new format, which adds interpretive value to the understanding of 'preexisting work'.
  [ID: 67128067-9fe9-43b4-a140-79f18588ed41] Reasoning: This sentence characterizes a case as a republication of a preexisting work without substantive change, which implies boundaries of the term but does not provide direct interpretive elaboration.
  [ID: 5e991f04-c650-40d4-81ff-29f0d9309515] Reasoning: This sentence discusses a court's decision regarding copyright notice on preexisting works but does not provide any interpretive information about the phrase 'preexisting work' itself.
  [ID: d4ce2a64-efeb-4057-8ab0-5af55c854051] Reasoning: This sentence quotes the statute verbatim, repeating the definition of 'derivative work' without adding any new interpretive information.
  [ID: 665a9b38-2dc5-4d67-a670-fa7bc7a0ad96] Reasoning: This sentence provides procedural information about copyright registration but does not elaborate on the meaning of 'preexisting work'.
  [ID: 0e6e2be2-30fd-4d4c-95dd-8328d9a108e7] Reasoning: This sentence explains the importance of identifying preexisting works for determining originality in derivative works, providing interpretive context for 'preexisting work'.
  [ID: ce0c9f3e-16d2-42cc-a79f-890e86d255b9] Reasoning: This sentence discusses the conditions under which a work is considered derivative, providing interpretive context related to 'preexisting work'.
  [ID: f6373437-bdae-4d71-abe4-d69d1bf75675] Reasoning: This sentence repeats the definition of 'derivative work' from the statute without adding any new interpretive information.
  [ID: c283f2b5-c4f3-4e71-b8fe-44c0694c538e] Reasoning: This sentence references a case that applied the originality standard to derivative works but does not provide new interpretive information about 'preexisting work'.
  [ID: 437230eb-8953-41f3-b73e-c89447f042d4] Reasoning: This sentence discusses the lack of originality in reproducing characters from preexisting works, providing context for the concept of originality related to 'preexisting work'.
  [ID: fc6e143a-f764-458f-9167-c55988286022] Reasoning: This sentence discusses a court's conclusion about the validity of a derivative work based on its variations from a preexisting work, providing interpretive context.
  [ID: cd2106a0-e877-4e99-aa18-09ca81a8eecd] Reasoning: This sentence discusses the nature of changes from a preexisting work and their copyrightability, providing interpretive context for 'preexisting work'.
  [ID: d7f0b823-aa7f-4426-b505-96dfd48296f6] Reasoning: This sentence states that whether a change constitutes a trivial variation is a factual question, which does not provide direct interpretive information about 'preexisting work'.
  [ID: f1d679eb-2f2a-43f4-b5f1-b960e08f9b45] Reasoning: This sentence reiterates the definition of 'derivative work' from the statute without adding new interpretive information.
  [ID: 216fc00c-d4c0-4026-8ee8-b08a91347ae8] Reasoning: This sentence repeats the definition of 'derivative work' from the statute without adding any new interpretive information.
  [ID: 52755c96-0f8b-4da2-9ec9-dc7924f700e0] Reasoning: This sentence discusses the resemblance of sculptures to preexisting works, which provides context for originality but does not directly interpret 'preexisting work'.
  [ID: c20e754c-76eb-45f2-a3db-c05b42031f4a] Reasoning: This sentence repeats the definition of 'derivative work' from the statute without adding any new interpretive information.
  [ID: 6b65dbf6-ac61-4cab-8e49-5d4b088987ec] Reasoning: This sentence references case law but does not provide new interpretive information about 'preexisting work'.
  [ID: 38aea455-5270-44f9-b6c0-33584e61f8d9] Reasoning: This sentence repeats the definition of 'derivative work' from the statute without adding any new interpretive information.
  [ID: f75d0518-e821-4cd0-b398-6965e1a62eb9] Reasoning: This sentence discusses the composition of direct mailers in relation to preexisting works, providing context but not direct interpretive information about 'preexisting work'.
  [ID: 9d819c33-d845-4cde-8a5e-da47be2e02ec] Reasoning: This sentence states that a design is a derivative work based on preexisting works, which provides a clear interpretation of the relationship between derivative and preexisting works.
  [ID: 990e6288-1108-4a2f-bce0-2a7c3f2070b6] Reasoning: This sentence discusses the registration of works and their underlying preexisting works, but does not provide new interpretive information about 'preexisting work'.
  [ID: fa55ab94-7692-4624-85d4-3ad2dfbb2f18] Reasoning: This sentence discusses the effectiveness of registration but does not provide new interpretive information about 'preexisting work'.
  [ID: f377d11b-4eb4-4cd9-ae53-96e7bf3097a8] Reasoning: This sentence discusses the sufficiency of registration for copyright protection but does not provide new interpretive information about 'preexisting work'.
  [ID: a3f8ec51-eda2-4429-903f-d6aedb4f7475] Reasoning: This sentence defines 'derivative work' in relation to preexisting works, providing a clear interpretive context for understanding the phrase.
  [ID: add4f9c3-173d-414d-ba44-b6b0aeccc68f] Reasoning: This sentence discusses the relationship between derivative works and preexisting works, providing context but not direct interpretive information about 'preexisting work'.
  [ID: 3e151b7f-916e-4c56-9f73-ff4eb5d99c3d] Reasoning: This sentence discusses copyright protection for preexisting works but does not provide new interpretive information about 'preexisting work'.
  [ID: 5f21f5bb-1977-4ff2-920d-bd8818734f2a] Reasoning: This sentence quotes a court holding regarding the publication of derivative works and their relation to preexisting works, but it does not provide any new interpretive information about the term 'preexisting work' itself.
  [ID: 96c7e35e-c165-42f9-a9c2-b1a3736b18b0] Reasoning: This sentence discusses the application of a case to preexisting works but does not elaborate on the meaning of 'preexisting work' or provide any interpretive value.
  [ID: 485ca032-336f-4d99-bf84-704d88604d46] Reasoning: This sentence discusses the rights of copyright owners concerning preexisting works incorporated into derivative works, providing some interpretive context about the relationship between derivative and preexisting works.
  [ID: 699e9e89-4aec-4b13-a922-8b0d9070280b] Reasoning: This sentence references a treatise's opinion on the binding nature of a sentence regarding preexisting works but does not provide new interpretive information about 'preexisting work'.
  [ID: 9db23428-dc16-4ee0-b382-2b7ed13044f7] Reasoning: This sentence discusses various scenarios involving derivative works and preexisting works, providing context that could help interpret the term 'preexisting work'.
  [ID: 453d934f-cbf2-43db-983b-dbbc9fa22280] Reasoning: This sentence references categories of works including those based on preexisting works but does not provide new interpretive information about 'preexisting work'.
  [ID: 5938239f-46e6-406e-8a3e-0b09b9e98fdf] Reasoning: This sentence quotes the statute verbatim, providing no new interpretive information about 'preexisting work'.
  [ID: 4462264c-c27b-479a-ae1d-03f3787ffc0a] Reasoning: This sentence paraphrases the statute without adding any new interpretive information about 'preexisting work'.
  [ID: 8813a9ea-7396-4d5c-adff-1c6f3e611676] Reasoning: This sentence provides an example of how copyright protection applies to derivative works based on preexisting works, offering interpretive context about the relationship between the two.
  [ID: 7aeba9f2-1b26-4f7d-9f57-3ae6d59da8e6] Reasoning: This sentence discusses the implications of using preexisting work in violation of the Copyright Act, providing context that could help interpret the term 'preexisting work'.
  [ID: b7624bef-a13e-4d4c-8a63-d18fdd65a58e] Reasoning: This sentence summarizes the rights of derivative authors concerning preexisting works, providing interpretive context about the term 'preexisting work'.
  [ID: 3158e26e-b443-4eba-a5c2-69165630744a] Reasoning: This sentence discusses the threshold of changes made to a preexisting work in the context of copyright, providing interpretive context about the term 'preexisting work'.
  [ID: b2880e1a-c924-4416-8ac4-761d1bb4fba5] Reasoning: This sentence discusses the copyright ownership of derivative works derived from preexisting works, providing interpretive context about the term 'preexisting work'.
  [ID: c537efdd-affe-44b3-b3a0-e187a860194e] Reasoning: This sentence discusses the argument regarding copyrightability of enhancements made to a preexisting work, providing interpretive context about the term 'preexisting work'.
  [ID: 2da34a26-9363-4dfd-8adb-8d07dae79fae] Reasoning: This sentence quotes the statute verbatim, providing no new interpretive information about 'preexisting work'.
  [ID: 3d3c70b1-c43e-45c0-b7c1-826fa1018819] Reasoning: This sentence repeats the statutory definition of a derivative work, providing no new interpretive information about 'preexisting work'.
  [ID: 241469e2-c99c-4822-a577-53dee1182416] Reasoning: This sentence quotes the statute verbatim, providing no new interpretive information about 'preexisting work'.
  [ID: 36932733-1901-4a2f-95a5-823c5494c276] Reasoning: This sentence discusses a legal argument regarding the copyright status of photographs as derivative works based on preexisting works, providing interpretive context about the term 'preexisting work'.
  [ID: fd6b0d82-7c0e-4808-8e0b-e7b6578d57b7] Reasoning: This sentence discusses a challenge to copyright based on the unauthorized nature of derivative works, providing interpretive context about the term 'preexisting work'.
  [ID: 03ceaf37-744c-4ced-bef8-21ce63940c22] Reasoning: This sentence discusses the requirements for a derivative work to incorporate elements of a preexisting work, providing interpretive context about the term 'preexisting work'.
  [ID: e81cf827-fba9-4f92-bbc3-2abf34a25797] Reasoning: This sentence discusses judicial reluctance to classify photographs of preexisting works as derivative works, providing interpretive context about the term 'preexisting work'.
  [ID: 906337f8-21f5-4212-820b-6edecb5ba138] Reasoning: This sentence references various cases discussing derivative works and preexisting works, but does not provide new interpretive information about 'preexisting work'.
  [ID: 30099abe-8983-4af3-a07b-a39cad0c62b3] Reasoning: This sentence states that photographs of preexisting works are not always considered derivative works, providing some interpretive context about the term 'preexisting work'.
  [ID: 0557564e-b6dd-47e6-8d82-4cd24e5f5e04] Reasoning: This sentence discusses a case where a photograph of a sculpture was not considered a derivative work, providing interpretive context about the term 'preexisting work'.
  [ID: e69a439c-c23e-4a1e-92e4-648742040e96] Reasoning: This sentence states that there is no precedential support for the assertion that photographs of preexisting works are derivative works, providing interpretive context about the term 'preexisting work'.
  [ID: 2fdeff17-30f6-4a24-8ba4-c9b5d1e4de49] Reasoning: This sentence discusses the failure to indicate the precise underlying preexisting work, which adds context to the interpretation of 'preexisting work' in relation to derivative works, but does not provide a definition or explicit elaboration.
  [ID: d64ac705-0639-4b66-b5f5-5e77920385a2] Reasoning: This sentence references Section 409 of the Copyright Act, which requires identification of preexisting works in derivative work applications. It provides context but does not elaborate on the meaning of 'preexisting work'.
  [ID: 4ce486c4-40aa-4ce8-912a-ac38ecfb59e4] Reasoning: This sentence indicates that the updated registration does not encompass the preexisting work, which implies a boundary for the term 'preexisting work' but lacks explicit interpretive value.
  [ID: 02d025da-ad54-48c4-9fe0-c8730a339771] Reasoning: This sentence claims that the registration covers any preexisting work upon which the derivative is based, which suggests a broader interpretation of 'preexisting work' but lacks explicit legal authority or definition.
  [ID: 23401fab-7c81-4119-b3ab-68b2ab03a3d0] Reasoning: This sentence provides the definition of 'derivative work' as stated in Section 101, which is a direct quote from the statute and does not add interpretive value.
  [ID: b095f46b-567a-412c-a4dd-11ab452d1a7b] Reasoning: This sentence discusses a court case that clarifies that a derivative work must derive from a copyrightable preexisting work, which adds interpretive context to the term 'preexisting work'.
  [ID: b5808e56-4bca-4f86-90ce-80281b6b96d9] Reasoning: This sentence elaborates on the requirement that a derivative work must recast, transform, or adapt the authorship contained in the preexisting work, providing explicit interpretive value.
  [ID: cd1f1fa9-6591-4644-a87d-14145f9d835c] Reasoning: This sentence explains how photographs can recast or transform a preexisting work into another medium, which provides a functional description of how 'preexisting work' operates in the context of derivative works.
  [ID: 946b1342-2832-4f30-a1fe-305d8f04f27c] Reasoning: This sentence discusses the deference given to the Copyright Office's construction of 'preexisting work', which adds interpretive authority to the term but does not provide a direct definition.
  [ID: 36bda8cf-1f7c-4389-b482-ee56340fd021] Reasoning: This sentence repeats the definition of 'derivative work' from the statute, providing no new interpretive value.
  [ID: e8923806-1180-4005-bf7c-0886d819a819] Reasoning: This sentence is a verbatim definition of 'derivative work' from the statute, offering no additional interpretive value.
  [ID: b5072535-9f2e-49ce-97fb-373b620801da] Reasoning: This sentence discusses the implications of copyright infringement related to derivative works and preexisting works, providing context but lacking explicit definitions or elaboration.
  [ID: e676141b-9222-420c-b136-25bbc55a5545] Reasoning: This sentence discusses the relationship between derivative works and preexisting works in the context of copyright infringement, providing useful context but lacking explicit definitions.
  [ID: 104c58cd-b4c6-481a-a4ba-9ed2dc40c2b1] Reasoning: This sentence discusses the difference in copyright protection between compilations of preexisting works and the preexisting works themselves, which adds context but does not elaborate on the meaning of 'preexisting work'.
  [ID: 7293e4bf-b5cc-426d-86c8-1c39e405e5db] Reasoning: This sentence implies that registration of a compilation does not substitute for registration of preexisting works, which provides context but lacks explicit interpretive value.
  [ID: 82e0894b-3ebc-454d-9caf-896698f9917b] Reasoning: This sentence is a direct quote from the statute defining 'derivative work', providing no new interpretive value.
  [ID: 7e514aa4-5944-4b03-8226-473a99098356] Reasoning: This sentence is a verbatim definition of 'derivative work' from the statute, offering no additional interpretive value.
  [ID: e6c592d7-4027-412e-981c-84965aa795e5] Reasoning: This sentence discusses various court cases and their implications for copyright law, providing context but lacking explicit definitions or elaboration on 'preexisting work'.
  [ID: 5d44192a-5b38-44f4-92f6-3313b498fe3d] Reasoning: This sentence mentions that several works consist of original drawings and derivative works inspired by preexisting works, which adds context but lacks explicit definitions.
  [ID: 234678fe-ff75-4f49-8596-c7e1dc3a8bfe] Reasoning: This sentence is a direct quote from the statute defining 'derivative work', providing no new interpretive value.
  [ID: 6970f81d-e579-43b7-9363-684ec79fc581] Reasoning: This sentence discusses a court's finding regarding copyright protection for underlying preexisting works, which adds context but does not provide explicit definitions.
  [ID: 40c340b7-847f-4065-9507-aa0045a48b3a] Reasoning: This sentence discusses the Fourth Circuit's conclusion regarding copyright registration and derivative works, providing context but lacking explicit definitions.
  [ID: dd2a6a8d-6851-4a2a-9690-30ea5bf22758] Reasoning: This sentence emphasizes the requirement that a derivative work must recast, transform, or adapt the preexisting work, providing explicit interpretive value.
  [ID: 9e9b24a0-5226-40e7-a1b9-969225f6572a] Reasoning: This sentence is a direct quote from the statute defining 'derivative work', providing no new interpretive value.
  [ID: e111d9c8-a18a-463a-89ce-90a12cc18bba] Reasoning: This sentence provides an example of how a revision can alter a preexisting work, which adds interpretive value by illustrating the concept of derivative works.
  [ID: 6eb9505b-3b7d-496a-9e7c-b9bd46ce63cf] Reasoning: This sentence discusses a legal question regarding the rights of the owner of a derivative work in relation to a preexisting work, but it does not provide any new interpretive information about the term 'preexisting work' itself.
  [ID: 815df740-5092-4383-887e-5b205a606319] Reasoning: This sentence explains a court's conclusion about the infringement of rights related to a preexisting work incorporated into a derivative work, but it does not define or elaborate on the meaning of 'preexisting work'.
  [ID: 60a1baa6-88ed-4e78-8740-48769cd3277d] Reasoning: This sentence discusses the rights of the copyright owner of a derivative work concerning a preexisting work, but it does not provide a definition or elaboration on the term 'preexisting work'.
  [ID: aed7566e-3827-4cca-a8a5-7130c3e48037] Reasoning: This sentence states that the use of a preexisting work is infringing if there is no valid license, but it does not provide any new interpretive information about what constitutes a 'preexisting work'.
  [ID: e446f1f5-78d3-4962-9f21-68b71791203c] Reasoning: This sentence discusses congressional intent regarding the rights of owners of preexisting works but does not elaborate on the meaning of 'preexisting work'.
  [ID: 71edee7e-6f3c-4e7f-8de7-283214618e87] Reasoning: This sentence quotes the statutory definition of 'derivative work' and includes the phrase 'preexisting works', but it does not add any interpretive meaning beyond what is already stated in the statute.
  [ID: 8d0d475f-927c-4ee1-9f4a-cfd8e4b6ef0f] Reasoning: This sentence references a court case regarding the rights of statutory successors to a preexisting work but does not provide any new interpretive information about the term 'preexisting work'.
  [ID: e47d9c07-0b1b-4fc3-b43c-d9faaeef0a6d] Reasoning: This sentence discusses a determination of permanent disability related to work but does not provide any interpretive information about 'preexisting work' in the context of copyright law.
  [ID: e0a983df-4ae5-40ea-a513-b9cbba451631] Reasoning: This sentence refers to rules regarding preexisting work in a different context (National Diesel Agreement) and does not relate to the copyright context of the phrase of interest.
  [ID: 4f5010fb-cc54-4371-ba2b-3d31d69e2487] Reasoning: This sentence discusses a legal claim related to preexisting work-related injuries but does not provide any interpretive information about the term 'preexisting work' itself.
  [ID: 4fc7a473-c7bf-4c9f-a8ca-c46d3b0c9e78] Reasoning: This sentence discusses a compensation case involving a preexisting work-related physical impairment but does not elaborate on the meaning of 'preexisting work'.
  [ID: f7dcdae2-0696-47e3-b405-948a9ac02b5e] Reasoning: This sentence discusses a legal interpretation regarding combining impairments from preexisting work injuries but does not provide new interpretive information about 'preexisting work'.
  [ID: 4e8420ef-546d-4bb0-9655-c53e9a176adb] Reasoning: This sentence discusses a trial court's finding related to a preexisting work-related condition but does not elaborate on the meaning of 'preexisting work'.
  [ID: 95e72c98-f7b9-4b08-abc5-91fdf1f6ffdf] Reasoning: This sentence is a repeat of the previous one and does not provide any new interpretive information about 'preexisting work'.
  [ID: 61e5d92d-1e1a-4611-9120-6a126534fa89] Reasoning: This sentence discusses the implications of being fired or laid off in relation to a preexisting work-related condition but does not provide interpretive information about 'preexisting work'.
  [ID: 9512a9ce-d1b4-4140-b098-ba87a71011d5] Reasoning: This sentence is a repeat of the previous one and does not provide any new interpretive information about 'preexisting work'.
  [ID: 10ffe902-28b4-4884-acb7-61633c174853] Reasoning: This sentence discusses legislative revisions regarding work requirements but does not relate to the copyright context of 'preexisting work'.
  [ID: 425313fd-c2b3-4ce4-aa6d-cf3344efd482] Reasoning: This sentence discusses a compensation case involving a preexisting work-related physical impairment but does not elaborate on the meaning of 'preexisting work'.
  [ID: d649e5d2-7e0f-4260-9238-4414605710cb] Reasoning: This sentence discusses the timing of rest breaks in relation to preexisting work periods but does not provide interpretive information about 'preexisting work'.
  [ID: 79cf003c-323e-44e1-a15b-29ae14d94df3] Reasoning: This sentence states that the Legislature did not intend the Act to apply to preexisting works of fine art, but it does not provide any interpretive information about the term 'preexisting work' in the context of copyright law.
  [ID: 2dfb8911-52df-4929-9a02-ccdac85d69c1] Reasoning: This sentence discusses a workers' compensation case involving a preexisting work injury but does not provide any interpretive information about the term 'preexisting work'.
  [ID: 5180e058-6757-4fee-bfbf-58c7af597600] Reasoning: This sentence discusses apportionment for preexisting work-related injuries but does not elaborate on the meaning of 'preexisting work'.
  [ID: 7f62e32a-1aed-4ff4-bbf3-65ba5cfc8706] Reasoning: This sentence discusses a board's claim regarding a heart attack not being a job-related injury but does not provide interpretive information about 'preexisting work'.
  [ID: 35ab0fd7-f947-4e77-83b3-c90d846e0742] Reasoning: This sentence discusses a Commission's award related to disability and preexisting conditions but does not elaborate on the meaning of 'preexisting work'.
  [ID: c448a277-44b2-4078-8b5c-f6734a412e37] Reasoning: This sentence discusses the requirement for a derivative work to recast or transform the authorship of the preexisting work, adding interpretive meaning about the relationship between derivative works and preexisting works.
  [ID: 77d99d35-7c8a-451f-ae01-3ff7c41548cb] Reasoning: This sentence provides procedural information about identifying preexisting works for copyright registration, which adds context but does not elaborate on the meaning of 'preexisting work' itself.
  [ID: e3726c40-801d-47e6-999e-8f9a5f1c72f5] Reasoning: This sentence discusses the immateriality of certain errors related to preexisting works, but does not provide any interpretive information about the meaning of 'preexisting work'.
  [ID: a323af9a-9f74-4be2-a9a6-304433b1ab50] Reasoning: This sentence repeats the statutory definition of a derivative work, providing no new interpretive information.
  [ID: 5d393ca6-5e1b-498b-a8af-74f7aeccf1bb] Reasoning: This sentence cites the statute verbatim, providing no new interpretive information about 'preexisting work'.
  [ID: c8407b7e-3599-4b33-9d5b-34dd89a6324f] Reasoning: This sentence quotes the statute directly, offering no new interpretive information regarding 'preexisting work'.
  [ID: 22528d77-72bc-44cc-9606-156f05f79dc8] Reasoning: This sentence repeats the statutory definition of a derivative work, providing no new interpretive information.
  [ID: 853766d5-3fdf-4781-bbae-61a6b95d0d5e] Reasoning: This sentence restates the statutory definition of a derivative work, offering no new interpretive information about 'preexisting work'.
  [ID: 97718ecb-8724-4d93-9bc9-00cc14968d52] Reasoning: This sentence states that a derivative work incorporates protected material from a preexisting work, but does not elaborate on the meaning of 'preexisting work'.
  [ID: 2616bf8c-ba42-4590-8590-46d102356518] Reasoning: This sentence repeats the statutory definition of a derivative work, providing no new interpretive information.
  [ID: 01c7cb5a-2f84-45f1-ace0-d341f0a2aa9b] Reasoning: This sentence states that a sales brochure is a derivative work based on preexisting works, but does not provide further interpretive information about 'preexisting work'.
  [ID: 835078d6-0f48-4ad0-af44-266e30b27b81] Reasoning: This sentence discusses the effect of publishing a derivative work on the validity of the copyright in the preexisting work, providing some interpretive context.
  [ID: 5c042cf9-92d0-4a85-8adf-00cebdd23b5a] Reasoning: This sentence discusses the validity of a copyright registration and the requirement to identify preexisting works, adding context but not directly interpreting 'preexisting work'.
  [ID: 27bd45c7-916d-444c-aaa4-1aac08007fd0] Reasoning: This sentence discusses the need to list preexisting works in a registration application, which adds context but does not elaborate on the meaning of 'preexisting work'.
  [ID: f6da918c-455a-4c8d-bd08-357851ecebe3] Reasoning: This sentence implies that preexisting works are a minor part of the performance, which could suggest boundaries of the term but lacks explicit elaboration.
  [ID: 35b3f973-952e-4fdd-83f4-cc3048319bc6] Reasoning: This sentence repeats the statutory definition of a derivative work, providing no new interpretive information.
  [ID: 422024a2-f877-4665-a3c3-5ec628d46f90] Reasoning: This sentence states that a script incorporates several preexisting works, which adds context but does not elaborate on the meaning of 'preexisting work'.
  [ID: 9821e6d0-1b99-44ad-903d-68fd7bfd0796] Reasoning: This sentence restates the statutory definition of a derivative work, providing no new interpretive information.
  [ID: 37fa6866-a1ea-49c7-9451-df85197ac49d] Reasoning: This sentence discusses the limited copyright protection for derivative works, which adds interpretive context regarding the relationship between derivative and preexisting works.
  [ID: 9941e820-92d5-45b5-9d51-4f2d62fbeadc] Reasoning: This sentence states that copyright claims are based on preexisting works, but does not provide further interpretive information about 'preexisting work'.
  [ID: 6f4c2d41-196f-4fc7-aa20-92b2f4895f01] Reasoning: This sentence discusses the need for FASA to identify preexisting works, which adds context but does not elaborate on the meaning of 'preexisting work'.
  [ID: 75ad70f7-0fb5-4a20-b441-7e1ddd4cfdb1] Reasoning: This sentence discusses the need for FASA to identify preexisting works, which adds context but does not elaborate on the meaning of 'preexisting work'.
  [ID: 03d2ff6f-4e79-47bf-aa65-f6cd280d9929] Reasoning: This sentence states that certain works are not the preexisting works underlying FASA's derivative works, which could imply boundaries but lacks explicit elaboration.
  [ID: 694c90d8-dd78-4280-921e-df24ba678cae] Reasoning: This sentence states that copyright registrations indicate the preexisting works are prior FASA works, which adds context but does not elaborate on the meaning of 'preexisting work'.
  [ID: c65c274e-d372-4d7f-afe7-f8aab86bcc06] Reasoning: This sentence discusses the need for FASA to identify how its designs differ from preexisting works, which adds context but does not elaborate on the meaning of 'preexisting work'.
  [ID: 223e0b71-8d00-4636-a4ec-65d924153277] Reasoning: This sentence discusses the ownership rights related to preexisting works but does not provide any interpretive information about the term 'preexisting work' itself.
  [ID: 33ea8744-80a2-4af8-9a25-aebb8ffba5f6] Reasoning: This sentence references the definition of derivative work and discusses its copyrightability, but it does not add new interpretive information about 'preexisting work' beyond what is already stated in the statute.
  [ID: 49a2d320-fc2e-4fad-83b5-c76ec263f8ea] Reasoning: This sentence repeats the statutory definition of 'derivative work' and does not provide any new interpretive information about 'preexisting work'.
  [ID: 3b7f21ce-bd60-45f5-8d2c-8101eaa566d9] Reasoning: This sentence discusses the originality required for copyright protection of derivative works, which indirectly relates to 'preexisting work', but does not provide a direct interpretation of the term itself.
  [ID: c2402e76-63ff-44dd-8b30-6668b28064b0] Reasoning: This sentence provides a factual scenario that illustrates how Commonwealth's Architectural Drawings are based on preexisting works, which helps clarify the application of the term 'preexisting work'.
  [ID: 7c5bd4be-c7ac-4fe3-89a7-615150cef24b] Reasoning: This sentence discusses the distinguishability of variations from preexisting works, which provides some interpretive context for understanding 'preexisting work'.
  [ID: c93c300b-d917-43da-8bea-0e7a4bed2d5b] Reasoning: This sentence raises a question about the meaningful distinction of variations from preexisting works, which implies a deeper consideration of what constitutes a 'preexisting work'.
  [ID: 376b0688-cf53-4cfe-a2b6-b8541ff03967] Reasoning: This sentence discusses the registration requirement in relation to preexisting works and derivative works, but does not provide direct interpretive information about 'preexisting work'.
  [ID: ff4cce8a-228c-475b-be3e-fec62b19214d] Reasoning: This sentence references case law regarding registration and preexisting works but does not add new interpretive meaning to the term 'preexisting work'.
  [ID: 5bfc067b-9b10-4959-96d6-f33c51ad5c5f] Reasoning: This sentence mentions derivative works incorporating material from unregistered preexisting works but does not provide new interpretive information about 'preexisting work'.
  [ID: 4503f7a6-ee70-4961-8831-6d72ecec18dd] Reasoning: This sentence states that a registration certificate does not identify unregistered preexisting works, but it does not provide interpretive information about the term 'preexisting work'.
  [ID: 4c0dd3bd-234d-4aa6-ade2-702778ede837] Reasoning: This sentence discusses an argument regarding what constitutes 'preexisting' works but does not provide a clear interpretive meaning of the term itself.
  [ID: 456e03f7-546d-454c-b96c-3ee445ef72bd] Reasoning: This sentence discusses jurisdiction in relation to registration certificates and preexisting works but does not provide new interpretive information about 'preexisting work'.
  [ID: c2797b34-ce1a-43a5-bf95-1e03f984b024] Reasoning: This sentence discusses a failure to provide information about preexisting works but does not clarify the meaning of 'preexisting work'.
  [ID: 616c78f7-e020-4d0b-8b50-108525fd9df5] Reasoning: This sentence provides a statutory reference regarding copyright registration and preexisting works but does not add interpretive meaning to 'preexisting work'.
  [ID: 4f03fb68-7899-45cd-b470-b04b45c2e3f1] Reasoning: This sentence discusses the effective registration doctrine but does not provide new interpretive information about 'preexisting work'.
  [ID: 6736bda2-2518-4dbc-bd3a-1696aa512e15] Reasoning: This sentence discusses the limitations of using effective registration theory regarding unregistered preexisting works but does not clarify the term 'preexisting work'.
  [ID: c862e32e-42ec-46f5-903d-0e68609b377b] Reasoning: This sentence discusses the insufficiency of a statement for effective registration but does not provide interpretive meaning about 'preexisting work'.
  [ID: 3d621eca-0042-432d-b15c-f2338054e2cd] Reasoning: This sentence states that the three-dimensional models are not the preexisting works but does not provide a clear interpretive meaning of 'preexisting work'.
  [ID: 456e9fcc-2619-49a5-a66c-fc98de4f0dd8] Reasoning: This sentence repeats the statutory definition of 'derivative work' and does not provide any new interpretive information about 'preexisting work'.
  [ID: db905c63-df62-4f7d-bc0b-f6864234f864] Reasoning: This sentence restates the definition of derivative work and does not add new interpretive information about 'preexisting work'.
  [ID: f0523c4d-21d2-469c-8752-6504333eb06f] Reasoning: This sentence quotes the statutory definition of 'derivative work' and does not provide any new interpretive information about 'preexisting work'.
  [ID: 65da263f-2a59-4d39-9837-1f46d429bea9] Reasoning: This sentence discusses the role of external editors in relation to preexisting works but does not provide new interpretive information about 'preexisting work'.
  [ID: f0c483b3-124f-4110-8fe1-eecc3b94c93a] Reasoning: This sentence repeats the statutory definition of 'derivative work' and does not provide any new interpretive information about 'preexisting work'.
  [ID: 639f1c32-fbf6-4ba8-be7b-2d06e3bb71ea] Reasoning: This sentence references the definition of derivative work and does not provide new interpretive information about 'preexisting work'.
  [ID: 4b82e1ac-80bf-436f-bc72-e2d46f4641c8] Reasoning: This sentence discusses the challenge to the originality of Pac-Man based on alleged preexisting works, but it does not provide any interpretive information about the term 'preexisting work' itself.
  [ID: f50b1a8c-a302-4dd1-8ccb-0f8c5879f23e] Reasoning: This sentence mentions the failure to disclose preexisting works but does not elaborate on the meaning of 'preexisting work' or provide any interpretive value.
  [ID: 9e362a69-5e06-46fe-8d53-ef94518f761a] Reasoning: This sentence lists specific preexisting works that Bandai claims were copied, but it does not provide any interpretive information about what constitutes a 'preexisting work'.
  [ID: 98fd7e01-0ae6-4082-a6f8-221086cd534d] Reasoning: This sentence indicates that the court has not been provided with evidence of the alleged preexisting work, but it does not clarify or elaborate on the meaning of 'preexisting work'.
  [ID: 68f79a19-29a4-483c-9b5e-18536e3d4360] Reasoning: This sentence states that the court cannot credit Bandai's argument regarding Head-On as a preexisting work, but it does not provide any interpretive information about the term itself.
  [ID: 91d68144-67b9-41a7-80ff-43fe69fd7625] Reasoning: This sentence discusses the court's conclusion about substantial similarity between two works but does not elaborate on the meaning of 'preexisting work'.
  [ID: 74d325be-f9c3-4796-91ba-7adb49dd8db7] Reasoning: This sentence identifies elements that display originality but does not provide any interpretive information about 'preexisting work'.
  [ID: ec47b056-784b-45d1-897f-dac5bbbbce6c] Reasoning: This sentence discusses the effective registration doctrine but does not provide any interpretive information about the term 'preexisting work'.
  [ID: b5a3a6a1-ff34-446c-9456-cd152ca08d4a] Reasoning: This sentence cites case law regarding registration and infringement but does not elaborate on the meaning of 'preexisting work'.
  [ID: 812b8897-526e-46de-92a6-479f928e6391] Reasoning: This sentence discusses the sufficiency of registration for related preexisting works but does not provide interpretive information about the term itself.
  [ID: 64872a1c-9727-4aee-8f0d-afecb2a7a76c] Reasoning: This sentence discusses the applicability of the effective registration doctrine but does not clarify the meaning of 'preexisting work'.
  [ID: ec006326-0744-4f81-8627-6cdc915f228e] Reasoning: This sentence distinguishes a case regarding copyright infringement but does not provide interpretive information about 'preexisting work'.
  [ID: a28cfe2e-9063-4c27-aec8-a6cad2634348] Reasoning: This sentence discusses employee protests in relation to preexisting work conditions but does not relate to the statutory meaning of 'preexisting work'.
  [ID: 29f33069-1b34-4b7c-8d50-e82f6c5a5ff5] Reasoning: This sentence defines 'derivative work' in relation to 'preexisting works', but it is a direct quote from the statute and does not add interpretive value.
  [ID: 052aa8e9-d5d1-44c3-92be-bdabf41bba20] Reasoning: This sentence discusses the necessity of registering preexisting works before bringing an infringement action, but it does not clarify the meaning of 'preexisting work'.
  [ID: 1a467e42-a496-4121-a6c2-91b450357f96] Reasoning: This sentence states that Xerox is the author of the preexisting works but does not provide any interpretive information about the term 'preexisting work'.
  [ID: 49c66cc4-f59b-42be-ae53-7ce4612361e1] Reasoning: This sentence states that Xerox does not have to produce registrations of preexisting works, but it does not clarify the meaning of 'preexisting work'.
  [ID: 1e1a609b-feff-4e73-8be8-20ea473094c5] Reasoning: This sentence repeats the definition of 'derivative work' from the statute and does not add any interpretive value regarding 'preexisting work'.
  [ID: 197eb7dd-6975-4f90-828b-90d2dfbe7aa8] Reasoning: This sentence states that a motion picture is a derivative work and mentions a screenplay as a preexisting work, but it does not provide interpretive information about 'preexisting work'.
  [ID: 61e2b47f-56fc-4ceb-98ea-44f14c7e80b3] Reasoning: This sentence discusses the validity of copyright in preexisting works but does not clarify the meaning of 'preexisting work'.
  [ID: 5858af4c-d898-4e26-a557-2c797c53c276] Reasoning: This sentence states that even if a derivative work enters the public domain, the preexisting work remains copyrighted, but it does not provide interpretive information about 'preexisting work'.
  [ID: 47401b66-1567-40b6-910a-7d0eaabade77] Reasoning: This sentence cites case law regarding the ability to sue for infringement of a preexisting work but does not clarify the meaning of 'preexisting work'.
  [ID: 38420b86-6fbc-4bc8-8be4-90c633e6662d] Reasoning: This sentence asserts that section 7 of the 1909 Act protects preexisting works but does not provide interpretive information about the term itself.
  [ID: e55d3ab2-e830-4a70-8602-1925ee302d44] Reasoning: This sentence quotes a commentator on copyright law regarding the relationship between derivative works and preexisting works, but it does not add interpretive value.
  [ID: 0d54e978-3b84-4e39-a0c6-d03bd935f7d9] Reasoning: This sentence discusses the validity of copyright in preexisting works in relation to derivative works but does not clarify the meaning of 'preexisting work'.
  [ID: 70c684fc-92a1-4cc6-ba4d-0ea42fc6b2d9] Reasoning: This sentence discusses the implications of failing to disclose preexisting works in a copyright registration context, but does not provide new interpretive information about the term 'preexisting work' itself.
  [ID: adc01b29-1e12-43dd-98ac-4534e9a299d6] Reasoning: This sentence argues that a registration cannot be invalidated for failing to disclose preexisting works unless those works are substantially similar, but it does not elaborate on the meaning of 'preexisting work'.
  [ID: 72436f72-3779-4290-b921-a0f8b2958b7f] Reasoning: This sentence refers to unenforceability due to failure to disclose preexisting works but does not provide any new interpretive information about what constitutes a 'preexisting work'.
  [ID: 4954518d-7185-4ebb-826d-0330562e08d8] Reasoning: This sentence discusses court rulings regarding the disclosure of preexisting works but does not clarify or elaborate on the meaning of 'preexisting work'.
  [ID: f739574c-2ab5-4c21-b054-9d9a92ce0fcf] Reasoning: This sentence compares the originality of works in relation to preexisting works but does not provide a definition or clear elaboration on what constitutes a 'preexisting work'.
  [ID: ea9fbec4-ab28-4cb1-ba23-d6d96111b37f] Reasoning: This sentence identifies a specific preexisting work but does not provide any interpretive information about the term 'preexisting work' itself.
  [ID: 03ae2c75-ef52-49e7-8ee5-c4c1ebd5e4e3] Reasoning: This sentence mentions copyrightability in relation to preexisting works but does not elaborate on the meaning of 'preexisting work'.
  [ID: bd7c7f75-3296-4a72-9170-36c47517edf6] Reasoning: This sentence discusses features that do not exist in preexisting works but does not clarify or define what 'preexisting work' means.
  [ID: 5a380a0e-2aa7-47e1-88b3-b26b79bdad0e] Reasoning: This sentence describes a court finding related to similarity to a preexisting work but does not provide new interpretive information about the term 'preexisting work'.
  [ID: a11aadf9-dfd4-4522-86e3-a63d37bacc97] Reasoning: This sentence notes that a court did not rely solely on the failure to disclose preexisting works, but does not elaborate on the meaning of 'preexisting work'.
  [ID: 0df721e6-e184-4024-aa84-c0b55ed263be] Reasoning: This sentence discusses a plaintiff's relationship to a preexisting work but does not clarify or define what 'preexisting work' means.
  [ID: bdbd6b5a-4d04-4fe6-8647-c7a54a2769ad] Reasoning: This sentence states that the failure to disclose was substantial due to the identical nature of the works, but does not provide a definition or elaboration on 'preexisting work'.
  [ID: 073ee353-d7e1-4405-9607-fa4529799366] Reasoning: This sentence clarifies that a failure to disclose does not automatically render a copyright unenforceable, but does not elaborate on the meaning of 'preexisting work'.
  [ID: a29a74ee-0099-49c7-8224-d4462d0a7894] Reasoning: This sentence discusses an argument regarding the failure to disclose a specific preexisting work but does not provide new interpretive information about the term 'preexisting work'.
  [ID: 643c5fec-1ee6-4516-bd2d-ca8d0f33af1d] Reasoning: This sentence states that one cannot be faulted for failing to disclose something that is not a preexisting work, but does not clarify what constitutes a 'preexisting work'.
  [ID: 7439a769-7aab-4d1a-8bad-77f5aca7e25a] Reasoning: This sentence discusses the failure to disclose a preexisting work but does not provide any interpretive information about the term 'preexisting work' itself.
  [ID: a23428bb-62a7-4200-9dcb-05f4bfeb39ea] Reasoning: This sentence mentions a lack of discovery regarding knowledge of preexisting works but does not clarify or define what 'preexisting work' means.
  [ID: 87dd9ad7-0ac0-43b6-8d28-ed2d96342e19] Reasoning: This sentence cites a case regarding copyrightability and preexisting works but does not provide new interpretive information about the term 'preexisting work'.
  [ID: 6671c0d0-5cd7-4c5f-a6e8-c1a324660b84] Reasoning: This sentence discusses a statement made in court regarding preexisting works but does not clarify or define what 'preexisting work' means.
  [ID: 27f4f4bb-9f89-444c-96de-fdd96c4bfb5a] Reasoning: This sentence discusses a creator's assertion of originality in relation to preexisting works but does not provide new interpretive information about the term 'preexisting work'.
  [ID: 5db76a50-41a1-42b3-83b2-bdc6a5ab86ac] Reasoning: This sentence mentions the need to identify points of protection for comparison with preexisting works but does not clarify or define what 'preexisting work' means.
  [ID: ee170c9a-a3d5-457e-821c-a35d39752a4c] Reasoning: This sentence discusses a finding regarding a specific work being a preexisting work but does not provide new interpretive information about the term 'preexisting work'.
  [ID: 3893548d-89f4-48ed-96bd-ad6bee594f4c] Reasoning: This sentence discusses the argument of copyright misuse in relation to preexisting works but does not clarify or define what 'preexisting work' means.
  [ID: 879fd093-7a85-4d1f-99d8-d1b87f0f2ffe] Reasoning: This sentence discusses the lack of demonstrated prejudice regarding preexisting works but does not provide new interpretive information about the term 'preexisting work'.
  [ID: aa695db7-89cb-46a3-ae92-1c54d5af1553] Reasoning: This sentence states that the argument must abide by the outcome of the preexisting works determination but does not clarify or define what 'preexisting work' means.
  [ID: 2850186b-23d2-4942-9823-20f5b66e989c] Reasoning: This sentence repeats the definition of a derivative work as stated in the statute without adding any new interpretive information.
  [ID: 5d09d2c9-a338-4f51-ade1-443e11b73df6] Reasoning: This sentence quotes the statute verbatim, providing no new interpretive information.
  [ID: ea462ec5-3da5-40da-9e32-c341fbdb08c6] Reasoning: This sentence is a near-verbatim quote of the statute, offering no additional interpretive meaning.
  [ID: 54b03e45-3ad6-4732-aef3-9c2f920b224b] Reasoning: This sentence also quotes the statute directly, providing no new insights or interpretations.
  [ID: d1cc1dac-7dcd-4fba-b9b1-c5210f424034] Reasoning: This sentence discusses the defendants' argument regarding the status of designs as preexisting works, which relates to the phrase of interest but does not provide a clear interpretive elaboration.
  [ID: aa69a6db-c334-4b25-8b37-0d966eb6149d] Reasoning: This sentence mentions preexisting works in the context of a legal argument but does not provide a definition or clear interpretive meaning related to the phrase of interest.
  [ID: 7c527494-ad8f-45e0-94fe-10c5acacd04e] Reasoning: This sentence is another direct quote from the statute, offering no new interpretive information.
  [ID: cbd687ec-cd69-4589-a399-6f657914985f] Reasoning: This sentence discusses a procedural aspect of identifying preexisting works but does not provide a definition or interpretive meaning of the phrase of interest.
  [ID: d9bf796f-2b24-41e2-b4be-a8a4af886ae0] Reasoning: This sentence discusses the failure to identify preexisting works in a registration application, which implies a context but does not provide explicit interpretive meaning.
  [ID: b27cf604-248c-4fdd-9815-c2e0dc25dcbe] Reasoning: This sentence states that a work may be copyrighted even if it is similar to a preexisting work, which provides some context but lacks direct interpretive elaboration.
  [ID: 606a41be-6186-47cf-8e42-5a7914dcb81e] Reasoning: This sentence quotes the statute, providing no new interpretive information.
  [ID: 5c318d07-7920-473c-adde-b754c66e8861] Reasoning: This sentence is a direct quote from the statute, offering no new insights or interpretations.
  [ID: bccbbea2-a467-45c2-a8fb-9c43ec5890d0] Reasoning: This sentence discusses additional requirements for sound recordings as derivative works, which provides some context but lacks explicit interpretive meaning.
  [ID: 11783115-04b1-4404-b2e1-3a0bfde9871e] Reasoning: This sentence is a partial quote from the statute, providing no new interpretive information.
  [ID: 71cecf35-3abc-4fb1-8628-f368cd38bb98] Reasoning: This sentence discusses the possibility of publications being derivative of preexisting works, which implies a context but does not provide explicit interpretive meaning.
  [ID: aa5163fc-8cc6-4739-b888-24042ed2f32a] Reasoning: This sentence discusses the argument regarding works being based on preexisting works, which relates to the phrase of interest but does not provide a clear interpretive elaboration.
  [ID: c0090664-e79d-4934-94b1-0efb663fc32a] Reasoning: This sentence quotes the statute, providing no new interpretive information.
  [ID: 2d14723a-ef1d-4137-b1f5-eaa701de1c46] Reasoning: This sentence provides a general statement about works being derivative, which offers some context but lacks direct interpretive elaboration.
  [ID: 28f2422b-14d6-4a02-90e6-1fbe443c2438] Reasoning: This sentence discusses the relationship between a dissertation and subsequent publications, implying a context but not providing explicit interpretive meaning.
  [ID: 9b5cb9cb-16ea-4504-a774-30e986975236] Reasoning: This sentence discusses statutory damages in relation to derivative works and preexisting works, which provides context but lacks direct interpretive elaboration.
  [ID: 3fbd5730-21d9-4ff7-8d50-a86dc88ef9c9] Reasoning: This sentence states that both collective and derivative works are based on preexisting works, which provides context but lacks direct interpretive elaboration.
  [ID: 6080a4cf-06f3-4af1-9253-e1929fc8a47c] Reasoning: This sentence states that a derivative work transforms preexisting works into a new creation, which provides some interpretive meaning related to the phrase of interest.
  [ID: 1b9d4b11-666f-44b4-9c31-6f10a5dcafb2] Reasoning: This sentence discusses copyright infringement in relation to a preexisting work, which provides context but lacks direct interpretive elaboration.
  [ID: 909ddf10-2856-4123-9e7d-bcdaa604c11f] Reasoning: This sentence discusses a court's rejection of a view regarding derivative works and preexisting works, which provides context but lacks direct interpretive elaboration.
  [ID: b32e98ef-aece-4e9f-9649-ee56662fcd3d] Reasoning: This sentence discusses the infringement of a preexisting work, which provides context but lacks direct interpretive elaboration.
  [ID: 7c6e5841-1482-4a38-8530-36763eca108b] Reasoning: This sentence quotes the statute verbatim, providing no new interpretive information.
  [ID: b2c1c8d9-bf3c-407e-bdf6-f7291e2fe539] Reasoning: This sentence discusses the inquiry into the nature of preexisting works but does not provide any interpretive information about the phrase 'preexisting work'.
  [ID: 2b1e50d2-0cf3-4e7f-b1ec-f280aa101e85] Reasoning: This sentence quotes the statute and does not add any new interpretive information.
  [ID: a364c6c7-955d-43fe-954f-22bfb242627f] Reasoning: This sentence provides a standard for evaluating derivative works in relation to preexisting works, offering interpretive guidance on how 'preexisting work' is understood in context.
  [ID: 229dabfc-da54-4327-865e-dae7cbb2007e] Reasoning: This sentence repeats the definition from the statute without adding any new interpretive information.
  [ID: f877ad25-3cb6-4fe7-93b3-476a08340f39] Reasoning: This sentence quotes the statute verbatim and does not provide any new interpretive information.
  [ID: 14f1ec9e-416e-4c27-95e5-874a7117cedf] Reasoning: This sentence discusses the distinction between copyrights in derivative works and preexisting works but does not elaborate on the meaning of 'preexisting work'.
  [ID: dbeee588-70bd-410e-83e6-80050558e816] Reasoning: This sentence indicates that derivative works are distinct from preexisting works, which provides some interpretive context for understanding 'preexisting work'.
  [ID: 510a7926-f6c4-4251-b460-87177be0dcbe] Reasoning: This sentence discusses the registration requirements for derivative works and preexisting works but does not clarify the meaning of 'preexisting work'.
  [ID: 206d0f6e-dbd6-4b74-9118-eaecda354483] Reasoning: This sentence states that Xerox is the author of the preexisting works but does not provide interpretive information about the term 'preexisting work'.
  [ID: 403b0144-e326-4935-93d2-ae1fc85673d4] Reasoning: This sentence discusses the registration of collections and derivative works but does not clarify the meaning of 'preexisting work'.
  [ID: 9965ea37-8471-47f7-a9cf-617ba3cb428e] Reasoning: This sentence refers to the registration of derivative works and preexisting works but does not provide interpretive information about 'preexisting work'.
  [ID: 9d4ff781-863e-415e-a13b-f0378273a656] Reasoning: This sentence identifies a specific case of a registered derivative work and its preexisting work but does not clarify the meaning of 'preexisting work'.
  [ID: 9e19b706-d0e9-4533-9b5e-4c09ed499e1c] Reasoning: This sentence describes modifications to a preexisting work but does not provide interpretive information about the term 'preexisting work'.
  [ID: 26b51afb-1508-47c5-acce-39f08d805c4b] Reasoning: This sentence states that there is no evidence of interest in preexisting works but does not clarify the meaning of 'preexisting work'.
  [ID: a5f1958f-c14d-4d6d-be7c-ab087f29f481] Reasoning: This sentence discusses the claimant's need to establish lawful use of preexisting works for derivative work preparation, providing some context for understanding 'preexisting work'.
  [ID: f0f47237-4682-499f-a357-15ba78ccbc54] Reasoning: This sentence repeats the definition of derivative works based on preexisting works without adding new interpretive information.
  [ID: 2089caed-ee01-498b-8307-092757949c49] Reasoning: This sentence discusses registration requirements but does not clarify the meaning of 'preexisting work'.
  [ID: a3c1af87-94b5-46b9-8d7c-b0075dd0dbd8] Reasoning: This sentence provides procedural information about identifying preexisting works in registration but does not clarify the meaning of 'preexisting work'.
  [ID: 968bf81f-9dfe-49e6-b1f8-00742d6a42bb] Reasoning: This sentence discusses the interpretation of Section 409 but does not provide interpretive information about 'preexisting work'.
  [ID: df727944-63a3-499b-b7c7-ac8742a542fd] Reasoning: This sentence discusses the coverage of underlying works in registration but does not clarify the meaning of 'preexisting work'.
  [ID: ad4ed764-526a-42a2-a65b-21307f201787] Reasoning: This sentence repeats the definition of derivative work from the statute without adding new interpretive information.
  [ID: 1a860c2e-4b65-419a-9503-4bef94938c8d] Reasoning: This sentence discusses the copyright registration form but does not clarify the meaning of 'preexisting work'.
  [ID: 73807fac-3f94-433c-8624-c1fc70c4f100] Reasoning: This sentence states that original creations derived from preexisting works are also subject to copyright protection, providing some context for understanding 'preexisting work'.
  [ID: 3a00ef68-7148-42f0-8f55-92cd2e616631] Reasoning: This sentence discusses the implications of modifications to preexisting works but does not clarify the meaning of 'preexisting work'.
  [ID: 87d80efb-72e6-4343-9a26-647d6a1e0193] Reasoning: This sentence discusses a combination of an occupational disease and a preexisting work, but does not elaborate on the meaning of 'preexisting work' itself.
  [ID: 997eed8b-11c4-452e-91c2-0bfbf3c52bed] Reasoning: This sentence addresses the issue of whether an employee's condition is a continuation of a preexisting work-related injury, but does not provide interpretive information about 'preexisting work'.
  [ID: fdf41b23-cc75-4c23-af28-0cf3f11ac5ea] Reasoning: This sentence raises a question about the aggravation of a preexisting work-related injury but does not clarify the term 'preexisting work'.
  [ID: 2cc9f3f3-aa4b-4481-ab81-0714d24a0867] Reasoning: This sentence simply states that Ms. Smith had several preexisting work injuries without providing any interpretive information about 'preexisting work'.
  [ID: 19324046-342f-4a37-827b-fabdfcf53f53] Reasoning: This sentence discusses funds related to a preexisting work contract but does not elaborate on the meaning of 'preexisting work'.
  [ID: b44d6969-0543-4776-9712-1df41b143aea] Reasoning: This sentence mentions a preexisting work-related condition but does not provide any interpretive information about the term 'preexisting work'.
  [ID: 07bbb18f-4730-47d2-8784-f497b615a3e4] Reasoning: This sentence refers to the completion of work by persons not from the preexisting work force but does not clarify the meaning of 'preexisting work'.
  [ID: e9677e4b-bef0-46fe-8516-27ddd2552d8f] Reasoning: This sentence quotes the statute verbatim, providing no new interpretive information about 'preexisting work'.
  [ID: a2be446b-5d7f-4b51-8b4b-a1eb460aea99] Reasoning: This sentence mentions a regulation related to preexisting work exposure but does not provide interpretive information about 'preexisting work'.
  [ID: acc52263-7dba-4fdd-819e-9533d2cab7ca] Reasoning: This sentence describes a specific medical condition related to a preexisting work-related injury but does not clarify the term 'preexisting work'.
  [ID: 902ed4c2-4464-4dd9-8fc9-246a6b4753fc] Reasoning: This sentence quotes the statute verbatim, providing no new interpretive information about 'preexisting work'.
  [ID: 9c5391fd-bfae-4b79-9fbd-0164b4645f85] Reasoning: This sentence discusses reimbursement claims related to preexisting work-related injuries but does not clarify the meaning of 'preexisting work'.
  [ID: 9c894450-3703-417a-bc32-e416d61039f3] Reasoning: This sentence quotes the statute verbatim, providing no new interpretive information about 'preexisting work'.
  [ID: 76e09588-2233-466a-b661-111d644f92b9] Reasoning: This sentence raises a question about the cause of an injury in relation to a preexisting work-related condition but does not clarify the term 'preexisting work'.
  [ID: 49af28bc-8ed1-4e8b-95e6-df88e912887d] Reasoning: This sentence discusses the compensability of a subsequent injury in relation to a preexisting work-related injury but does not clarify the term 'preexisting work'.
  [ID: 0f404468-9c05-4929-93e0-63cb4554f730] Reasoning: This sentence discusses the compensability of a subsequent injury in relation to a preexisting work-related condition but does not clarify the term 'preexisting work'.
  [ID: 2d337f73-54ba-4a89-930a-42bca91ce6d0] Reasoning: This sentence discusses the requirements for proving a claim related to a preexisting work-related injury but does not clarify the term 'preexisting work'.
  [ID: 65412a09-08a0-4c94-b6b7-82f2ac10a3f2] Reasoning: This sentence discusses the compensability of a subsequent injury in relation to a preexisting work-related injury but does not clarify the term 'preexisting work'.
  [ID: 2bda0825-3090-4266-b256-59267afd032d] Reasoning: This sentence mentions the requirement for a claim under a specific statute related to a preexisting work-related injury but does not clarify the term 'preexisting work'.
  [ID: baf25823-a06d-42c0-83fb-fc9c20e72b5e] Reasoning: This sentence discusses evidence related to spinal degeneration but does not clarify the term 'preexisting work'.
  [ID: 0f32f2bd-15df-43bd-b984-61d25a450a07] Reasoning: This sentence discusses the nature of a disabling condition in relation to a preexisting work-related condition but does not clarify the term 'preexisting work'.
  [ID: 8f0609d3-7f49-4454-a604-f3b0a878e3c2] Reasoning: This sentence quotes the statute verbatim, providing no new interpretive information about 'preexisting work'.
  [ID: 8681fd6e-dea1-4078-bf8d-65c5d9dbd2fc] Reasoning: This sentence discusses the compensability of a subsequent injury in relation to a preexisting work-related injury but does not clarify the term 'preexisting work'.
  [ID: 2e238d11-61c4-4ef9-b1f4-1622b278974c] Reasoning: This sentence discusses the compensability of a subsequent injury in relation to a preexisting work-related injury but does not clarify the term 'preexisting work'.
  [ID: 25f207cf-46ce-4628-9f2e-6b97fe5c2524] Reasoning: This sentence mentions a preexisting work-related compensable injury but does not clarify the term 'preexisting work'.
  [ID: da6422d3-f20c-4e23-8162-3786b437d243] Reasoning: This sentence discusses the test for substantial similarity between a copyrighted work and a preexisting work, but does not provide any new interpretive information about the phrase 'preexisting work' itself.
  [ID: 1d100820-a88d-4e98-9cee-40e0129caf48] Reasoning: This sentence explains that a work must be original and distinguishes between original works and merely copying preexisting works, which adds interpretive value to the understanding of 'preexisting work'.
  [ID: ff7d5ad3-da6f-4eb8-a2b2-d993f6c1eb1f] Reasoning: This sentence discusses the independence of creation from preexisting works, which provides some interpretive context but is not as strong as a direct definition or explanation.
  [ID: eba3a920-e831-47e2-86fb-ae2a37d3f1ca] Reasoning: This sentence refers to a copyright registration requirement to identify preexisting works, but does not elaborate on the meaning of 'preexisting work'.
  [ID: 725c691e-b322-4624-b9f8-d5523feff213] Reasoning: This sentence discusses proving access to a preexisting work, which does not add interpretive meaning to the phrase 'preexisting work'.
  [ID: f3725bf0-f2e4-4528-994f-6566439b334f] Reasoning: This sentence repeats the definition of a derivative work as based on preexisting works, which does not add new interpretive information.
  [ID: 610cfdca-0dc9-4960-bb06-f17d7bd7d0b1] Reasoning: This sentence explains the conditions under which a work is considered derivative, which adds interpretive value regarding the implications of using preexisting works.
  [ID: f1478960-7f7c-410f-b75d-e045cafaa56b] Reasoning: This sentence is a direct quote of a question regarding preexisting works in a copyright application, which does not add interpretive meaning.
  [ID: 722bf533-9b90-403b-ac9e-12e273376e29] Reasoning: This sentence states that elements were preexisting works purchased from vendors, but does not elaborate on the meaning of 'preexisting work'.
  [ID: e2266b03-ce30-429c-9911-0aa1ca225de3] Reasoning: This sentence repeats a question from a copyright application regarding preexisting works, which does not provide new interpretive information.
  [ID: 5c2c9a67-0e9e-46ca-b638-e5e7b180e4b8] Reasoning: This sentence discusses a compilation of preexisting works, which adds some interpretive context but is not a strong elaboration on the term itself.
  [ID: 2cad184e-7bab-4b64-b75f-1536ec70b221] Reasoning: This sentence outlines the requirements for a copyright application regarding preexisting works, but does not provide interpretive meaning about the term itself.
  [ID: e50583dc-2235-459c-8915-771f36efa70b] Reasoning: This sentence states that each component part is a preexisting work, but does not elaborate on the meaning of 'preexisting work'.
  [ID: 61a4c8ee-0ccf-482d-8e2e-3d8e1557b428] Reasoning: This sentence explains the conditions under which a work is considered derivative, which adds interpretive value regarding the implications of using preexisting works.
  [ID: 82a001eb-2d36-4023-92ee-91a3b44a80a4] Reasoning: This sentence discusses the failure to identify preexisting works in an application, which does not add interpretive meaning to the phrase 'preexisting work'.
  [ID: 85e519a5-89a0-462c-8b82-fd098aa0c608] Reasoning: This sentence discusses court findings regarding copyright validity and the disclosure of preexisting works, but does not provide new interpretive information about the term itself.
  [ID: 43d99703-fe5f-4322-9430-b7ae201691c3] Reasoning: This sentence argues that a selection of preexisting works lacks creativity for copyright protection, which provides some interpretive context but is not a strong elaboration on the term itself.
  [ID: 9fa7ff96-33cb-4f8f-86bf-c72e30d45949] Reasoning: This sentence repeats the definition of a derivative work as based on preexisting works, which does not add new interpretive information.
  [ID: 6c768c1b-5e0a-4185-91d7-42a8e694fe00] Reasoning: This sentence repeats the definition of a derivative work, which does not add new interpretive information about 'preexisting work'.
  [ID: db523af8-5352-49fb-8583-0c0ed70b99b5] Reasoning: This sentence discusses the implications of registration status on infringement claims related to preexisting works, which adds some interpretive context but is not a strong elaboration on the term itself.
  [ID: e788fd93-ed7e-40b3-acfd-273dbf4a2f12] Reasoning: This sentence discusses a failure to disclose a preexisting work in a copyright application, which does not add interpretive meaning to the phrase 'preexisting work'.
  [ID: f9b66033-d39d-4f90-b434-6737bcc513ab] Reasoning: This sentence is a procedural note regarding identifying preexisting works, which does not provide new interpretive information.
  [ID: c356f9ac-5358-4b1b-820c-2696a0541c4b] Reasoning: This sentence discusses a complaint regarding the omission of information on preexisting works, but does not elaborate on the meaning of 'preexisting work'.
  [ID: f162581f-39c8-4aad-b166-5affa31662a6] Reasoning: This sentence discusses the effect of publishing a derivative work on the validity of a preexisting work's copyright, which adds some interpretive context but is not a strong elaboration on the term itself.
  [ID: 449b7f33-5023-4702-8905-a62396f75022] Reasoning: This sentence discusses the implications of unpublished preexisting works on derivative work control, which adds some interpretive context but is not a strong elaboration on the term itself.
  [ID: b65b78ba-0008-45ca-ab81-c258159c5e6] Reasoning: This sentence provides a definition of a derivative work and explains that it involves a contribution of original material to a preexisting work, which adds interpretive meaning to the phrase of interest.
  [ID: 0471cf06-1d04-4406-b44b-4d1f5cfb65e0] Reasoning: This sentence repeats the definition of derivative works as based on preexisting works without adding any new interpretive information.
  [ID: 05ad879b-a22d-44d3-ac5a-d37cb74d63d0] Reasoning: This sentence is a verbatim repetition of the statute and does not provide any new interpretive information.
  [ID: 0fca5445-024e-4aa2-9f31-49047c9d5ea0] Reasoning: This sentence discusses a specific case and implies that merely selecting and arranging names does not constitute originality, which provides context for understanding the limitations of preexisting works.
  [ID: 456e368c-1bd3-4e6b-becd-9d0ad2bd19ec] Reasoning: This sentence repeats the definition of derivative works as based on preexisting works without adding any new interpretive information.
  [ID: f8468971-92f1-4747-afac-5111b542e7d0] Reasoning: This sentence references the Copyright Office's manual and explains that minor changes to a preexisting work do not meet the originality requirement, which adds interpretive context to the phrase of interest.
  [ID: 76c8dc15-07a3-4b87-97f2-41c83684f2a3] Reasoning: This sentence discusses a court case that illustrates the lack of originality in extensive revisions of a preexisting work, providing an example that clarifies the boundaries of what constitutes a derivative work.
  [ID: c4d310db-0d0b-4a1e-8541-31f735f7839d] Reasoning: This sentence is a paraphrase of the statute and does not provide any new interpretive information.
  [ID: e0f1b6e1-7b9f-4bd0-8ac0-bf7d12a2cc63] Reasoning: This sentence states a court's finding regarding a specific work as a derivative work, which provides an application of the statutory definition in a legal context.
  [ID: 2a46d784-ac40-4b6b-9649-b00c4438e85a] Reasoning: This sentence provides a requirement for derivative works to incorporate substantial elements of preexisting works, which adds interpretive meaning to the phrase of interest.
  [ID: e2d3ab2f-8d04-4aac-8e56-1cd6d0ea1eb2] Reasoning: This sentence distinguishes between compilations and preexisting creative works, which provides context for understanding the term 'preexisting work' in relation to derivative works.
  [ID: 049dafec-368e-492e-8668-2e677bed55c2] Reasoning: This sentence discusses a court's ruling regarding the failure to identify preexisting works, which provides context for understanding the implications of preexisting works in copyright registration.
  [ID: db9a2676-932c-4bcb-a194-772ab78b3db4] Reasoning: This sentence repeats the definition of derivative works as based on preexisting works without adding any new interpretive information.
  [ID: 4e9931ef-f10d-491f-90c4-dbf38892e997] Reasoning: This sentence references multiple court cases discussing derivative works and preexisting works, providing context and examples that clarify the application of the statutory definition.
  [ID: e2a824fb-0663-4510-bb71-803cfc5409b5] Reasoning: This sentence discusses the requirement for originality in derivative works, which adds interpretive context to the phrase of interest.
  [ID: c8f16f7b-f9ec-4093-9e3b-98179a3f6675] Reasoning: This sentence provides a definition of derivative work that includes examples, which adds interpretive meaning to the phrase of interest.
  [ID: 8001c676-7ba7-491f-a5e4-a3dfb984ba44] Reasoning: This sentence is a paraphrase of the statute and does not provide any new interpretive information.
  [ID: 7ea9f4b9-2f6b-46ca-955d-66f8bbc5822f] Reasoning: This sentence refers to a registration form asking about preexisting works, which provides context for understanding the relevance of preexisting works in copyright applications.
  [ID: 4e64eece-cfd4-4900-9bbb-da646619b4da] Reasoning: This sentence is similar to the previous one and provides context for identifying preexisting works in copyright applications, which is relevant to understanding the phrase of interest.
  [ID: d8d0bf30-c99c-416f-b844-0b770e34e8c7] Reasoning: This sentence references a case discussing originality in the context of preexisting works, which provides interpretive context for understanding the phrase of interest.
  [ID: cfbcaff2-f3a1-4970-acc3-92a329097b46] Reasoning: This sentence is a paraphrase of the statute and does not provide any new interpretive information.
  [ID: 3247078f-1999-4511-bff2-ca3078878789] Reasoning: This sentence discusses the copyright protection of works derived from prior works, which adds context to the understanding of derivative works and preexisting works.
  [ID: 0a57efa1-7c2b-4fbe-9804-b34c04215ead] Reasoning: This sentence implies that a work must show more than trivial variation from preexisting works, which provides interpretive context for understanding the originality requirement related to preexisting works.
  [ID: 8ccf5d0e-a3f6-4bc7-98db-876fe6509916] Reasoning: This sentence discusses the originality requirement and its purpose in preventing trivial variations of preexisting works, which adds interpretive context to the phrase of interest.
  [ID: c01c87ac-f64f-4aac-b9d1-e49bed95f095] Reasoning: This sentence states that IIS is not trying to monopolize preexisting work, which does not provide any interpretive information about the phrase of interest.
  [ID: ee310c76-9486-4eb4-baaa-ad120526c892] Reasoning: This sentence explains that additional original material added to a preexisting work can be copyright protected, which adds interpretive value to the concept of 'preexisting work' in the context of derivative works.
  [ID: e036f29d-c19e-4c54-83c9-aa1e9af58ad3] Reasoning: This sentence discusses specific instances of preexisting works in the context of a legal argument, but does not provide new interpretive information about the term 'preexisting work'.
  [ID: 813fbf44-9e6e-4883-882e-8354cbf17cfc] Reasoning: This sentence quotes the statute verbatim, providing no new interpretive information about 'preexisting work'.
  [ID: 536d57ca-c5b5-4b3f-b26a-3f10eb6f5b34] Reasoning: This sentence states a requirement for copyright applicants to identify preexisting works, but does not elaborate on the meaning of 'preexisting work'.
  [ID: 3cf1c349-3fa8-4d1f-9238-e2c17fb5d7b0] Reasoning: This sentence discusses the concept of originality in relation to preexisting works, but does not provide a definition or elaboration on 'preexisting work'.
  [ID: 914267a2-60e9-4125-859c-7c4c8fe080ed] Reasoning: This sentence quotes the statute defining derivative work, providing no new interpretive information about 'preexisting work'.
  [ID: 7d5740da-e0a9-4ea7-a5d3-eeacb6665384] Reasoning: This sentence is a partial quote from the statute and does not add any new interpretive information about 'preexisting work'.
  [ID: 7edbd5e3-b227-4abf-b412-f2d2f5ac91cf] Reasoning: This sentence discusses the applicability of a test to derivative works involving preexisting works, but does not provide new interpretive information about 'preexisting work'.
  [ID: 04ec4d03-63b9-4a0e-b5da-c76033911961] Reasoning: This sentence states that ERG's costumes were based on copyrighted preexisting works, but does not elaborate on the meaning of 'preexisting work'.
  [ID: e6974924-1d66-4c99-b5f7-63a3da7b9e3d] Reasoning: This sentence critiques a test's failure to consider the rights of copyright holders of preexisting works, but does not provide new interpretive information about 'preexisting work'.
  [ID: 2b3e0c68-0b6d-48ed-8c1c-6b3b2b5197bb] Reasoning: This sentence discusses a court ruling regarding artistic differences between derivative and preexisting works, but does not provide new interpretive information about 'preexisting work'.
  [ID: 37d3498d-d66d-450c-936d-08bcfa04cb80] Reasoning: This sentence discusses copyrightability in relation to derivative works and preexisting works, but does not provide new interpretive information about 'preexisting work'.
  [ID: f2891b1d-97b4-4852-b6c5-a3ce76bd19a5] Reasoning: This sentence discusses a court's conclusion about artistic differences between works, but does not provide new interpretive information about 'preexisting work'.
  [ID: e1f0b79a-ad94-46ff-862e-0935e3c7a995] Reasoning: This sentence discusses a court's findings regarding derivative works and preexisting works, but does not provide new interpretive information about 'preexisting work'.
  [ID: ab9f817d-9476-4110-96ed-d931a1d699af] Reasoning: This sentence discusses the qualitative importance of portions of preexisting works, but does not provide new interpretive information about 'preexisting work'.
  [ID: 5c63426f-6a8f-4ac8-b5d0-0105e31dacb8] Reasoning: This sentence quotes the statute defining derivative work, providing no new interpretive information about 'preexisting work'.
  [ID: 0cb08b4c-0b0c-4d09-bb6e-626f4e5f20ad] Reasoning: This sentence quotes a case discussing derivative works and preexisting works, providing no new interpretive information about 'preexisting work'.
  [ID: c0213aec-8cc7-4ccf-aca8-75395f0be621] Reasoning: This sentence defines 'Derivatives' in a specific context, but does not provide new interpretive information about 'preexisting work' in the context of copyright law.
  [ID: 2c1003ee-da4e-4321-b001-dca86166cb3e] Reasoning: This sentence discusses the artistic authorship required for registration, but does not provide new interpretive information about 'preexisting work'.
  [ID: b802657e-9c44-4c1a-8379-88ab4cf3238f] Reasoning: This sentence discusses the protection of modifications to preexisting works, but does not provide new interpretive information about 'preexisting work'.
  [ID: fec38b37-b914-43cd-9910-9be2fbfd76e7] Reasoning: This sentence defines 'Derivatives' in a specific context, but does not provide new interpretive information about 'preexisting work' in the context of copyright law.
  [ID: 118d682d-4cd4-4a81-b9f6-2289db023b72] Reasoning: This sentence discusses a specific case involving knowledge of preexisting works, but does not provide new interpretive information about 'preexisting work'.
  [ID: 607b1533-5e83-44e6-ad1b-4259e0ef9ed6] Reasoning: This sentence is a procedural note asking for identification of preexisting works, providing no new interpretive information about 'preexisting work'.
  [ID: bd9f8a2f-5198-46f6-b129-80aee665d307] Reasoning: This sentence quotes the statute defining derivative work, providing no new interpretive information about 'preexisting work'.
  [ID: 14243d2d-140b-48d4-93b0-9e8b64c6cf30] Reasoning: This sentence quotes the statute defining derivative work, providing no new interpretive information about 'preexisting work'.
  [ID: a0c9683d-5944-4a03-9f81-e553b88373f8] Reasoning: This sentence discusses the copyright protection for a derivative work that is separate from the preexisting work, which adds interpretive context about the relationship between derivative works and preexisting works.
  [ID: 6245ae90-d0dd-4b04-b1ed-9e04f2e1e55d] Reasoning: This sentence quotes the statute verbatim, providing no new interpretive information about the phrase 'preexisting work'.
  [ID: 31b10f93-5362-43b4-9258-ee2f18a2c0cd] Reasoning: This sentence references a case that discusses the originality required for copyright protection, which provides context for understanding the implications of 'preexisting works' in derivative works.
  [ID: 0624a473-0b15-42d6-8383-1e4322830b54] Reasoning: This sentence explains that copyright protection is available for parts of a derivative work that do not use the preexisting work, which adds interpretive value regarding the limitations of derivative works.
  [ID: af169f1d-e620-4d3b-9be6-6a98ff3912ad] Reasoning: This sentence elaborates on the limitations of copyright protection concerning unlawful use of preexisting works, providing interpretive context about the relationship between derivative works and preexisting works.
  [ID: 389ff1ca-85c7-48e8-9f9a-9ceab881eb6e] Reasoning: This sentence discusses the requirement for authorization based on whether the preexisting work pervades the derivative work, which adds interpretive meaning to the concept of 'preexisting work'.
  [ID: 22cb66c7-bc8a-4b7f-9832-cd435220231d] Reasoning: This sentence discusses the policy implications of derivative works and preexisting works, which provides interpretive context about the legal landscape surrounding these terms.
  [ID: 7a545602-2578-4c41-afdc-3cf7cd6d252b] Reasoning: This sentence explains that only portions of a derivative work that use the preexisting work are denied copyright, which adds interpretive value regarding the boundaries of derivative works.
  [ID: 35cc6327-b3fe-43c4-bcb8-fac2306bb260] Reasoning: This sentence provides an explanation of how copyright is affected by the pervasiveness of the preexisting work in the derivative work, which adds interpretive meaning.
  [ID: 69dfd2e9-546e-4e99-b5e8-ec4a9a4799a9] Reasoning: This sentence repeats the statutory definition of a derivative work, providing no new interpretive information about 'preexisting work'.
  [ID: 459cde52-0407-4ecd-9e02-38998ee333e5] Reasoning: This sentence discusses the necessity of consent from the copyright holder of the preexisting work for creating a derivative work, which adds interpretive context about the legal requirements surrounding derivative works.
  [ID: 7728d18a-3799-4da3-8fd1-95d56dbcb1c9] Reasoning: This sentence repeats the statutory definition of derivative works, providing no new interpretive information about 'preexisting work'.
  [ID: f439344d-df44-4f0a-a041-2513c8d794fe] Reasoning: This sentence repeats the statutory definition of a derivative work, providing no new interpretive information about 'preexisting work'.
  [ID: 238d45b0-147d-4daa-8014-3a81912ad6d0] Reasoning: This sentence clarifies that a work is not automatically considered derivative just because it is based on preexisting works, which adds interpretive value regarding the criteria for derivative works.
  [ID: bed305e3-3696-4591-a5d9-4e0d847898eb] Reasoning: This sentence reiterates the statutory definition of derivative works, providing no new interpretive information about 'preexisting work'.
  [ID: b4c3bd23-d288-47e8-aeae-9a9fee9b9145] Reasoning: This sentence discusses the implications of copying portions of preexisting works, which adds interpretive context about the significance of preexisting works in derivative works.
  [ID: 255a07b8-6688-46c2-b7c4-c45a3985f8d5] Reasoning: This sentence does not relate meaningfully to the phrase 'preexisting work' and does not provide interpretive information about it.
  [ID: 60804352-c12f-4673-9744-4b654e33fd35] Reasoning: This sentence repeats the statutory definition of a derivative work, providing no new interpretive information about 'preexisting work'.
  [ID: ddd449f4-c73e-479d-8e45-6a26cf28e8a3] Reasoning: This sentence discusses the requirement for permission from the copyright owner of the preexisting work for derivative works, which adds interpretive context about the legal framework surrounding derivative works.
  [ID: f18c755a-e234-4b42-b965-a6d34503df6c] Reasoning: This sentence states that Palladium does not dispute that its works are based on preexisting works, but does not add interpretive value regarding the meaning of 'preexisting work'.
  [ID: 9ae87926-cda9-4e68-99e4-d245275d386a] Reasoning: This sentence repeats the statutory definition of a derivative work, providing no new interpretive information about 'preexisting work'.
  [ID: 35b685b4-2301-426b-a78f-f13e085b9e97] Reasoning: This sentence discusses the focus of cases interpreting the provision, which adds context about how 'preexisting works' are viewed in legal interpretations of derivative works.
  [ID: 04556449-9e29-4e5f-88fa-d38060d7e287] Reasoning: This sentence repeats the statutory definition of a derivative work, providing no new interpretive information about 'preexisting work'.
  [ID: 958a189c-8b61-40ad-898d-40917dc7a669] Reasoning: This sentence emphasizes the importance of being based on a preexisting work to qualify as a derivative work, which adds interpretive value regarding the criteria for derivative works.
  [ID: f209258b-8ec6-46d6-b47e-48afb56bb6ac] Reasoning: This sentence repeats the statutory definition of a derivative work, providing no new interpretive information about 'preexisting work'.
  [ID: 02f0429c-29c2-4bd7-966a-9e41049e8695] Reasoning: This sentence discusses the relevance of the relationship between the preexisting work and the derivative work but does not provide any new interpretive information about the phrase 'preexisting work' itself.
  [ID: 2d63128f-cf59-47f2-94f3-c2324e53cea5] Reasoning: This sentence explains that a revision can alter a preexisting work sufficiently to create a new original creation, which adds interpretive value to the understanding of 'preexisting work' in the context of derivative works.
  [ID: ec1b7b6c-9fed-41d4-9dc1-eb423e760b50] Reasoning: This sentence clarifies that a derivative work can be created through editorial revisions to a preexisting work, providing explicit elaboration on how 'preexisting work' functions in the context of derivative works.
  [ID: 0f83ad2d-e8e6-43cd-92dd-338754bcf292] Reasoning: This sentence provides a clear explanation of how a derivative work is characterized as being sufficiently unlike the preexisting work, which adds significant interpretive value to the understanding of 'preexisting work'.
  [ID: 66f3a453-f828-4b58-9b84-2168b43e23d2] Reasoning: This sentence is a direct quote from the statute and does not add any new interpretive information about 'preexisting work'.
  [ID: 160dc7a5-706f-4a5d-b552-d8f9018caeda] Reasoning: This sentence is a verbatim definition from the statute and does not provide any new interpretive information about 'preexisting work'.
  [ID: eb73923e-0b00-4c1a-8631-2630ba85b5fb] Reasoning: This sentence contains a citation and a quote from the statute, which does not add any new interpretive information about 'preexisting work'.
  [ID: d4f228b8-1c97-4b2f-be79-19e37020d422] Reasoning: This sentence discusses the protection of a preexisting work incorporated into a derivative work, which adds some interpretive value regarding the implications of 'preexisting work'.
  [ID: d3693151-3e1f-4c62-b821-ff974430dd0f] Reasoning: This sentence is a direct quote from the statute and does not add any new interpretive information about 'preexisting work'.
  [ID: 9419226c-4f33-4b77-b605-73d84ddba76a] Reasoning: This sentence is a verbatim statement of the statute and does not provide any new interpretive information about 'preexisting work'.
  [ID: 4897020c-341d-45fb-a9bc-fd497d5862d2] Reasoning: This sentence is a direct quote from the statute and does not add any new interpretive information about 'preexisting work'.
  [ID: d2f206e8-99f9-4845-aa64-b242f6ec3e30] Reasoning: This sentence provides a perspective from Nimmer on the relationship between derivative works and preexisting works, which adds interpretive value to the understanding of 'preexisting work'.
  [ID: 7c9e6c78-6b73-49ae-99b7-aa613636649a] Reasoning: This sentence discusses a lawsuit involving a preexisting work disability but does not relate meaningfully to the phrase 'preexisting work' in the context of copyright law.
  [ID: 6c478983-e5e4-4744-b7f3-a966622b0a83] Reasoning: This sentence also discusses a lawsuit involving a preexisting work disability but does not provide relevant interpretive information about 'preexisting work' in copyright law.
  [ID: 3a4fdd61-e558-41c8-9db8-9bc2a1fc0505] Reasoning: This sentence is a direct quote from the statute and does not add any new interpretive information about 'preexisting work'.
  [ID: 06d20007-fffe-48c0-932b-0c7e7f3138c1] Reasoning: This sentence discusses a legal argument regarding copyright registrations and preexisting works but does not provide new interpretive information about 'preexisting work'.
  [ID: bae3e961-bdff-453e-ae7b-8558d3ef15c3] Reasoning: This sentence is a direct quote from the statute and does not add any new interpretive information about 'preexisting work'.
  [ID: 3380e02e-6048-413a-874e-af6da7937756] Reasoning: This sentence explains the originality requirement for derivative works in relation to preexisting works, providing valuable interpretive information about the phrase 'preexisting work'.
  [ID: 55862451-9d0f-4709-9245-3f95fb529944] Reasoning: This sentence discusses a legal argument regarding originality and copying from preexisting works but does not provide new interpretive information about 'preexisting work'.
  [ID: d152bdb2-5058-46a9-9f8c-a9c22b726df1] Reasoning: This sentence discusses a court's decision regarding works copied from preexisting work but does not provide new interpretive information about 'preexisting work'.
  [ID: e0b56cbd-4135-475b-abee-bea58c15eaa7] Reasoning: This sentence is a direct quote from the statute and does not add any new interpretive information about 'preexisting work'.
  [ID: 14cc1246-e3e1-442f-abf5-e49dd1694f6f] Reasoning: This sentence discusses the effect of publishing a derivative work on the validity of copyright in the preexisting work, which adds interpretive value regarding the implications of 'preexisting work'.
  [ID: 4ae2483c-67ee-4726-b226-49fc7b28b5b0] Reasoning: This sentence states that the publication of a derivative work constitutes a publication of the preexisting works contained therein, which adds some interpretive value regarding the relationship between derivative and preexisting works.
  [ID: 82116e0e-d501-42c4-b622-bc50079ac033] Reasoning: This sentence is a direct quote from the statute and does not add any new interpretive information about 'preexisting work'.
  [ID: 65434475-fbcf-4550-ba77-d0de81ccfc40] Reasoning: This sentence discusses copyright protection for derivative works based on preexisting works, which adds interpretive value regarding the implications of 'preexisting work'.
Method: probabilities | Term: preexisting work
NDCG@10: 0.4539644211115976
NDCG@20: 0.43110725016922846
NDCG@40: 0.4554287175537493
NDCG@100: 0.520749312944708

----------------------------------------
STDERR:
wandb: Appending key for api.wandb.ai to your netrc file: /Users/alvinwang/.netrc
wandb: Currently logged in as: alvinw2 (alvinw2-carnegie-mellon-university) to https://api.wandb.ai. Use `wandb login --relogin` to force relogin

GPT batches:   0%|          | 0/33 [00:00<?, ?batch/s]
GPT batches:   3%|▎         | 1/33 [00:32<17:27, 32.73s/batch]
GPT batches:   6%|▌         | 2/33 [00:39<09:05, 17.59s/batch]
GPT batches:   9%|▉         | 3/33 [00:43<05:39, 11.31s/batch]
GPT batches:  12%|█▏        | 4/33 [00:45<03:46,  7.80s/batch]
GPT batches:  15%|█▌        | 5/33 [00:47<02:35,  5.55s/batch]
GPT batches:  18%|█▊        | 6/33 [00:48<01:45,  3.92s/batch]
GPT batches:  21%|██        | 7/33 [00:48<01:11,  2.75s/batch]
GPT batches:  24%|██▍       | 8/33 [00:49<00:54,  2.18s/batch]
GPT batches:  27%|██▋       | 9/33 [00:49<00:37,  1.58s/batch]
GPT batches:  33%|███▎      | 11/33 [00:50<00:19,  1.14batch/s]
GPT batches:  36%|███▋      | 12/33 [00:50<00:16,  1.30batch/s]
GPT batches:  39%|███▉      | 13/33 [00:50<00:12,  1.66batch/s]
GPT batches:  45%|████▌     | 15/33 [00:50<00:06,  2.61batch/s]
GPT batches:  55%|█████▍    | 18/33 [00:51<00:04,  3.56batch/s]
GPT batches:  58%|█████▊    | 19/33 [00:51<00:03,  3.92batch/s]
GPT batches:  61%|██████    | 20/33 [00:51<00:02,  4.46batch/s]
GPT batches:  64%|██████▎   | 21/33 [00:51<00:02,  4.47batch/s]
GPT batches:  70%|██████▉   | 23/33 [00:52<00:01,  5.55batch/s]
GPT batches:  73%|███████▎  | 24/33 [00:52<00:02,  4.40batch/s]
GPT batches:  76%|███████▌  | 25/33 [00:53<00:03,  2.09batch/s]
GPT batches:  79%|███████▉  | 26/33 [00:58<00:11,  1.58s/batch]
GPT batches:  85%|████████▍ | 28/33 [01:00<00:07,  1.41s/batch]
GPT batches:  88%|████████▊ | 29/33 [01:01<00:04,  1.20s/batch]
GPT batches:  91%|█████████ | 30/33 [01:01<00:02,  1.07batch/s]
GPT batches:  94%|█████████▍| 31/33 [01:01<00:01,  1.29batch/s]
GPT batches:  97%|█████████▋| 32/33 [01:02<00:00,  1.20batch/s]
GPT batches: 100%|██████████| 33/33 [01:08<00:00,  2.12s/batch]
GPT batches: 100%|██████████| 33/33 [01:08<00:00,  2.07s/batch]
