Command: /opt/anaconda3/bin/python rank.py --term residential dwelling --type probabilities --sentences sources/residential_dwelling/residential_dwelling-sentence.json --provisions sources/provisions.json --verbose false
----------------------------------------
You are an expert legal scholar specializing in statutory interpretation. Your task is to evaluate the interpretive value of retrieved sentences in relation to a specific "Phrase of Interest" and its "Source Statute/Provision".

### KEY RULE: PENALIZE STATUTORY REDUNDANCY (ADVERSARIAL GOAL)
You must act as a critic looking to disqualify sentences that provide NO NEW INFORMATION.
- IF a sentence merely repeats or paraphrases the provided "Source Statute/Provision" without adding interpretive context (like case law, specific applications, or expert analysis), it has **NO VALUE**.
- A literal quote of the statute is a redundant distraction. Assign 'no value' a probability of 0.90 or higher.
- Interpretive value comes from how the statute is *applied* or *explained* in practice, not from the text of the statute itself.

### RELEVANCE CATEGORIES
- **0: no value**: Irrelevant, off-topic, or purely redundant statutory text.
- **1: potential value**: Mentions the term in a relevant context but adds very little interpretive depth (e.g., a simple factual statement).
- **2: certain value**: Relevant; provide clear application, context, or explanation of the term that helps understand its scope or meaning.
- **3: high value**: Highly relevant; Provides critical interpretive guidance, settles a legal ambiguity, or explains a complex application in a way that significantly aids interpretation.

### GRANULARITY & TIE-BREAKING
- **BE PRECISE**: Do not give all relevant sentences the same score. Distinguish between a "good" explanation (Score 2) and an "excellent" one (Score 3). 
- **RESOLUTION**: Use granular probabilities (e.g., 0.35, 0.62) to ensure the final ranking is stable and distinguishes between similar-quality sentences.

### OUTPUT FORMAT
You must return a JSON array of objects. Each object must include a "reasoning" field (Chain-of-Thought) and a "probs" field.

Example:
[
  {
    "sentence_id": "S1",
    "reasoning": "Direct quote of Section 60101. No interpretive value beyond the statute itself.",
    "probs": {"no value": 0.98, "potential value": 0.02, "certain value": 0.0, "high value": 0.0}
  },
  {
    "sentence_id": "S2",
    "reasoning": "Applies 'hazardous liquid' to liquid CO2 pipelines, clarifying a major jurisdictional boundary.",
    "probs": {"no value": 0.05, "potential value": 0.15, "certain value": 0.30, "high value": 0.50}
  }
]

### DATA TO PROCESS
Phrase of Interest: {{phrase_of_interest}}
Source Statute/Provision: {{raw_statute}}

Sentences to evaluate:
{{sentences}}

  [ID: 05579c0f-ee70-454a-b459-2184c4db0c2f] Reasoning: Cites multiple cases extending warranties related to residential dwellings, providing context on legal interpretations and applications of the term.
  [ID: 450eabbc-dfab-4ad3-9563-b81894086243] Reasoning: Discusses the rationale from an Idaho case that extends warranty protections to residential dwellings for income-producing purposes, adding interpretive context.
  [ID: e7566481-dcbc-46b9-88bb-72b1eccd3ddd] Reasoning: Describes landlord obligations under North Dakota law regarding residential dwellings, providing practical implications of the term.
  [ID: b042f72a-dc36-45b6-a7e1-38231e93d707] Reasoning: Mentions a legal case involving burglary of a residential dwelling, illustrating the application of the term in criminal law.
  [ID: ac8fcc0c-d0e6-4135-9909-6610e7c93254] Reasoning: Discusses the elements of burglary involving a residential dwelling, providing context for legal definitions and implications.
  [ID: 8e6d64ea-d8db-4b9a-a83b-eb985b6fda06] Reasoning: Describes zoning requirements for residential dwellings, providing context on land use regulations.
  [ID: e8dfda17-1311-4bd3-882e-f9a2715e53fc] Reasoning: Comments on the efficacy of setback ordinances for residential dwellings, adding interpretive context to zoning laws.
  [ID: b694d339-82ff-4851-b1cf-1258907aed07] Reasoning: Lists various legal writings related to implied warranties in residential dwellings, but lacks specific interpretive context.
  [ID: 9a8f1ddb-4fd3-47e5-a9dd-7556c27e981f] Reasoning: Mentions zoning limitations for residential dwelling units, providing context for land use regulations.
  [ID: 2695349d-1748-433b-9f84-4366fe419607] Reasoning: Describes insurance coverage for residential units, providing context on legal definitions and applications.
  [ID: e160ca4d-9f47-4824-a489-68720236a42f] Reasoning: Discusses zoning regulations limiting residential dwelling units, providing context for land use.
  [ID: c18bbc4f-4b45-4d73-9ee9-4f51e994ddc2] Reasoning: Mentions development restrictions related to residential dwelling units, providing context for zoning laws.
  [ID: 8a4b4d91-f505-48c1-9348-416986949b0b] Reasoning: Discusses privacy expectations related to residential dwellings, providing context for legal interpretations.
  [ID: 44555160-49a7-42b1-a107-d386f4dd777f] Reasoning: Mentions an assessment for residential dwelling units, but lacks interpretive context.
  [ID: ec6235c8-d262-4a27-817c-57bf6c0a2571] Reasoning: Describes the sale of land for residential dwellings, but lacks specific interpretive context.
  [ID: 5466e999-4fa5-407e-b4db-6edbac759c96] Reasoning: This sentence discusses the requirement of having a residential dwelling unit for a specific property tax assessment rate, but it does not provide deeper interpretive context or application beyond stating a requirement.
  [ID: 43128bb8-6f31-4683-a316-2ba444a92578] Reasoning: This sentence clarifies that property without a residential dwelling unit does not qualify as 'residential real property' for tax purposes, but it does not add significant interpretive depth.
  [ID: 11b4342b-72da-4a7e-a3c6-352625ad08bd] Reasoning: This sentence provides a legal perspective on the protection afforded to areas associated with residential dwellings, linking it to the concept of privacy, which adds interpretive context.
  [ID: 6a2f843d-4095-446a-8744-cc1ed9c30943] Reasoning: This sentence describes an agreement to construct residential dwellings but lacks interpretive depth regarding the implications of such construction.
  [ID: 698bfd5e-ab9e-45a0-9192-4710ac6dd7fc] Reasoning: This sentence mentions competition among residential dwellings but does not provide any legal or interpretive context that enhances understanding.
  [ID: a352f57c-6f37-4a94-b5ff-c139bfd2a166] Reasoning: This sentence states that there are no residential dwellings in a specific zone, which is a factual statement without interpretive value.
  [ID: a05ed10c-3b27-4009-a2bb-4545fefdbf35] Reasoning: This sentence simply states ownership of a residential dwelling without providing any additional context or legal implications.
  [ID: a25ca804-82a0-43b8-9c3d-cb5a2e5f1f0b] Reasoning: This sentence provides a factual statement about a purchase of a residential dwelling but lacks any interpretive context.
  [ID: cd777db5-4038-4415-949e-a040368d9e68] Reasoning: This sentence includes a definition of a consumer agreement involving leasing a residential dwelling, but it does not provide deeper interpretive context.
  [ID: fd2d74c6-0a29-451a-9e70-7581b4502959] Reasoning: This sentence states a limitation on the number of residential dwellings but does not provide any interpretive context.
  [ID: abf38026-bd4f-421c-b4c7-48a532be0057] Reasoning: This sentence defines 'residential real property' but does not add any interpretive context beyond the statutory definition.
  [ID: 75dc0041-378b-41a1-b260-a6445a2e9e8b] Reasoning: This sentence interprets the relationship between residential land and dwelling units, providing clarity on legal requirements, thus adding significant interpretive value.
  [ID: f75d59e3-b6e9-4f10-aaab-93ce53d8abef] Reasoning: This sentence discusses the use of contiguous land in relation to a residential dwelling unit, providing important interpretive context regarding residential classification.
  [ID: 8e419675-c94a-428d-a9fd-1c67d7a7114a] Reasoning: This sentence references a case that discusses the criteria for residential classification, providing valuable interpretive context.
  [ID: 1b92f71b-c808-4751-8974-6108afc5f4df] Reasoning: This sentence discusses specific building requirements for a residential dwelling, which adds practical interpretive value.
  [ID: 2baceba6-f21f-4fba-85c2-4bf903184b0c] Reasoning: This sentence discusses legislative intent to protect occupants of residential dwellings, providing important context for understanding the statute's application.
  [ID: f55fdb65-d220-4c14-ad8a-a7371b04aeed] Reasoning: This sentence states that residential dwellings are permissible under specific zoning, but it lacks deeper interpretive context.
  [ID: 9d2b90cc-aae4-4fef-8473-dcfe06c4085e] Reasoning: This sentence discusses a specific legal provision related to holdover tenants in residential dwellings, providing context on tenant rights and court procedures, which adds interpretive value.
  [ID: 454919b8-4c89-4e8d-9e35-6530c85ef01a] Reasoning: This sentence describes a meeting regarding the construction of multiunit residential dwellings, providing context on development and planning, which is relevant but lacks deeper interpretive analysis.
  [ID: d33a9693-ac54-424e-801b-2ee625f0d16e] Reasoning: This is a direct quote from a document regarding mortgaged properties, providing no new interpretive context or application of the term 'residential dwelling'.
  [ID: b7d8564c-b8ea-4740-80fe-776d96bcbdd7] Reasoning: This sentence states ownership of a two-family residential dwelling, but does not provide any additional context or application, making it redundant.
  [ID: 87642fd5-6747-4797-ba48-58b25429d20f] Reasoning: This sentence is identical to the previous one, providing no new information or context.
  [ID: 979af798-55b5-4635-a0b1-cb0813a0a770] Reasoning: This sentence mentions ownership of a two-family residential dwelling but lacks any interpretive context or application, rendering it redundant.
  [ID: c8a4ab48-d90d-4394-9ae5-e544ff1a6f9d] Reasoning: This sentence is a repeat of the previous one, providing no new information or context.
  [ID: 054fb26d-89f5-4534-8ae7-b6ab26f1e73c] Reasoning: This sentence describes a property with multiple residential dwellings, but does not provide any additional interpretive context or application.
  [ID: 4b57c7db-4c37-43b3-9521-9fa2d22e6e5d] Reasoning: This sentence discusses a legal argument regarding the use of a cottage as a residential dwelling, providing context on zoning and nonconforming use, which adds interpretive value.
  [ID: bfbdc3f4-bc73-4904-b145-24c8af311697] Reasoning: This sentence discusses a mortgage provision related to residential dwelling units, providing context on property coverage and legal implications, which adds interpretive value.
  [ID: 64c9fab9-f014-447a-a7d3-b7f3b6dd0733] Reasoning: Describes a specific instance of a residential dwelling but does not provide any interpretive context or application of the term.
  [ID: e6048d1c-29e7-448c-9749-b4acc76c82c2] Reasoning: Cites a case that mentions 'residential dwelling' but does not elaborate on its legal implications or context.
  [ID: 924fa3a3-bd78-478b-9b91-9761e8f49f15] Reasoning: Provides a definition of 'mobile home' as a type of residential dwelling, which adds some context but lacks depth in application.
  [ID: 109b6660-3d7a-461f-a9e5-d2f0ec7c6cef] Reasoning: Mentions a common understanding in real estate regarding the pricing of similar residential dwellings, but lacks specific legal context.
  [ID: 4594bff0-3b19-49bb-a63a-b1ecd2f7135b] Reasoning: Discusses a legal requirement for owners of residential dwellings to submit a disclosure form, providing clear application of the term.
  [ID: 4875aa08-9932-47e8-ba05-7be8e39f9865] Reasoning: Explains how residential dwellings are graded under Indiana's tax system, providing context for the term's application.
  [ID: 56c2290e-9d7d-45ab-aa99-d26bbfcaec7b] Reasoning: Describes an ordinance requiring smoke detectors in residential dwellings, illustrating a practical application of the term.
  [ID: a3a29dc0-f05e-4a62-9921-7a2f1382abf0] Reasoning: Discusses a municipal ordinance related to picketing near residential dwellings, providing context for the term's legal implications.
  [ID: 0b1188f4-eef7-4598-8962-3b5f24b39b77] Reasoning: Mentions a contract for the purchase of a residential dwelling, but lacks interpretive depth regarding the term's application.
  [ID: cd2a6f5f-5d33-4d80-936d-5c36cbdf6e13] Reasoning: Cites a statute that prohibits the demolition of residential dwelling units occupied by low-income families, providing legal context.
  [ID: 27a17923-0097-4dae-be6b-d04cda4ca3b5] Reasoning: Describes ownership of a residential dwelling but does not provide any interpretive context or application of the term.
  [ID: 5f315fe5-d731-4b69-b8e8-009343108fe3] Reasoning: Mentions the educational impact of new residential dwelling units but lacks specific legal context or application.
  [ID: 4076bead-b548-47c4-8368-1d5df243d759] Reasoning: Describes zoning classifications adjacent to residential dwellings but does not provide interpretive context.
  [ID: 283c54e0-2b0d-4ca8-9b83-07df6881bc9b] Reasoning: Discusses a city council's decision regarding a foundation for residential dwellings, providing context for building standards.
  [ID: a89e194a-c330-489d-8bc9-aa72c01fd092] Reasoning: Explains the reasoning behind a council's decision regarding building practices for residential dwellings, providing critical context.
  [ID: 7f059b62-59ce-499c-8696-1299fcc7ef89] Reasoning: This sentence discusses a court case that interprets the nature of activities permissible in a residential dwelling, providing context on what constitutes commercial use in such settings.
  [ID: 191c06d0-4ffb-4536-afd3-96216d9749d2] Reasoning: This sentence mentions the term 'residential dwelling' in a procedural context but does not provide substantive interpretive value or application.
  [ID: 276e2060-d9c7-45e0-8abd-afcf6224b504] Reasoning: This sentence states that a complaint alleges leasing a 'residential dwelling' but lacks further context or interpretive depth.
  [ID: 28b64a24-cfa8-44b0-b035-d38916745f79] Reasoning: This sentence discusses the imposition of duties on landlords regarding a residential dwelling, providing insight into legal responsibilities in such contexts.
  [ID: c44d0cc3-6d2c-45d7-8a8a-bc298a73dec2] Reasoning: This sentence describes the control of a residential dwelling by the tenant, which is relevant to understanding tenant rights and responsibilities.
  [ID: 44f71cc9-9dc6-49da-8b8c-745cbe5ae84a] Reasoning: This sentence provides factual information about a mortgage related to a residential dwelling but lacks interpretive depth.
  [ID: 27e1ebe6-e594-452e-a718-20a8102f4b7a] Reasoning: This sentence references a statute regarding annexation and residential dwellings but does not provide substantive interpretive context.
  [ID: 621b9f2e-3f1c-4236-baaa-5d610f48cb36] Reasoning: This sentence discusses the requirements for subdivision approval and the implications for residential dwellings, providing context for zoning and development.
  [ID: 76750cd8-b1a8-42b4-890f-e04a3db75618] Reasoning: This sentence describes a subdivision plan for residential dwellings, relevant for understanding land use and development regulations.
  [ID: 3cc089bd-9a26-4fd4-91fc-773a16de380d] Reasoning: This sentence discusses a court's interpretation of a zoning requirement related to residential dwellings, providing critical context for legal standards.
  [ID: 1d76348c-bbb6-4d13-8389-b36e703ce29f] Reasoning: This sentence discusses a development district that permits residential dwellings, providing context for zoning regulations.
  [ID: 5deffcc4-d032-4afd-884a-48c2f4d214d7] Reasoning: This sentence discusses the status of a trailer in relation to residential dwelling definitions, providing context for occupancy and use.
  [ID: f329dff7-7e2c-4242-9408-ebd15655eb6d] Reasoning: This sentence mentions a residential dwelling in a specific application context, but lacks depth in interpretation.
  [ID: e7cb0ebb-09c1-42a9-a54c-28eb520ea49c] Reasoning: This sentence discusses a condemnation case related to residential dwelling units, providing context for legal interpretations of property use.
  [ID: b3d09a6b-1684-4ad7-b873-50268c579d04] Reasoning: This sentence lists permitted uses in a district, including residential dwellings, but lacks interpretive depth.
  [ID: e51ff16c-20a1-4639-96c1-e5a082d238d2] Reasoning: This sentence states the City's position on residential dwellings in light manufacturing districts but does not provide any interpretive context or application of the term.
  [ID: abb1ac1c-b57c-468f-b962-5711107da643] Reasoning: This sentence discusses the legal question of whether mobile home parks are excluded from permitted uses, providing context on the interpretation of 'residential dwellings' in zoning law.
  [ID: 6cea07d3-d52e-43f3-958f-ecd52d024274] Reasoning: This sentence reflects the City's interpretation of the prohibition against 'residential dwellings' but does not add significant interpretive depth beyond stating an opinion.
  [ID: 5011585a-8432-4788-b70d-964c45408741] Reasoning: This sentence provides a definition of a mobile home as a 'detached residential dwelling unit,' which is relevant but does not add significant interpretive context.
  [ID: de7f0962-6108-45ed-835f-608618c3822b] Reasoning: This sentence discusses the regulation of rented residential dwellings but does not provide specific interpretive context related to the phrase of interest.
  [ID: 75592993-19de-45ae-9d16-029dd1c4e07b] Reasoning: This sentence identifies the ownership of residential dwelling units but does not provide any interpretive context or application of the term.
  [ID: ca08944c-66cf-4c8c-af36-02163f6f25b7] Reasoning: This sentence discusses restrictions on multi-family dwellings, providing context on zoning regulations but lacks deeper interpretive analysis.
  [ID: 53439fd0-afe4-4861-9900-d59b6c9552c1] Reasoning: This sentence discusses mortgage regulations related to residential dwelling units but does not provide specific interpretive context for the phrase of interest.
  [ID: 3907d582-c4ce-4445-8166-be7c76059a00] Reasoning: This sentence describes actions taken regarding a residential dwelling but does not provide any interpretive context or application.
  [ID: 2f55711a-c164-4759-8daa-0f4cc1c5301a] Reasoning: This sentence discusses the classification of condominium units as separate residential dwellings, providing some interpretive context regarding ownership and taxation.
  [ID: 30c35425-f0d6-4fc3-82df-d7c346e85dde] Reasoning: This sentence references a case involving a residential dwelling's compliance with setback requirements, providing context for legal interpretations of residential properties.
  [ID: cfd449a9-0a51-4b8c-96b1-95f394f20c0d] Reasoning: This sentence discusses construction restrictions on residential dwellings, providing context on zoning regulations but lacks deeper interpretive analysis.
  [ID: bd1c2c6a-4b94-4bd2-b92f-3ee26ffb6ac3] Reasoning: This sentence explains the definition of 'home inspection' in relation to residential dwellings, providing some interpretive context regarding inspections.
  [ID: b1edca42-d575-4cee-a106-d6da8b17bba9] Reasoning: This sentence discusses a legal principle regarding warranty claims related to residential dwellings, providing context on legal interpretations.
  [ID: da7c582b-8c08-45b9-962a-b80ae84b2e5c] Reasoning: This sentence describes the history of a residential dwelling that was previously on a property, but does not provide any interpretive context.
  [ID: a21d37ca-59a2-450e-852d-9ae1e152209e] Reasoning: This sentence discusses potential subdivision of property into residential lots, providing context on zoning but lacks deeper interpretive analysis.
  [ID: 61f077cb-783c-4d15-93f1-00eb87f49dde] Reasoning: This sentence mentions a policy covering a residential dwelling but does not provide any interpretive context or application.
  [ID: b6600105-efbe-41cc-bfb9-47bcf916146c] Reasoning: This sentence discusses the subdivision of parcels for residential dwellings, providing context on land use but lacks deeper interpretive analysis.
  [ID: 7d3da8c7-ca1f-4ece-b33a-4d82de281205] Reasoning: This sentence states that Appellant constructed new residential dwellings but does not provide any interpretive context or application of the term.
  [ID: d92b2beb-d610-4bc9-8103-dbe4f09a55e9] Reasoning: The sentence mentions the term 'residential dwellings' in the context of a legal argument but does not elaborate on its implications or provide interpretive depth.
  [ID: 777c172f-07bf-46a7-a5c0-263339c5d7a1] Reasoning: This sentence describes Appellant's business activities related to residential dwellings but lacks any interpretive context or legal analysis.
  [ID: edf5752c-d1e9-4528-b7ee-feb8e6680fc7] Reasoning: The sentence provides a factual statement about building permits for residential dwellings but does not add any interpretive value.
  [ID: d139b4c9-583b-451d-8068-7b8b2dac62af] Reasoning: This sentence discusses the rejection of Appellant's argument regarding residential dwellings but does not provide further legal analysis or context.
  [ID: 90abc344-e565-4921-bb44-451ea3e2980a] Reasoning: This sentence references a case that clarifies the application of a tax against a general contractor building residential dwellings, providing important interpretive context.
  [ID: ebb866a7-c114-48c4-9270-25f1a01369cd] Reasoning: The sentence explains that the business privilege tax is not applied to the construction of residential dwellings, providing clarity on tax implications.
  [ID: fd01ffd1-693c-4c9b-9928-de58a8d849ce] Reasoning: This sentence states a prohibition on local governments regarding permits for residential dwellings but does not provide additional interpretive context.
  [ID: 5dffbc1d-61aa-4348-8712-e1f866737489] Reasoning: The sentence describes a challenge to a tax based on the construction of residential dwellings but lacks deeper legal analysis or implications.
  [ID: 29545103-0ac1-4f86-8a7f-d966e99ef131] Reasoning: This sentence states that a tax is not imposed on the construction of residential dwellings, reiterating a point without adding new information.
  [ID: 9d5f8bee-3347-4628-bf54-39dc5a1435af] Reasoning: The sentence discusses the distribution of a tax but does not provide any interpretive context regarding residential dwellings.
  [ID: 125b795c-6f27-4765-87be-e4a951ddb309] Reasoning: This sentence describes undeveloped land in relation to residential dwellings but does not provide any legal interpretation or context.
  [ID: 49b169c1-1bfd-4333-9c5c-f794ada53461] Reasoning: The sentence discusses a complaint regarding building restrictions for residential dwellings but lacks interpretive depth.
  [ID: b5b0d13f-b9fb-4bf6-bba2-8d147170af7d] Reasoning: This sentence references a legal issue regarding residential dwellings but does not provide further context or analysis.
  [ID: c3c7bc3b-a667-4ba6-a31d-388f9c703532] Reasoning: The sentence states a definition of residential dwelling units but does not provide any interpretive context or application.
  [ID: f574c079-9004-42df-9aeb-da42e70b5d5c] Reasoning: This sentence explains the Court's reasoning regarding the definition of a residential dwelling unit, providing valuable interpretive context.
  [ID: e183571d-8b3c-482a-a255-956e957f60fd] Reasoning: The sentence discusses a court's finding regarding a foster home and its classification as a residential dwelling unit, providing important legal interpretation.
  [ID: cbe380f0-178c-4e3a-bd4a-7e0e3a97314a] Reasoning: This sentence mentions zoning regulations for residential dwelling units but does not provide further interpretive context.
  [ID: 38648369-25f5-4570-a0f5-7bc2dd3d6159] Reasoning: The sentence discusses an argument regarding the classification of a residential dwelling unit but lacks deeper legal analysis.
  [ID: d0d76740-04d3-4305-aa63-e37f7611201c] Reasoning: Describes a specific instance of a one-family residential dwelling being used as collateral for a loan, providing context for the term's application.
  [ID: bceb8a49-a31c-4282-a52b-d6a24d579c49] Reasoning: States that the one-family residential dwelling passed to a trustee in bankruptcy, but does not provide additional interpretive context.
  [ID: bc528eae-75f9-472c-ad94-c7d0587849c2] Reasoning: Engages with the legal definition of 'residential real estate' in a specific case, providing interpretive context regarding its application in a legal dispute.
  [ID: 4139a401-8b16-4437-b63b-3adae37e93cb] Reasoning: Mentions the recalculation of residential dwelling units in a court order, but lacks depth in explaining the implications of this action.
  [ID: 41c2dff8-a3f8-49bb-b141-1f12b41bf40d] Reasoning: References public policy regarding the protection of residential dwellings, but does not elaborate on how this policy affects legal interpretations.
  [ID: 6f8ca4e8-8d35-431e-aa73-9c5951e2d988] Reasoning: Discusses zoning ordinances related to residential housing, providing context for how residential dwellings fit into broader land use regulations.
  [ID: 8e5c8129-e4ee-4b88-bd17-d3644d21e0b8] Reasoning: Describes the exemption of agricultural land from residential dwelling regulations, providing context for the application of the term in zoning law.
  [ID: 3cdbd4ab-8413-4124-89a3-160a06d75d65] Reasoning: Describes a specific residential dwelling and its features, but does not provide legal context or implications.
  [ID: c066f2c3-6814-4c18-a2c6-a1600ae39e99] Reasoning: Discusses the interpretation of 'four or more' in relation to residential properties, providing insight into legal definitions and exemptions.
  [ID: 0dad9056-5cb2-4a62-a96a-b5c4e0ed6667] Reasoning: Mentions permitted uses in zoning districts, but does not elaborate on the implications for residential dwellings.
  [ID: d399fc28-0b74-44c2-9a8f-a34fd9b7289c] Reasoning: Argues about the ambiguity of zoning provisions regarding residential dwellings, providing insight into legal interpretation.
  [ID: 3cd4b00f-87a5-4f91-982f-4e9ac1c0c891] Reasoning: Discusses the implications of terminology in zoning laws, providing critical interpretive guidance on the meaning of residential dwellings.
  [ID: 80c5a727-e6aa-4a56-ac7c-9d357dd67064] Reasoning: Clarifies the exclusion of certain residential forms from light manufacturing districts, providing important context for zoning interpretations.
  [ID: b8174fe1-a3e0-4188-9523-f6788fa273fe] Reasoning: Explains the classification of mobile homes as residential dwellings and their exclusion from certain districts, providing critical interpretive context.
  [ID: 57ee747b-3c95-4075-bb32-57015140ec04] Reasoning: Discusses the treatment of mobile homes separately from residential dwellings, providing insight into legal distinctions in zoning.
  [ID: 2d28ec45-3489-425e-9378-1d1a0f79bdd7] Reasoning: Argues about the intended meaning of 'residential dwellings' in legal context, providing interpretive depth regarding zoning laws.
  [ID: 1532f5d6-6663-4293-9f4a-8c669085f8e4] Reasoning: Cites other provisions to argue against the interpretation of 'residential dwellings,' but lacks depth in explaining the implications.
  [ID: c178b8af-0cb6-4b74-9a0c-d44d2890a3b7] Reasoning: Mentions a suggestion regarding the term 'residential dwelling,' but does not provide a clear interpretation or context.
  [ID: e145898c-a7af-4515-8a81-8f2ec5a07c7f] Reasoning: Describes a legal charge related to misrepresentation concerning a residential dwelling, but does not provide any interpretive context or application of the term 'residential dwelling'.
  [ID: 0a6d2c8e-6418-4a3d-b843-13c9733150cb] Reasoning: Cites a case that interprets 'substantial completion' in relation to residential dwellings, providing context on when a dwelling can be used as a residence, which adds interpretive value.
  [ID: b742318a-997c-4bba-8c9d-e9acd24973c7] Reasoning: Defines 'nonresidential farm building' and distinguishes it from residential dwellings, but does not add significant interpretive context regarding residential dwellings themselves.
  [ID: 04476cfd-8f33-4693-8a24-224881ac1fbe] Reasoning: Discusses a court ruling that relates to the eligibility of owners of habitable residential dwellings to use a waste disposal site, providing context on the implications of ownership.
  [ID: 8cdf1fe9-7928-4854-a789-f14d1eb7fb78] Reasoning: Mentions the incompatibility of using residential dwellings in a commercial context, which provides some interpretive context regarding zoning and land use.
  [ID: 63c2e1c5-fed9-4eb4-b2ce-41fd17d90014] Reasoning: Discusses zoning plans in relation to residential dwellings, but the sentence is overly complex and does not clearly add interpretive value specific to the term.
  [ID: 03389c8a-2798-4403-b7af-b0e186a6a2ae] Reasoning: Describes a statutory amendment providing compensation for damage to occupied residential dwellings, which adds context to the term's application in relation to subsidence.
  [ID: 256aee12-cc7e-4e95-834f-57dc40385c35] Reasoning: Describes a negligence suit involving a fire in a residential dwelling, but does not provide additional interpretive context regarding the term itself.
  [ID: d0e388e9-d21d-4011-ae06-4cc4c91e2d0c] Reasoning: Discusses the legality of a dragnet-style sweep in residential neighborhoods, but does not provide specific interpretive context regarding residential dwellings.
  [ID: 71af50d2-b190-4df5-896d-3ecfa405d72a] Reasoning: Mentions zoning regulations for single-family residential dwellings, but does not provide significant interpretive context or application.
  [ID: 1687c85d-8dc5-4ee8-9805-b6020a217875] Reasoning: Discusses a solid waste disposal charge on residential dwellings, providing context on its legality and implications, which adds interpretive value.
  [ID: c7a25c08-1882-4045-8590-26ce2b3bb6c2] Reasoning: Describes a legal challenge to a residential dwelling charge, discussing equal protection and tax implications, which adds interpretive context.
  [ID: 7dbe0e86-90f4-455c-bd55-797a835f6cde] Reasoning: Discusses the treatment of owners of habitable residential dwellings in relation to a charge, providing context on their status as users of a system.
  [ID: 4247ad10-c396-44fe-8014-80b9d450c226] Reasoning: Mentions the reasonableness of not using a certain approach for residential dwellings, but lacks clarity and depth in interpretive context.
  [ID: f6022f65-9284-44a5-8577-c6d25149f7d6] Reasoning: Describes a contract for the sale of a residential dwelling, but does not provide additional interpretive context regarding the term.
  [ID: a9b74ee1-fdda-4afa-b9b2-d092d8a30080] Reasoning: Mentions a statute regarding deposits for residential dwelling units, but does not provide significant interpretive context or application.
  [ID: d18e8cb6-1815-44ad-b4d6-cd8f3e7032c3] Reasoning: Describes a statutory requirement for holding deposits for residential dwelling units, providing some context on legal obligations but lacking depth.
  [ID: 24720671-a634-49ad-bda7-2110f2b04c46] Reasoning: Describes a proposed development of residential dwellings but does not provide any interpretive context or legal analysis.
  [ID: fb24e585-20f6-4574-8fff-cdfd7562216e] Reasoning: Mentions zoning for residential dwelling units but lacks depth in legal interpretation or application.
  [ID: 9e8009ba-e8a1-4167-bf3a-4e4b70e60882] Reasoning: Discusses a zoning board's decision regarding a variance for a residential dwelling, indicating a legal context but lacks detailed analysis.
  [ID: 6c01f745-875e-40b2-8b1d-ccaaaeda430e] Reasoning: Explains a court's reasoning regarding a contract for work on a residential dwelling, providing context for legal interpretation.
  [ID: 803b0591-90f7-4177-ae8b-f9abf408fe8e] Reasoning: Affirms a trial court's determination related to residential dwellings, providing context for legal obligations.
  [ID: 3beafe64-5174-4ba8-828f-2fb7625ec45a] Reasoning: Discusses changes in zoning intensity for residential dwellings, providing insight into regulatory implications.
  [ID: ea65cdc2-0d97-4e99-9664-c140e8f9bd53] Reasoning: Mentions fees for different types of residential dwellings but lacks deeper interpretive context.
  [ID: f16d413a-122e-4185-abf3-fccffe6bc4c2] Reasoning: Discusses a petition for reassessment based on occupancy as a residential dwelling, providing context for tax implications.
  [ID: 5f3fd0f0-f36d-4371-8c2d-7ef3da3f7868] Reasoning: Addresses tax implications related to occupancy as a residential dwelling, providing relevant legal context.
  [ID: cd6ec21b-af74-4e29-9037-424a64e0fc46] Reasoning: Discusses the school district's position on property improvements related to residential dwellings, providing legal context.
  [ID: 1a95316f-f57d-42e9-b010-ac5785f0eda6] Reasoning: Describes the physical characteristics of a residential dwelling but lacks legal interpretive value.
  [ID: 96698c4a-ef01-40a6-bd2b-911b9384d3af] Reasoning: States that a property can be used as a residential dwelling but lacks depth in legal interpretation.
  [ID: 3aa9c26c-c571-40d4-8ec8-7126efb31be4] Reasoning: Discusses a legal challenge regarding zoning ordinances and residential dwellings, providing relevant legal context.
  [ID: 03672ce1-e7a9-4e94-aa89-d54639ee15d5] Reasoning: Mentions a conviction related to breaking and entering a residential dwelling, but lacks legal analysis.
  [ID: 087f8a4c-b39e-4301-a7c7-cff663ce6b1d] Reasoning: Discusses unlawful detainer actions related to residential dwellings, providing relevant legal context.
  [ID: fc64f78a-a51a-4a21-8526-38370da9499d] Reasoning: Similar to the previous sentence, discusses unlawful detainer actions but is redundant.
  [ID: 9489154a-4fd8-46c6-95ea-29a46840d564] Reasoning: Compares switchgear to an electrical panel box in a residential dwelling, but lacks legal relevance.
  [ID: 61985bb4-d223-4cf1-83eb-48f8f2aef0b0] Reasoning: Indicates that private tennis courts are incidental to residential dwellings, providing zoning context.
  [ID: c4dd4ee3-9cc8-4e46-9cf2-c3e57f1aa526] Reasoning: Determines that a tennis court is an accessory use to a residential dwelling, providing zoning interpretation.
  [ID: 03b8b201-deed-495c-8946-acd545980a95] Reasoning: Describes a tract with residential dwellings and agricultural purposes, but lacks legal analysis.
  [ID: 802a57dc-c2b9-482d-9337-a56c447a999d] Reasoning: States restrictions on building types but is largely redundant and lacks interpretive depth.
  [ID: 8903a7ed-91da-435b-a0bf-57cb6c30f234] Reasoning: Similar to the previous sentence, reiterates building restrictions without adding new information.
  [ID: 89b421e7-f64a-4a62-87cb-44abad567692] Reasoning: Discusses alternative interpretations of building restrictions but lacks depth in legal analysis.
  [ID: 2e7ac65b-747c-4ddb-a904-0f61df83dfb8] Reasoning: Analyzes the wording of restrictions on structures but is largely redundant and lacks interpretive depth.
  [ID: 5137c8b3-4797-4050-a6c9-55ae38efa38f] Reasoning: Reiterates building restrictions similar to previous sentences, providing no new information.
  [ID: ca156c75-3124-4923-a245-d22e93508292] Reasoning: This sentence mentions residential dwellings but does not provide any interpretive context or application related to the term.
  [ID: 321b7612-70ad-44b6-83be-74856dfa8b23] Reasoning: While it mentions residential dwellings, it primarily discusses zoning requirements without adding interpretive depth regarding the term itself.
  [ID: ff4f2340-ca0a-443e-89d4-88ab442a6912] Reasoning: This sentence discusses the subdivision of residential dwellings but does not provide any legal interpretation or context that enhances understanding of the term.
  [ID: 362615ed-3835-4b45-99ca-5694cb973dfd] Reasoning: This sentence describes a personal decision to build a residential dwelling but lacks any legal context or interpretive value.
  [ID: 7a72da6d-3960-4a9d-a57b-5444488508e3] Reasoning: This sentence mentions a residential dwelling in the context of property ownership but does not provide any interpretive context or application.
  [ID: 7c3c8ff4-aa37-42e3-a4af-3103f83da1ab] Reasoning: This sentence discusses the conversion of a residential dwelling but does not provide any legal interpretation or context that enhances understanding of the term.
  [ID: a98d8eab-4587-4200-ba81-347458d91a83] Reasoning: This sentence provides a specific limitation related to the use of a residential dwelling but does not explain the term's broader legal implications.
  [ID: ae602e7d-70f7-47de-bf02-805f90ddb72b] Reasoning: This sentence discusses a specific legal limitation regarding the number of dogs in a residential dwelling, providing some context but lacking broader interpretive depth.
  [ID: e45b3794-b561-4374-a4e7-96557d1a8301] Reasoning: This sentence provides case law that discusses the differences between residential and commercial properties, offering valuable interpretive context.
  [ID: 0b04d37d-8b3a-4d2d-b104-93161d6a1a5b] Reasoning: This sentence discusses a legal decision regarding the replacement of a non-complying use with a residential dwelling, providing context for the term's application.
  [ID: 57ee2988-2ab6-4eec-b394-9fbe8161d260] Reasoning: This sentence discusses occupancy patterns of short-term rentals compared to typical residential dwellings, providing relevant interpretive context.
  [ID: 8213e2b9-1b95-4cbb-9744-7d16961581b2] Reasoning: This sentence refers to a specific annexation provision related to residential dwellings, providing context for its application in municipal law.
  [ID: f96e2440-33e9-4e68-a2d4-6a8a5afa24d2] Reasoning: This sentence provides statutory context regarding annexation and residential dwellings, which is relevant for understanding legal implications.
  [ID: 43a86e8d-fb97-494b-8220-d4f69660fc51] Reasoning: This sentence states that the term is not limited to residential dwellings, but lacks further context or application.
  [ID: d3923938-782f-4c43-8076-b40dda4e22ab] Reasoning: This sentence discusses a breach of contract claim related to residential dwellings, providing context for legal interpretations of the term.
  [ID: 180757a5-c0bd-432b-a2e6-c64e5341acfd] Reasoning: This sentence is a duplicate of the previous one and does not add any new information.
  [ID: 19fcd3db-8441-4950-91c9-82a0ab716b98] Reasoning: This sentence compares residential and commercial policies but does not provide significant interpretive context for the term 'residential dwelling.'
  [ID: bb6df878-88da-408a-bc46-ba433f96a9bc] Reasoning: This sentence mentions a residential dwelling in the context of a church property but does not provide any interpretive context or application.
  [ID: e1ea941c-cbaf-4b82-9550-297fa1292b33] Reasoning: This sentence discusses a building permit application for a residential dwelling but lacks any legal context or interpretive value.
  [ID: 77e5eb6b-809b-47fe-8dcd-471180e0c67d] Reasoning: Discusses the interpretation of agricultural purposes but does not provide new information about 'residential dwelling'.
  [ID: fb72713f-9dd0-4530-b70f-91c02454200f] Reasoning: Mentions 'residential dwellings' in the context of agricultural property valuation, but lacks depth in explaining its legal implications.
  [ID: 51827441-32bd-4cc0-89c4-88ea0cc010e4] Reasoning: Explains how farm-worker housing is included under statutory exemptions, providing context for 'residential dwellings' in zoning laws.
  [ID: 9c1cd860-6b70-4cc4-a659-2ff708d320fb] Reasoning: Addresses concerns about the broad application of agricultural purposes to residential dwellings, indicating a legal interpretation issue.
  [ID: bb990126-68e5-4dc4-bd3e-9adbfebc37a0] Reasoning: States that exclusion of residential dwellings from statutory exemptions requires legislative action, indicating a legal boundary.
  [ID: a332cdbf-5290-475e-b6a1-2b7c3d55d980] Reasoning: Mentions classification allowing for agricultural use and residential dwellings, but lacks specific interpretive context.
  [ID: afa6003a-26fb-455c-861c-e198601937bb] Reasoning: Defines 'employee' in relation to residential dwellings, but does not provide significant interpretive context.
  [ID: 20c952f5-2e90-4292-af7e-eb88f7ede439] Reasoning: Describes a contract for constructing a residential dwelling, but does not add interpretive value regarding the term.
  [ID: 5364bc83-5f37-486b-8fad-69aebeb6b0bc] Reasoning: Discusses restrictions on construction of additional residential dwellings, but lacks deeper legal analysis.
  [ID: eca484e3-514a-4288-91fb-fb61a659056c] Reasoning: Mentions a specific case about a residential dwelling under construction, but does not provide broader interpretive context.
  [ID: cdc6af03-1826-49e8-81a2-32d8b8ac3159] Reasoning: Describes a limitation on development to one residential dwelling per lot, indicating a zoning regulation but lacks depth.
  [ID: 6ed87d86-36a2-409c-9d90-516b0e46cbe6] Reasoning: States that an industrial zone does not allow residential dwellings, but does not provide further interpretive context.
  [ID: 305fe14c-a8fc-4155-be8a-713e2a14d198] Reasoning: Mentions zoning regulations for detached residential dwellings, but lacks significant interpretive depth.
  [ID: 82000928-7575-4a83-9f19-1b9a6ff3a169] Reasoning: Mentions leasing of residential dwellings in a consumer agreement context, but does not provide deeper legal interpretation.
  [ID: 921cc3eb-5b32-4ca2-a33d-ca769b90d383] Reasoning: Repeats statutory language regarding employment related to residential dwellings without adding interpretive value.
  [ID: 6b02aeb3-d01f-46ce-8927-06b902b83d2a] Reasoning: Discusses insurance coverage for employees of residential dwellings, but does not provide significant interpretive context.
  [ID: 8bb23849-ad82-4634-aa1a-4d1a58ef8701] Reasoning: Reiterates the insurance coverage requirements for residential dwellings without adding new interpretive insights.
  [ID: dc8b961b-62ba-4a5c-b08b-c196fe6be984] Reasoning: Repeats statutory language regarding employment related to residential dwellings without adding interpretive value.
  [ID: e426c348-2024-49f3-a2bf-f8dcfb398f7d] Reasoning: Mentions Labor Code section without providing significant interpretive context regarding residential dwellings.
  [ID: d6c789b3-753c-401a-a45a-df01d5f2ce0a] Reasoning: Describes zoning regulations for residential dwellings but lacks deeper interpretive context.
  [ID: 62f8b3f8-1167-4150-9677-af551b7f5da7] Reasoning: Discusses the inspection of residential dwellings under specific local code provisions, providing context on legal rights regarding consent and warrants, which is relevant to the application of the term.
  [ID: 8f663f96-4e12-4406-ab42-c23bb6b85670] Reasoning: Defines a 'Developable Lot' in relation to zoning laws for single family residential dwellings, which adds context to the term but lacks deeper interpretive value.
  [ID: 88855baa-67fe-409e-a4a8-b737544113fb] Reasoning: Details a financial transaction involving residential dwellings, but does not provide significant interpretive context or application of the term.
  [ID: 43905130-96e1-4b16-a728-5edb3d57a8f7] Reasoning: Mentions the exclusion of residential dwellings from a petition, which is relevant but does not provide substantial interpretive depth.
  [ID: b8da10df-6bc2-46d5-a7e8-dda037cd22d7] Reasoning: Describes a criminal incident occurring inside a residential dwelling, providing context for the term's application in legal scenarios.
  [ID: d65329b7-ac0c-472b-9a0e-aab626c19643] Reasoning: Critiques a municipal decision regarding garbage collection from residential dwellings, which provides context but lacks deeper legal analysis.
  [ID: 54bee5d5-b1de-4abc-b306-301740c20579] Reasoning: Discusses the risk to residents in apartments above a store, providing context for safety concerns related to residential dwellings.
  [ID: a247c0ed-a632-4415-8672-d3ee72a4292f] Reasoning: Mentions a local law addressing issues with non-owner occupied residential dwelling units, providing context for regulatory concerns.
  [ID: a0d9e276-74c1-4b3b-9c5d-298f836c9568] Reasoning: Describes a development plan including residential dwellings, which provides context for urban planning but lacks deeper legal implications.
  [ID: 85fe53c2-11be-4cc0-b0ec-88d69aa64ef2] Reasoning: Discusses a zoning board's finding regarding the economic feasibility of building a residential dwelling, providing context for land use regulations.
  [ID: 5c7ddad2-f2c4-4f99-9820-5fc70666fab0] Reasoning: Mentions a certificate of occupancy for residential dwellings, which is relevant but does not provide significant interpretive context.
  [ID: a18f3aae-c308-4b7c-a6ae-5f48fa96a25f] Reasoning: Discusses the classification of a building within the occupancy group for residential dwellings, providing context for building codes but lacking deeper legal implications.
  [ID: 13eecd44-3459-42d6-ab1b-d1ec8fc654ef] Reasoning: Describes a specific residential dwelling, which is purely factual and does not provide interpretive value.
  [ID: 0cda5842-7c9f-4009-ba85-44d56f006b25] Reasoning: Discusses criminal intent related to a shooting at a residential dwelling, providing context for legal implications of actions within such properties.
  [ID: 5406d032-c4cc-4f6c-96fd-1bb21780d18e] Reasoning: Mentions legislative intent regarding lead paint hazards in residential dwellings, providing important context for health and safety regulations.
  [ID: 8b35cade-7ba2-462e-84c6-41e4d0ac6d06] Reasoning: Discusses tenant rights in residential dwellings during legal proceedings, providing context for landlord-tenant law.
  [ID: 0c5f89b5-f6ae-4b49-bf6f-346d54374d0a] Reasoning: Discusses the development of single-family residential dwellings, providing context for land use and development regulations.
  [ID: 10ba4e49-ce78-403b-9bc4-4308cc22ef2d] Reasoning: Describes a specific application for a building permit for a residential dwelling, but does not provide additional interpretive context.
  [ID: fd73d923-b8a4-4c02-8ca2-d6a9c6df3613] Reasoning: Mentions a property improved by a residential dwelling but lacks further context or application.
  [ID: 4a4ddcf0-247a-46be-98a9-b80fe71d1aef] Reasoning: Discusses the trial court's determination regarding structures related to residential dwellings, providing some interpretive context about legal classifications.
  [ID: cb9cd267-cc70-44e6-aea7-3171604a61c4] Reasoning: Details zoning for a property intended for a residential dwelling, which adds context to land use regulations.
  [ID: 135e2ccd-19cb-496c-9dfd-a5dd51c7817f] Reasoning: Connects the definition of 'miscellaneous use structures' to residential dwellings, providing interpretive context regarding legal definitions.
  [ID: e6ecf4f6-347f-4b5e-a8a5-40eadbf14369] Reasoning: Mentions voter registration in relation to multi-unit residential dwellings but lacks depth in legal interpretation.
  [ID: d4180514-8e7d-4904-ba26-1f30cce171c5] Reasoning: Describes a contract for the construction of a residential dwelling, but does not provide additional legal context.
  [ID: cea3087e-3c98-48d7-bada-3e9e587618b6] Reasoning: Discusses subdividing property to build a residential dwelling, but lacks interpretive depth.
  [ID: 2dfe1929-db16-4d28-9510-fa98f80f01b5] Reasoning: Mentions a development plan for multi-family residential dwellings, providing context for land development.
  [ID: 633686d8-d008-4b5e-b766-709d6c7cb0be] Reasoning: Discusses tax implications for properties used for residential dwelling purposes, providing relevant legal context.
  [ID: 23b06383-4c2c-4887-b0a1-e4564feae5b5] Reasoning: Defines tax exemption in relation to residential dwellings, providing important legal context.
  [ID: a4cc9d75-2fc5-4c10-9bda-3076ee2d49aa] Reasoning: Discusses the impact of housing patterns on the construction of residential dwellings, providing socio-economic context.
  [ID: 93e6e32b-9193-48bb-bae1-fea7e291f480] Reasoning: Addresses the public interest in providing cable service to tenants of residential dwellings, adding context to tenant rights.
  [ID: 2dcc0a8b-35d5-4696-a23f-586c1e6c7d1c] Reasoning: Discusses tenant rights regarding cable service in residential dwellings, providing relevant legal context.
  [ID: 34eb97ee-fe75-42da-b885-38626258b736] Reasoning: Mentions economic considerations for apartment units as residential dwellings, but lacks depth in legal interpretation.
  [ID: 09625f26-f1aa-41ba-a143-72f9219388ae] Reasoning: Describes an ordinance applying to various residential dwellings, but lacks specific interpretive context.
  [ID: c6692a86-5643-4753-9e21-e6ffa8c56c20] Reasoning: Discusses the application for sewer connection for multi-family residential dwellings, providing relevant context for utility regulations.
  [ID: 62aa31de-489b-422e-bf3a-fa66eb1479bf] Reasoning: Mentions billing for residential customers but lacks depth in legal interpretation.
  [ID: f15d8393-8804-4f18-84dc-3bbd2c52ebd4] Reasoning: Describes gas supply to a residential dwelling but does not provide additional legal context.
  [ID: f1b0a39a-7b55-41f9-96fa-9edaf5b4612e] Reasoning: Mentions land containing a residential dwelling but lacks further interpretive context.
  [ID: 860e1b7a-463f-4ddf-ae04-b191119fed4f] Reasoning: Argues for extending warranty protection to all residential dwellings, providing a legal argument but lacking specific context.
  [ID: a26f33ff-8f9d-4750-a8d9-53cf3d51a9cd] Reasoning: Describes a property improved with a residential dwelling but lacks further interpretive context.
  [ID: 012aad92-1b30-43e5-ba70-eca6857de8d6] Reasoning: Cites a court decision regarding a porch as part of a residential dwelling, providing legal context for structural definitions.
  [ID: fc717101-7b54-4f71-b4f4-da9a11c3ed6] Reasoning: Discusses a property sale contingent on zoning for multiple occupancy residential dwellings, providing context for land use regulations.
  [ID: e162410e-0289-4fd1-a6bb-3df6513cb58b] Reasoning: Mentions a policy clause covering only the residential dwelling, but lacks further interpretive context.
  [ID: 4a4a2f63-bee0-4464-b665-8fde9e2a9cab] Reasoning: Describes the types of residential units proposed for a project but does not provide any legal context or application of the term 'residential dwelling'.
  [ID: 44af6f85-5723-4858-9150-5c4063306d6f] Reasoning: Mentions a fire at a residential dwelling but lacks any legal analysis or implications regarding the term 'residential dwelling'.
  [ID: 9aa14624-f166-4788-8e24-b7f03a037ca3] Reasoning: Explains the legal implications of leasing a residential dwelling, providing context on tenant rights and remedies, which adds interpretive value.
  [ID: 28fd3f81-d1a4-4184-8851-8d436bed0e02] Reasoning: Describes a zoning ordinance related to residential dwellings but does not provide deeper legal context or implications.
  [ID: ccf05ee9-f213-4791-aa7c-58edaeecdc6e] Reasoning: Discusses annexation criteria related to residential dwellings but does not elaborate on the legal significance of the term.
  [ID: c93cfaa7-88f1-449b-9b04-250155ee7ba1] Reasoning: Cites a statute regarding annexation and residential dwellings but does not provide additional interpretive context.
  [ID: b18aa931-4ed3-40c2-959d-95d2808013bc] Reasoning: Mentions residential dwellings in the context of zoning laws but lacks deeper analysis or implications.
  [ID: 63897187-df22-4a1d-abf8-209678c5062a] Reasoning: States that a property is suited for residential use but does not provide legal context or implications.
  [ID: a82d819f-219e-4539-990c-fc46206be28c] Reasoning: Mentions minimum lot size requirements for residential dwelling units but lacks interpretive depth.
  [ID: 009b9055-46f1-41d7-96b0-26d6b357ac18] Reasoning: Cites multiple cases regarding residential-use restrictions, providing significant legal context and implications for the term 'residential dwelling'.
  [ID: 3c24892e-2609-47b4-8444-d1e04a47041e] Reasoning: Clarifies the legal interpretation of 'residential plant' in relation to residential dwellings, providing useful context.
  [ID: 399997f3-ef3c-4a0b-8285-dbf467048d90] Reasoning: Discusses zoning ordinance implications for residential dwellings but lacks deeper legal analysis.
  [ID: 4167184f-0bef-4f6e-8f90-3519a4139903] Reasoning: Simply states 'Residential dwellings' without any context or application, thus providing no value.
  [ID: 0dcba653-5cd8-46e6-8ea9-c87edbaaa6bd] Reasoning: Mentions a sale of a residential dwelling but lacks any legal context or implications.
  [ID: 5aea613d-3680-450e-ae55-9218badcf395] Reasoning: Cites a case that clarifies the status of residential dwellings in a residential district, providing useful legal context.
  [ID: d9194e21-ae1c-467b-bdc4-748cbbe98e8c] Reasoning: Defines 'Tax Exempt Realty' and its exclusions related to residential dwellings, providing some interpretive context.
  [ID: ab3d72c7-67c3-498f-8942-d54ba412e847] Reasoning: Repeats the previous statement about 'residential plant' without adding new information or context.
  [ID: 6801744a-8b21-4d3c-97b6-067981ab5b52] Reasoning: Defines 'tenant' in relation to residential dwellings, providing useful legal context regarding tenant rights.
  [ID: 2e872b13-9ae6-47e4-ae06-1075a901d8d4] Reasoning: Discusses landlord-tenant relationships and retaliatory actions in the context of residential dwellings, providing significant legal context.
  [ID: 455313f8-e089-4168-a9a8-022d8b1bdf6a] Reasoning: Reiterates the definition of 'tenant' in relation to residential dwellings, providing context but lacking depth.
  [ID: 602b23d3-5549-4643-a9e5-e393ad1e77a9] Reasoning: Defines 'tenant' in a straightforward manner without additional context or implications, thus providing limited value.
  [ID: 25063761-79dd-4c38-b530-7ba8a08e4550] Reasoning: Defines 'landlord' in relation to residential dwellings, providing some context but lacking deeper legal implications.
  [ID: b9b9eb98-7a95-4c88-8453-386f2b2fbafa] Reasoning: States that dwelling units must be used as private residential dwellings, but lacks deeper legal context or implications.
  [ID: b666b9fd-a66d-4011-84e9-1b4a8596f447] Reasoning: Mentions a proposal to build a residential dwelling but lacks any legal context or implications.
  [ID: 96256f14-c356-45ad-b004-8124a2c3f116] Reasoning: Describes inspection requirements for a residential dwelling but does not provide legal context or implications.
  [ID: a75a235d-aa10-4ef2-ba80-af75fd08d4b7] Reasoning: This sentence discusses local authorities' limitations on taxing residential dwellings, which is relevant but does not provide deeper interpretive context or application of the term 'residential dwelling'.
  [ID: 22b9b1c3-fbc8-48f0-bb9c-e53878aa0986] Reasoning: This sentence states that a firm constructs residential dwellings, but it does not elaborate on the implications or legal context of this activity.
  [ID: cbc3c594-b32d-49e6-9388-9b4e800e0446] Reasoning: This sentence provides a legal interpretation regarding the use of vehicles in a residential dwelling, clarifying a legal distinction that impacts the understanding of residential use.
  [ID: ebab3135-e9bf-495c-92c3-25018e51c9dd] Reasoning: This sentence reinforces the previous legal interpretation regarding the use of vehicles in a residential dwelling, but it does not add new information or context.
  [ID: b5e513e5-dee7-4f6e-bf21-7bdc7c2efb8f] Reasoning: This sentence describes a specific residential dwelling but does not provide any interpretive context or legal implications.
  [ID: ffc73ff7-e153-4c47-a627-147acf444ec2] Reasoning: Similar to the previous sentence, this describes a residential dwelling without adding interpretive value or context.
  [ID: 2f51a860-8a33-4cf6-904c-e079acd89616] Reasoning: This sentence discusses insulation requirements for residential dwellings, providing a specific application that clarifies regulatory expectations.
  [ID: 46542fba-18c2-4934-bd80-c632c727f3e5] Reasoning: This sentence outlines conditions for issuing building permits for residential dwellings, which provides important procedural context.
  [ID: c91bb63c-e5d3-4d1e-bd72-5d5ed8d37cc6] Reasoning: This sentence relates to a legal case involving a leased residential dwelling, providing context for landlord-tenant relationships.
  [ID: 06e1b7c4-f8e2-4bb3-80b5-e1e8ee219347] Reasoning: This sentence raises legal issues regarding the implied warranty of habitability in residential leases, which is significant for understanding tenant rights.
  [ID: 897ad862-0259-46c6-8b25-fcfadcb6bbab] Reasoning: This sentence refers to municipal code regulations for basement rooms in residential dwellings, providing specific legal standards.
  [ID: 1927633c-4865-4347-93a9-b414a00672a2] Reasoning: This sentence discusses a developer's proposal for residential dwelling units, which provides context for land use and development regulations.
  [ID: 35000cef-334c-4f91-92c0-fb292449c22e] Reasoning: This sentence describes a property transaction involving a residential dwelling, but lacks interpretive depth.
  [ID: 56be584e-78a9-4e42-8956-d3f7df41811a] Reasoning: This sentence defines 'home energy' in relation to residential dwellings, which is relevant but lacks broader interpretive context.
  [ID: 99585ab0-663c-48eb-985b-8d4b0aec7156] Reasoning: This sentence discusses state regulations for energy assistance in residential dwellings, providing context for public policy.
  [ID: 52f1e12e-d295-4cd1-b48d-19029c46a0a6] Reasoning: This sentence describes a residential dwelling occupied by a family, but does not provide additional interpretive context.
  [ID: ed041733-f820-4710-8565-da97ff93ca59] Reasoning: This sentence discusses the impact of gasoline fumes on residential dwelling units, which provides context for environmental regulations.
  [ID: 72c30254-af18-4ac6-a83a-e570c44244c3] Reasoning: This sentence outlines conditions for land use related to residential dwellings, which is relevant for understanding zoning laws.
  [ID: 8a9c0c8d-d4a1-4b15-a41d-58a655758583] Reasoning: This sentence discusses conditions for land split-offs for residential dwellings, which is relevant for land use regulations.
  [ID: 5609ea9e-b0f3-4a81-b558-fcab4c6df074] Reasoning: This sentence describes permissible uses within a residential dwelling, providing context for zoning and land use regulations.
  [ID: 1cb35b45-a6c3-4cf9-8fa1-cbdbd9bc117d] Reasoning: This sentence describes a property containing a residential dwelling but lacks interpretive depth or context.
  [ID: e10f1cfc-e109-42d5-a481-f70697371260] Reasoning: This sentence discusses the ERU fee structure in relation to residential dwellings, which provides context for municipal regulations.
  [ID: d759cf5b-503e-41a8-9708-232cd46890f4] Reasoning: This sentence describes ownership of a residential dwelling but does not provide additional interpretive context.
  [ID: ce7b1b4a-5175-4eb6-b8d6-e3bd2cbcad1b] Reasoning: This sentence discusses a conversion application for a residential dwelling, which is relevant for understanding zoning and land use.
  [ID: cc9093cf-99e0-4fb2-8eaa-81c322737090] Reasoning: This sentence discusses a zoning board application for variances related to residential dwelling units, which is relevant for understanding zoning laws.
  [ID: cf4e3240-f623-4233-a277-8af91e307bda] Reasoning: This sentence states a condition under which a residential dwelling can be used, but it does not provide any new interpretive context or application beyond the statutory definition.
  [ID: d698746f-977c-4f49-8842-5fe601a04cf0] Reasoning: This sentence describes a construction action involving a residential dwelling but does not elaborate on its legal implications or context, offering no new interpretive value.
  [ID: c79c2516-8115-402d-8db7-23e932fce4d2] Reasoning: This sentence provides a projection related to residential dwelling units in a market analysis, which adds context to the term's application in urban planning but lacks depth in legal interpretation.
  [ID: 4720db49-ea6f-4a4e-a4ee-44f5b9d4214a] Reasoning: This sentence states a prohibition on erecting residential dwellings but does not provide any additional context or legal interpretation, making it redundant.
  [ID: 6a629e03-4f48-45f3-b06e-afa1a6fc4152] Reasoning: This sentence reports on the condition of residential dwellings but does not provide any legal analysis or implications, thus lacking interpretive value.
  [ID: 694077c4-f34b-485b-bb4a-b875230cb2a4] Reasoning: This sentence discusses jurisdictional issues related to residential dwellings, providing some legal context, but it primarily focuses on procedural aspects rather than substantive interpretation.
  [ID: 14afa3a7-7dcf-4641-8552-40aa06d536e7] Reasoning: This sentence mentions the use of a residential dwelling in relation to illegal activity, which provides context for its application in law enforcement but lacks deeper legal analysis.
  [ID: e937319b-a993-4f96-918d-c3d7e5a8bdff] Reasoning: This sentence contrasts the search of a residential dwelling with other types of properties, which adds some interpretive context regarding legal protections but lacks depth.
  [ID: 17a41f6c-f483-48a9-8580-1dbc7eadf564] Reasoning: This sentence asserts that all structures on certain lots are residential dwellings, but it does not provide any new legal interpretation or context.
  [ID: 92c0c831-f75a-4f21-a1aa-7ca4504bd90e] Reasoning: This sentence raises a question about the nature of waste from residential dwellings, which could have implications for environmental law but lacks specific legal analysis.
  [ID: de83e249-3cd5-4cf9-8ff7-f2529005b4b8] Reasoning: This sentence discusses restrictive covenants related to residential dwellings, providing some legal context and implications for property law.
  [ID: 9713cc51-f05f-4055-93ad-301fda65b282] Reasoning: This sentence interprets the inclusion of a porch as part of a residential dwelling in a legal context, providing significant interpretive guidance.
  [ID: 6ba6c77f-481e-41ce-b8fc-fd60e2fb1c6b] Reasoning: This sentence describes a purchase of a residential dwelling as investment property, but it does not provide any new legal context or implications.
  [ID: ec5265fd-dec4-4d63-af33-f3a0d120adf3] Reasoning: This sentence discusses an implied warranty related to the construction of a residential dwelling, providing some legal context regarding construction law.
  [ID: 50ff58fb-be75-440c-a9a1-810daaee83df] Reasoning: This sentence addresses the issue of vacancy in relation to a residential dwelling, which could have legal implications but lacks depth in interpretation.
  [ID: 2b6c00d3-a83b-461c-b44d-44709ba1e3ab] Reasoning: This sentence outlines prerequisites for constructing residential dwelling units, providing relevant legal context regarding zoning regulations.
  [ID: be5631a7-965b-4e1f-9f04-5a8c9d8d4b52] Reasoning: This sentence discusses the intent behind restrictions on a plat related to residential dwellings, providing some interpretive context regarding property law.
  [ID: 6149341b-4671-4f45-8703-e5e3de29467a] Reasoning: This sentence discusses restrictions indicating a subdivision is limited to residential dwellings, providing some context but lacking depth in legal interpretation.
  [ID: 770e3967-791c-426b-b7c3-cfef43ddc0aa] Reasoning: This sentence raises a genuine issue of material fact regarding restrictions on residential dwelling homes, which could have significant legal implications.
  [ID: 68eefcbb-1be6-4613-801a-865e66f23116] Reasoning: This sentence references restrictions on a plat that support the contention of residential dwelling homes, but it does not provide new legal analysis.
  [ID: 2ddaeedf-3af2-4225-8d90-42e61a7249ef] Reasoning: This sentence interprets the restrictions on lots to indicate that only residential dwellings are permitted, providing some legal context.
  [ID: 75adc271-55ec-42c6-9e47-d3fd38d64031] Reasoning: This sentence discusses a builder's experience with residential dwellings, but it does not provide any new legal context or implications.
  [ID: 1e30cfdb-6cb0-4393-860f-6792f833e863] Reasoning: This sentence describes a proposal for constructing residential dwellings but does not provide any new legal context or implications.
  [ID: 38efcab9-e0c4-4597-9550-c8795bed5af3] Reasoning: This sentence discusses the intentional firing of a shotgun within a residential dwelling in relation to insurance coverage, providing significant interpretive context regarding liability.
  [ID: 96e331a2-1458-4111-a33f-33f366f595de] Reasoning: Discusses the zoning implications of allowing three residential dwellings on a property zoned for one, providing context on land use regulations.
  [ID: 2570aee1-4cd0-4888-a591-264bd5d8267e] Reasoning: Cites a judicial interpretation regarding the use of a two-family residential dwelling for educational purposes, clarifying legal protections under zoning laws.
  [ID: d20b7195-a43c-459e-ac59-54d28196283f] Reasoning: Describes a specific transaction involving the acquisition of a residential dwelling, but lacks broader interpretive context.
  [ID: 61e59653-bdb3-4bab-ac21-78eb0b6b9283] Reasoning: Similar to the previous sentence, it states a fact about a bidding process for a residential dwelling without additional context.
  [ID: d6d30c70-41da-4b75-9c06-1484af165f83] Reasoning: Discusses an amendment regarding egress windows in residential dwellings, providing specific regulatory guidance on safety standards.
  [ID: d4a9ec91-380c-4f15-ae08-30f7ae6bb273] Reasoning: Explains the legal expectation of privacy in residential dwellings, highlighting a significant legal principle regarding unauthorized entry.
  [ID: 5df7c11e-d0bd-4dd4-9304-2440604b57a3] Reasoning: Analyzes the meaning of 'residential' in the context of a covenant, providing interpretive depth regarding land use.
  [ID: 4f78a0f1-e3a9-4714-a260-ac28efe0dd5d] Reasoning: Discusses a violation of a restrictive covenant related to residential dwellings, providing context on legal obligations in property development.
  [ID: bdb1d84c-d231-4e5b-9e61-81163cc40575] Reasoning: Clarifies legal protections for individuals in peaceful possession of a residential dwelling, adding interpretive context to tenant rights.
  [ID: ad604153-e71f-4a74-8cc0-0b9446f0efe0] Reasoning: Directly quotes a statute regarding landlord rights, providing no new interpretive context.
  [ID: a60c3af7-89e6-46b1-9077-bb25065e7226] Reasoning: Another direct quote of a statute regarding landlord rights, offering no additional interpretive value.
  [ID: 8a1892d2-683c-4ff9-b77c-63b06db24580] Reasoning: Mentions a statute forbidding certain landlord conduct, but lacks interpretive context or application.
  [ID: 94481500-c937-4091-ad71-e5cfc3d8d6be] Reasoning: Discusses a legal argument regarding property buildability for a residential dwelling, providing some interpretive context.
  [ID: d9d51b5a-3544-4ce6-ab8d-5a7b07929b94] Reasoning: Questions the legal status of a property as buildable for a residential dwelling, indicating a legal inquiry but lacking depth.
  [ID: 336deb94-9f3c-4843-a6f8-d6ffbb0851ad] Reasoning: Describes the intended purpose of window screens in residential dwellings, but lacks broader legal implications.
  [ID: 2b552d07-ad71-49b4-86f7-c6fd2a2b7a21] Reasoning: Mentions an injury related to window screens in residential dwellings, but lacks legal context or implications.
  [ID: 3d92e793-3cb7-45c5-955a-ae29b8ef31b0] Reasoning: Discusses a legal case regarding zoning and property rights, providing context on the application of residential zoning laws.
  [ID: 692e4d0d-f632-48e7-859e-d90012e5e611] Reasoning: Encourages the adoption of standards for residential dwellings, indicating a legal perspective on property maintenance.
  [ID: 8c0ba37f-793f-4eee-bbac-49d4e36713d1] Reasoning: Mentions the proximity of residential dwellings to commercial properties, but lacks deeper legal implications.
  [ID: a42a4933-351d-4721-8789-dc994ca08a9e] Reasoning: States a legal principle regarding unauthorized entry into residential dwellings, but lacks specific application or context.
  [ID: 20851653-1fdf-4f25-9de0-2ebef27b0278] Reasoning: Describes a temporary restraining order related to the construction of a residential dwelling, providing some legal context.
  [ID: bf1e9098-2661-4f6c-9014-55b7201a18cd] Reasoning: Mentions 'residential dwelling' in the context of a search warrant but does not provide any interpretive context or application of the term.
  [ID: 3e082028-48f7-4fb0-9b7a-c93e1722c55d] Reasoning: Discusses the misapplication of a pesticide in a residential dwelling, but does not elaborate on the implications or legal standards involved.
  [ID: 6b1713ee-4a32-48ba-83e3-3f2dedef0eef] Reasoning: Cites the doctrine of caveat emptor in relation to residential dwellings, providing some context about seller obligations but lacks depth in application.
  [ID: be1c4ab9-ca1f-49ab-8c99-3039705cfc06] Reasoning: Explains the conditions under which a seller must disclose defects in a residential dwelling, providing clear interpretive guidance on seller obligations.
  [ID: 1301f795-cab0-4491-a383-32be5a17bac1] Reasoning: Mentions section 1003 and residential dwellings but does not provide any interpretive context or application of the term.
  [ID: b69a0d47-7d28-4dce-b4cf-6fa42d5f3f70] Reasoning: Describes a construction firm involved in erecting residential dwellings, but lacks further context or legal implications.
  [ID: 37732912-6778-4d05-89f0-87f47cb8657a] Reasoning: Discusses a court's finding on the permissibility of a municipal tax related to residential dwellings, providing relevant legal context.
  [ID: 8d67248e-cc56-4bad-a004-5a22d8b5f524] Reasoning: Lists properties including a residential dwelling but does not provide any interpretive context or application.
  [ID: 6d37c484-6e1d-467a-9db2-74a4d29c6be7] Reasoning: Defines 'land development' in relation to residential dwelling units, providing a clear legal definition that aids interpretation.
  [ID: 831fd0b7-bbaf-4f35-ba59-d5748f4a3dee] Reasoning: Describes zoning for single family residential use but does not provide deeper interpretive context.
  [ID: fb1cbfc0-c5dd-4e18-8e10-60c8b3b4038e] Reasoning: Mentions a residential dwelling in the context of a covert operation but lacks further legal implications or context.
  [ID: b3a220f1-48b9-43a7-8075-9453eb20acfd] Reasoning: Discusses plans to build residential dwellings but does not provide any interpretive context or application.
  [ID: 09f876d2-8090-438c-8f75-aa3113a6de39] Reasoning: Describes a legal case involving false representations related to a residential dwelling, providing context about legal obligations.
  [ID: 98774cfd-ab51-450e-8ccc-1203f90067d1] Reasoning: Outlines the elements of a fraudulent concealment claim related to residential dwellings, providing clear legal standards.
  [ID: 14c91fd5-95cc-45cf-a770-1f8ce1db4cee] Reasoning: Discusses the need for a variance related to a residential dwelling, providing context about zoning and hardship requirements.
  [ID: 6b3dd3cc-5036-4623-aaad-867055bfc3ec] Reasoning: Mentions dimensional requirements for constructing a residential dwelling but lacks further interpretive context.
  [ID: 3d6c8ab5-bc0f-4c01-8d05-1f1461a1efed] Reasoning: Mentions a residential dwelling in relation to surrounding commercial uses but does not provide deeper legal implications.
  [ID: 01fb6f0e-5559-43e7-a3b9-dba745d48fd4] Reasoning: Proposes construction of residential dwellings but does not provide any interpretive context or application.
  [ID: 6ad7526e-3107-4b9b-99c7-76a673e7aa2f] Reasoning: Describes a zoning commission's consideration of residential dwellings but lacks further interpretive context.
  [ID: dbe656bf-8394-4f9d-bdf4-a23befcdb0ba] Reasoning: States that a situation is not land development for residential dwellings but does not provide further context or implications.
  [ID: 6467f456-46a5-4fae-acc0-11859cb41c08] Reasoning: Cites a case regarding taxation of residential contractors, providing relevant legal context and implications for residential dwellings.
  [ID: 3c5dc29e-6b3a-4501-b6cb-deac08a721a2] Reasoning: Discusses a dissenting opinion on the application of a business privilege tax to residential contractors, providing relevant legal context.
  [ID: 5e55277c-23a8-4596-8956-e49753dfe5ca] Reasoning: Compares a case involving residential dwellings to another legal context, providing relevant interpretive guidance.
  [ID: 26ab61b1-3bf2-4f37-b085-b1bb6cd22a8b] Reasoning: Mentions a contractor involved in erecting residential dwellings questioning a tax, but lacks further interpretive context.
  [ID: ffba53b0-9433-43f3-894c-63a4cb2345b3] Reasoning: Describes a court's ruling on a tax related to residential dwellings, providing relevant legal context and implications.
  [ID: 45c3aa3f-63c3-4445-b85d-3359414d762c] Reasoning: This sentence references a statute but does not provide any new interpretive context or application regarding 'residential dwelling'.
  [ID: 97f0c67f-1dd1-4e36-bc88-2fdfcfd0919e] Reasoning: This sentence explains the process for appointing a receiver for rents in the context of a residential dwelling, providing relevant legal context and application.
  [ID: 22e7ecf8-ccf0-4984-b1c0-e0e9f248d918] Reasoning: This sentence outlines conditions under which service cannot be terminated for a residential dwelling, adding important context to the application of the statute.
  [ID: 30cb73a3-3fcd-473a-8432-391195259d48] Reasoning: This sentence mentions a covenant related to residential dwellings but does not provide significant interpretive context or application.
  [ID: 366435cf-da55-442a-9a61-f0ad505a830a] Reasoning: This sentence discusses a fee imposed on the rental of residential dwellings, providing context for regulatory purposes but lacking depth in legal interpretation.
  [ID: 2b172509-489e-442a-b88a-b8021db78aa8] Reasoning: This sentence simply states a fact about leasing a residential dwelling without any interpretive context.
  [ID: f8c2e757-493f-47e1-8e40-0a22360eea25] Reasoning: This sentence describes an order related to a residential dwelling but does not provide significant interpretive context.
  [ID: 1866020a-d673-4fbc-8b29-bafb30fc6b01] Reasoning: This sentence repeats a claim about an accessory use to a residential dwelling without adding interpretive value.
  [ID: 45fef3ce-1177-4319-8359-563d4ce0cd94] Reasoning: This sentence defines a public water system in relation to residential dwellings but does not provide significant interpretive context.
  [ID: 0a1368ee-d901-44a8-971b-01b9947a360c] Reasoning: This sentence states ownership of a residential dwelling without any interpretive context.
  [ID: 47319136-4451-49c6-bf69-cda641eae699] Reasoning: This sentence discusses a complaint regarding construction of a residential dwelling, providing context but lacking depth in legal interpretation.
  [ID: 6b09a232-3f35-4ac1-b9c9-6a66f701469e] Reasoning: This sentence provides an example of a city plan including residential dwelling units, but lacks depth in legal interpretation.
  [ID: a0eb8243-5532-4820-b23a-4b7e3020699d] Reasoning: This sentence states a requirement for development fees for residential dwelling units but does not provide significant interpretive context.
  [ID: 158708ec-f579-43cc-a9c8-5923f9262747] Reasoning: This sentence mentions ownership of residential dwellings but does not provide any interpretive context.
  [ID: 5c7f3b79-802c-4c2e-b745-d573c59a80a9] Reasoning: This sentence discusses child molestation occurring in various locations, including residential dwellings, but does not provide relevant legal context.
  [ID: 3f9e2ce2-05bb-42fb-b754-97573940d1fa] Reasoning: This sentence discusses a common scheme limiting development to one residential dwelling per lot, providing some context but lacking depth.
  [ID: bf866ef2-f16d-4167-b117-06af87c03824] Reasoning: This sentence outlines fees for building permits for residential dwelling units, providing relevant context but lacking depth in legal interpretation.
  [ID: 7c634c15-18a1-40d7-bf30-0760e24cfd42] Reasoning: This sentence repeats the requirement for development fees for residential dwelling units without adding interpretive value.
  [ID: 67c5d34d-99a9-4b86-b355-ba026257ee28] Reasoning: This sentence discusses zoning regulations allowing one residential dwelling per acre, providing some context but lacking depth.
  [ID: 94a5ac29-3172-4065-9df0-985bcfd170b1] Reasoning: This sentence explains the process for seeking a receiver of rents in the context of a residential dwelling, providing relevant legal context and application.
  [ID: 668ac5d6-f781-4f54-b927-347ec0061dac] Reasoning: This sentence outlines conditions under which a utility company cannot terminate service to a residential dwelling, adding important context to the application of the statute.
  [ID: e5ab6927-98fe-4040-a25d-8120ab473041] Reasoning: This sentence reiterates the conditions under which service cannot be terminated for a residential dwelling, providing context but lacking depth.
  [ID: c0ced046-4468-409a-b9cd-ba4da40f5456] Reasoning: Mentions 'multi-family residential dwellings' in the context of impact fees but does not provide any interpretive depth or application of the term.
  [ID: 064f8e4e-8664-4859-8189-b86367ecbe53] Reasoning: This lengthy sentence provides a detailed account of a court case but does not clarify or interpret the term 'residential dwelling' in a meaningful way.
  [ID: 8aee0dfd-822b-42c2-bf73-580264e26a0e] Reasoning: Describes a proposed development with '501 residential dwelling units' but lacks any interpretive context or application of the term.
  [ID: d5057a5d-27b0-4d6b-8390-6257253af9c4] Reasoning: Mentions the conveyance of a 'residential dwelling' but does not provide any additional context or interpretation of the term.
  [ID: e400767f-b291-4c66-bdcd-3e194555ab24] Reasoning: Cites case law regarding 'dwellings' but does not add significant interpretive value or context to the term 'residential dwelling'.
  [ID: 341e4e5e-5417-4536-af92-b70c2d002c2e] Reasoning: Describes a property contract but does not provide any interpretive context regarding 'residential dwelling'.
  [ID: 593707d9-7cf5-4261-83e2-5287484a5b84] Reasoning: Similar to the previous sentence, it describes a property contract without adding interpretive value to 'residential dwelling'.
  [ID: ac7e21f4-e485-4708-8bf9-4880179b81a3] Reasoning: Describes a contract's exclusion of a 'residential dwelling' but does not provide any interpretive context.
  [ID: b9c2fa15-7429-46bd-8a85-66989fe56d7c] Reasoning: Another description of property that includes 'residential dwelling' but lacks interpretive depth.
  [ID: c06e6a53-3f91-4e21-8577-555d7d419ecd] Reasoning: Describes a property contract but does not provide any interpretive context regarding 'residential dwelling'.
  [ID: 2e98c109-96ef-4503-92d3-63e6b034fc9a] Reasoning: States a legal conclusion about the sufficiency of the term 'residential dwelling' but does not clarify its application.
  [ID: f9f69d63-aa56-412a-be89-bac9c31dc966] Reasoning: Discusses zoning classifications affecting 'residential dwelling units' but lacks depth in interpreting the term.
  [ID: a6686ee3-dc86-4cda-b713-1e4410eb4a67] Reasoning: Asks a question about the statute's requirements for 'residential dwellings' but does not provide an answer or context.
  [ID: 109d551d-5f66-49fc-8fa5-8e3bb1f1e3af] Reasoning: States a duty of a landlord regarding a 'residential dwelling unit' but does not provide interpretive context.
  [ID: 78e9290b-a7a2-4356-bfa2-a0e9404edb13] Reasoning: Cites a statute regarding conditions for transferring a 'single family residential dwelling' but lacks interpretive depth.
  [ID: 3a37aec1-b70c-4a6f-9bd9-bd51e559fe69] Reasoning: Discusses the conversion or demolition of 'residential dwelling units' but does not clarify or interpret the term.
  [ID: 21ad95cc-ef6f-49a7-aa46-8f84482ef6c3] Reasoning: Similar to the previous sentence, it discusses conditions for demolition of 'residential dwelling units' without interpretive value.
  [ID: 55e6fa1b-a062-4c08-8fd0-7e4317f2ad65] Reasoning: Reiterates conditions for demolition of 'residential dwelling units' but does not provide new interpretive insights.
  [ID: 6da6596d-0576-4fdf-95d1-c046d8b31b34] Reasoning: Mentions the timeline for replacement of 'residential dwelling units' but lacks interpretive context.
  [ID: 45e9b5ac-1e58-4bf2-a8d8-cf0fb661a069] Reasoning: Discusses occupancy conditions for 'residential dwelling units' but does not provide interpretive depth.
  [ID: 7ed33c5e-9614-4be8-8525-e2425fc95f40] Reasoning: Describes conditions for determining occupancy of 'residential dwelling units' but lacks interpretive context.
  [ID: d76ba435-b93a-4fd0-87a8-9e8e5fbb6caf] Reasoning: States the statute's applicability to construction projects but does not clarify or interpret 'residential dwelling'.
  [ID: cf25e84f-11af-482c-9990-65920ac311e0] Reasoning: Mentions the location of a 'residential dwelling' but does not provide any interpretive context.
  [ID: c8dc14cd-8fc9-4ff9-ae5b-b12b3666ab1a] Reasoning: Describes a subdivision with 'residential dwellings' but lacks interpretive depth or context.
  [ID: 3c2add5a-5062-4562-b6d2-208aa0062835] Reasoning: Mentions 'one, two or three family dwellings' but does not provide any interpretive context or application.
  [ID: 0a6b24ba-9104-4446-8bbc-b0e1528395ed] Reasoning: This sentence discusses the economic challenges of constructing residential properties but does not provide any legal interpretation or application of the term 'residential dwelling'.
  [ID: 532458aa-21a5-4bdd-8b18-68154e16a257] Reasoning: Similar to the previous sentence, this one mentions the difficulty of securing financing for residential dwellings but lacks any legal context or interpretive depth.
  [ID: ea681de5-6d11-43d5-b8ee-dc516a53f42f] Reasoning: This sentence describes an incident involving residential dwelling owners but does not provide any legal interpretation or application of the term.
  [ID: e8af666b-fe9f-4144-8787-689b7e46cb84] Reasoning: This sentence interprets 'residential purposes' in the context of a covenant, providing a legal application that clarifies the term's meaning.
  [ID: 2697ca85-b024-45d8-a07e-093ff050141e] Reasoning: This sentence discusses a specific requirement for residential dwellings in a planned unit development, providing context for the term's application.
  [ID: 4569e148-b4c7-4736-86ca-3b9b7b9aeaac] Reasoning: This sentence addresses a legal argument regarding the designation of a building site for residential dwellings, adding interpretive context.
  [ID: ebde40f7-b094-4caa-92f3-120035b73d7e] Reasoning: This sentence discusses the specifics of a building site designation but does not add significant interpretive value regarding residential dwellings.
  [ID: f0c60208-7021-4d8a-b3b5-f854de659d13] Reasoning: This sentence provides context about the surrounding area of residential dwellings but lacks legal interpretation or application.
  [ID: 7c99a720-4e2e-4e24-ac3e-2d0519142301] Reasoning: This sentence mentions residential dwellings in the context of insurance policies but does not provide legal interpretation or application.
  [ID: 52ed92dd-23cc-4ec2-a46c-4d6181ef9329] Reasoning: This sentence discusses the application of building codes to residential dwellings, providing context for legal interpretation.
  [ID: ac02eabe-dc9a-4290-bf29-138877dd06cd] Reasoning: This sentence outlines conditions related to a cabaret's proximity to residential dwellings, providing context for legal considerations.
  [ID: c7fa9f85-1504-4ef4-81c8-6facace68f8a] Reasoning: This sentence discusses police concerns regarding noise near residential dwellings, providing context for legal decision-making.
  [ID: 0a634261-75b5-4946-ba46-aa14284a420a] Reasoning: This sentence describes a joint venture for constructing residential dwellings, providing context for legal agreements.
  [ID: a028e5c0-a6be-4557-96c8-a335af129c74] Reasoning: This sentence discusses rights and remedies related to construction defects in residential dwellings, providing legal context.
  [ID: 0ed6ee37-879a-410a-ad29-d4397267670f] Reasoning: This sentence explains a definition related to residential dwellings, preserving legislative intent and providing interpretive value.
  [ID: 008353fd-f9e0-4a68-a74e-b3c5513d98df] Reasoning: This sentence discusses zoning changes affecting residential dwellings, providing context for legal implications.
  [ID: 05023003-9b00-4dd5-9ab5-2a0b68512ad2] Reasoning: This sentence describes a subcontract for constructing residential dwellings but lacks significant legal interpretation.
  [ID: c098ca75-6edd-44ca-a2b1-1881c3bb3f9d] Reasoning: This sentence discusses a legislative emphasis on manufactured homes as residential dwellings, providing context for legal definitions.
  [ID: 133b9e70-9dd6-4f2e-a666-585080028dc6] Reasoning: This sentence discusses a will and mentions a residential dwelling but does not provide legal interpretation or application.
  [ID: 0a08a8ba-cdbf-4ceb-a2c8-a9a48021d559] Reasoning: This sentence states a condition for permitting a residential dwelling but does not provide significant interpretive context.
  [ID: c69c4e97-8ac1-4bd0-8e66-4ef54bdb3297] Reasoning: This sentence discusses a negligence claim related to the construction of a residential dwelling, providing legal context.
  [ID: f5701822-0a1b-492c-82ce-00247034649d] Reasoning: This sentence explains a court's ruling regarding residential dwellings in a zoning context, providing significant interpretive value.
  [ID: 81762a77-cd27-4e9c-885f-6f2a5f4b693b] Reasoning: This sentence describes an auction for a residential dwelling but does not provide legal interpretation or application.
  [ID: 078494b4-1820-462d-b7d3-71d03472bf0c] Reasoning: This sentence outlines an agreement for constructing residential dwellings but lacks significant legal interpretation.
  [ID: c7f3ab7b-aa60-452e-b282-5b555d0edff8] Reasoning: This sentence discusses a court order related to the construction of residential dwellings, providing legal context.
  [ID: 686aa028-4acb-448c-a51d-084837687cf5] Reasoning: Discusses a specific requirement for a single residential dwelling but does not provide interpretive context or application beyond the basic requirement.
  [ID: c16b61f8-8c37-43ee-8399-4ffd21bcf32f] Reasoning: Mentions a requirement for garages related to residential dwellings but lacks deeper interpretive context or legal implications.
  [ID: c8dba007-cf71-43b1-96e1-62be860978b9] Reasoning: Describes a sale involving a residential dwelling but does not provide any interpretive context or legal analysis.
  [ID: e849ab61-c935-4c3e-8e6f-4fa4517bb764] Reasoning: Details a property sale excluding a residential dwelling but does not add interpretive value or context.
  [ID: 8d8aaef6-79b7-4f72-a599-7c7ff7a0037f] Reasoning: Similar to a previous sentence, it describes a sale involving a residential dwelling without providing new interpretive insights.
  [ID: cc9401c3-a794-4c8f-89a3-4c6b94864786] Reasoning: Mentions a purchase price contingent on residential dwelling density but lacks deeper legal analysis or implications.
  [ID: 75a40b83-9f3c-4a51-bae8-6e630a05c455] Reasoning: Discusses a contingency related to residential dwelling density but does not provide significant interpretive context.
  [ID: 286ece26-cf24-445b-92b9-126dc9617cc3] Reasoning: Excludes a residential dwelling from a property description but does not add interpretive value.
  [ID: c4e75f96-b551-4b2b-b732-ef9870f30479] Reasoning: Provides a court's interpretation of 'residential' and 'dwelling' but lacks specific case law or broader implications.
  [ID: 6b232fa5-1653-4258-b47e-2a21458a67d3] Reasoning: Describes a county ordinance related to residential dwellings but does not provide significant interpretive context.
  [ID: 3595e1af-227d-4189-bd00-0a1f2a4b1f8c] Reasoning: Mentions exemptions for certain residential dwellings under a law but lacks deeper interpretive context.
  [ID: c5e9af91-2eab-4e58-a042-ee2be8143cec] Reasoning: Cites a labor code definition involving residential dwellings but does not provide significant interpretive context.
  [ID: ecc7d412-4d69-4048-bf57-af3957da5d20] Reasoning: Repeats a labor code definition without adding interpretive value or context.
  [ID: b6c69a65-01ae-4f2a-b7f2-ea3ed7ddf077] Reasoning: Describes a prescriptive easement involving residential dwellings but lacks deeper legal analysis.
  [ID: e7a29c0d-4880-4841-9d56-9ad59a22d01d] Reasoning: Mentions a residential dwelling in the context of ownership but does not provide significant interpretive context.
  [ID: f37ea8a2-7ed5-4c89-aeaf-72e08badea9c] Reasoning: Similar to a previous sentence, it describes a property sale excluding a residential dwelling without providing new insights.
  [ID: 7b839a5f-4178-4055-b3da-08e3b664b372] Reasoning: Describes a court order regarding occupancy of a residential dwelling but lacks deeper legal implications.
  [ID: f5a6487f-67f6-45dd-a851-664241966e09] Reasoning: Discusses financial responsibilities related to a residential dwelling but does not provide significant interpretive context.
  [ID: 11ec9883-8f7e-49aa-b323-69c7c28c4bc1] Reasoning: Mentions zoning regulations related to residential dwellings but lacks deeper interpretive context.
  [ID: 268f903b-954d-4531-8588-0ff10f41218b] Reasoning: Discusses construction requirements for proposed residential dwellings but lacks deeper interpretive context.
  [ID: 3c17fd1d-bb2e-4c3a-879f-c3e519546d0b] Reasoning: Describes a partnership involving a residential dwelling but does not provide significant interpretive context.
  [ID: bac18bd6-a1b3-439c-9f92-31c8c5aed0ba] Reasoning: Mentions ownership of units in a planned community improved by residential dwellings but lacks deeper interpretive context.
  [ID: 2e407261-e1f9-4e1f-a8af-acbaf7ffe6c9] Reasoning: Discusses restrictions on the number of residential dwellings but lacks deeper interpretive context.
  [ID: 1f677442-dc67-4817-9f3c-6e00096054ee] Reasoning: Mentions a court injunction related to a residential dwelling but does not provide significant interpretive context.
  [ID: ecae47cc-d952-4912-b440-edf4393ab1e5] Reasoning: Repeats a previous statement about ownership in a planned community without adding interpretive value.
  [ID: a802150e-5d06-440f-98a0-0571c01a4f28] Reasoning: Discusses a court ruling regarding the removal of residential dwellings, providing context on legal interpretation of 'change in use'.
  [ID: 9a36f153-7bf7-4d74-af4f-efe85fd84186] Reasoning: Mentions 'residential dwelling unit' in the context of tenant rights and property abandonment, but lacks depth in legal interpretation.
  [ID: 3b98b3b0-81f6-4f25-9275-8601f7468b18] Reasoning: Contrasts personal residential dwellings with commercial buildings, providing insight into the economic loss doctrine's application.
  [ID: 47df30b2-65e4-40ed-8404-d772108b3e3a] Reasoning: Similar to the previous sentence, but reiterates the distinction without adding new interpretive context.
  [ID: 660bda93-0059-44ce-88a2-752bfced4c38] Reasoning: Explains a zoning board's limitations regarding residential dwellings, providing context for zoning laws and their application.
  [ID: 7c9cfa47-7df6-42b1-b6c7-db1b1307a03c] Reasoning: Direct quote of a zoning restriction regarding residential dwellings, providing no new interpretive value.
  [ID: 2fd80286-8f0a-4fa5-92cf-6ab4e33c3cb9] Reasoning: Discusses restrictions on residential dwellings connecting to sewer systems, providing practical implications of zoning regulations.
  [ID: 9f3dafbe-5cae-44ca-9dda-d6ba441435f7] Reasoning: Describes a residential subdivision development, providing context on the scale and nature of residential projects.
  [ID: f3934ff9-61e3-4e5f-927d-3d2694b04fce] Reasoning: Details a variance application for a single-family residential dwelling, illustrating procedural aspects of zoning law.
  [ID: 1f9278bf-9691-4a4b-9311-ea97d761e8ea] Reasoning: Mentions restrictions on commercial structures affecting residential dwellings, providing context on land use conflicts.
  [ID: 51202488-8628-4b26-86fc-1dceb09f2f58] Reasoning: Describes a proposed construction site for a residential dwelling, providing context on property development.
  [ID: c9e7092c-0957-4780-b413-12da91b0e2c9] Reasoning: Details a construction project for a residential dwelling, providing context on real estate transactions.
  [ID: f2726995-9044-4b3e-8ef1-18d23e6b0178] Reasoning: Discusses the impact of land appropriation on a partially completed residential dwelling, illustrating legal access issues.
  [ID: c558dca9-6e76-4040-88f6-fccc1687ff1e] Reasoning: Mentions registration of an apartment as a residential dwelling unit, providing context on tenant rights and regulations.
  [ID: aa0a200b-11e7-4cff-a944-d9dbe1d05850] Reasoning: Discusses electrical usage for residential dwelling purposes, providing context on utility regulations.
  [ID: 4b07878b-f055-4c63-afca-9db82c91c3f1] Reasoning: Similar to the previous sentence, reiterates the context of electrical usage without adding new information.
  [ID: b7363994-5f32-45f3-864f-b34925362603] Reasoning: Mentions the term 'multi-family' in zoning context, but does not provide significant interpretive value.
  [ID: 34c1f7b2-1815-431a-bdec-dea715901d25] Reasoning: Describes a proposal for constructing residential dwellings, providing context on land development.
  [ID: e4288a42-3713-4bc6-8b9c-91e9d33d317e] Reasoning: Discusses financial transactions related to residential dwellings, providing context on municipal dealings.
  [ID: 7a4f8691-f5ab-4c37-925f-f0a655b49312] Reasoning: Cites a directive for health regulations in residential dwellings, providing context on public health law.
  [ID: b21db3d7-e0f7-4640-851f-f40211eb330a] Reasoning: Cites a legal precedent regarding disclosures in residential construction, providing interpretive context on developer obligations.
  [ID: 4a324ed9-a373-4ee8-8ad9-7d6d1717db55] Reasoning: Mentions a limitation on residential dwelling units, providing context on zoning regulations.
  [ID: 701cf778-5ac1-494c-ba0d-2eb4e49ee7ed] Reasoning: Cites case law regarding actions taken at a residential dwelling, providing context on criminal law applications.
  [ID: e9cbdf56-d9f3-4750-9bdd-ea9de2a8a5d9] Reasoning: Discusses restrictions on beverage sales near residential dwellings, providing context on local ordinances.
  [ID: a2a36ed0-99f3-4f74-ad61-ba9a438130db] Reasoning: Mentions code violations related to residential dwellings, providing context on enforcement of zoning laws.
  [ID: c5c9408a-e270-4f7e-8f40-3699b5e3edb9] Reasoning: This sentence discusses the classification of multiple-complex residential units but does not provide any new legal interpretation or application of 'residential dwelling'.
  [ID: 58698989-c978-42d2-9c8b-d63e09cd8cd6] Reasoning: This sentence mentions a judgment regarding possession of a residential dwelling but does not elaborate on the legal principles or implications involved.
  [ID: 8c677ab9-c080-4255-985e-abc5a33ff46b] Reasoning: This sentence refers to a judgment for damages related to residential dwellings but lacks specific interpretive context or legal analysis.
  [ID: 570c25ab-bdde-42e8-9a05-516ae5fe4570] Reasoning: This sentence discusses a restriction on subdivision related to residential dwellings but does not provide further legal interpretation or context.
  [ID: 3116941f-f26f-47ed-a9ec-3e7a9a461cde] Reasoning: This sentence explains how a mobile home was transformed into a permanent residential dwelling, providing a practical application of the term.
  [ID: 24d87338-3b0f-427e-9609-8bf8a1718600] Reasoning: This sentence mentions residential dwellings in a comparative context but does not provide substantive legal interpretation or application.
  [ID: d0369a2c-d873-4118-8449-3696438e8acf] Reasoning: This sentence states that none of the concerns relate to a single-family residential dwelling unit, offering no interpretive value.
  [ID: 88329e6c-5f26-4970-9793-7d9c9def341c] Reasoning: This sentence discusses a foreclosure action involving a single-family residential dwelling but lacks deeper legal analysis or implications.
  [ID: e55afdd6-2ad0-4fdb-a243-80394c57bca2] Reasoning: This sentence states that the plaintiff provides no ease where a custodial receiver was appointed for a residential dwelling, lacking further context.
  [ID: 5c883fd4-58bf-4688-9b84-c955ba21f6b6] Reasoning: This sentence describes the zoning of a building that includes residential dwellings but does not provide any legal interpretation.
  [ID: a03ba6f3-e564-44b9-a973-fb9d118a231b] Reasoning: This sentence discusses demand for residential dwelling units but does not provide legal context or implications.
  [ID: 3c9d877c-068d-4e52-975e-0d18ca6d0299] Reasoning: This sentence addresses public welfare concerning residential dwellings but lacks specific legal analysis or context.
  [ID: 7c697672-e440-4286-bbb8-5e033df1c2c3] Reasoning: This sentence references exemptions for residential dwelling owners but does not provide further legal interpretation.
  [ID: e1263593-7b9c-4efd-bba3-b436df41fc4f] Reasoning: This sentence lists definitions related to residential dwelling but does not provide any interpretive context.
  [ID: 15a108b0-e25b-45af-a207-2d7659c690b8] Reasoning: This sentence states that certain rates are not available to portions of residential dwellings used for business, lacking further legal context.
  [ID: 370e60de-af82-433a-979d-dfb5d147ddfe] Reasoning: This sentence is a direct quote of a definition and adds no interpretive value.
  [ID: e37148be-9f59-4d1b-b0ae-c63df19041a0] Reasoning: This sentence defines a residential dwelling but does not provide any additional interpretive context.
  [ID: ed42c3a9-1ea7-4422-85b3-7abbcba2ab19] Reasoning: This sentence discusses a court case involving a residential dwelling but does not provide deeper legal analysis or implications.
  [ID: 987a458d-0f25-4941-ba51-7092a150f6f3] Reasoning: This sentence states that the real property contains a single-family residential dwelling, providing no interpretive value.
  [ID: 43bd270c-9cbe-4b78-8a8a-493de5b8b8b4] Reasoning: This sentence is a repeat of the previous one, providing no new information.
  [ID: 14ca7b92-5a38-48b5-8482-3f451b423b2d] Reasoning: This sentence is a repeat of the previous one, providing no new information.
  [ID: 14acc038-c300-46f9-a9ce-eef777858eec] Reasoning: This sentence is a repeat of the previous one, providing no new information.
  [ID: cbcf3d04-48e0-41b8-bd2b-a86c75235867] Reasoning: This sentence describes findings related to a dangerous and abandoned residential dwelling but lacks deeper legal analysis.
  [ID: edf738ee-25a5-48ba-b661-ebf088ee22f3] Reasoning: This sentence states that the property holds a residential dwelling but does not provide any interpretive context.
  [ID: 67d98d87-d1c1-4eb3-a4ce-a2bd10b3b617] Reasoning: This sentence quotes a statute regarding single-family residential dwellings, providing no new interpretive value.
  [ID: a734506a-1974-4e3f-a726-8a260e60b4eb] Reasoning: This sentence discusses a covenant related to the construction of residential dwellings but does not provide any interpretive context or application of the term 'residential dwelling'.
  [ID: d94b4f8b-ec97-4633-b7f9-c2301c284b09] Reasoning: Mentions a specific incident at a multiple residential dwelling, but does not elaborate on the implications or legal context of 'residential dwelling'.
  [ID: 8542f757-243d-4b14-884b-ea39eb449a4a] Reasoning: This sentence discusses the public interest in cable service access for tenants of residential dwellings, providing some context but lacking deeper interpretive analysis.
  [ID: 0ee71ec0-6090-4204-82cd-e931b4ae2578] Reasoning: Similar to the previous sentence, it discusses tenant rights regarding cable service in residential dwellings but does not provide significant interpretive depth.
  [ID: f5ba4eb8-7f8a-40cc-9da7-d541ce65898b] Reasoning: References a statute related to residential dwellings and eminent domain but does not explain the implications or context of 'residential dwelling'.
  [ID: 661f519b-d574-47d3-b308-8567448bbd5e] Reasoning: Discusses legislative findings about access to CATV services for tenants of residential dwellings, providing some context but lacking deeper analysis.
  [ID: 3e2a600f-38a0-4a8e-9446-30c546d1e4b0] Reasoning: This sentence is a repeat of a previous statement regarding tenant rights to cable service, offering no new information.
  [ID: fe5c65e1-ca76-4c00-adce-ba4672c3035b] Reasoning: Another repetition of the previous context about cable service access for tenants, providing no new insights.
  [ID: 451bf1ff-7cbb-4c1d-95b9-a8d32f465210] Reasoning: Similar to earlier sentences, it references a statute without providing additional interpretive context regarding 'residential dwelling'.
  [ID: d88c32fe-3e91-45f4-9559-9b292951305c] Reasoning: Discusses legislative findings about CATV access for tenants, but does not provide significant interpretive depth.
  [ID: 3b40ec17-78c6-447f-a688-f686d3c9b899] Reasoning: Mentions residential dwellings in a geographical context but does not provide any legal or interpretive analysis.
  [ID: 8617b4a3-a489-4610-809c-5c7d1a4a7f97] Reasoning: Describes properties with residential dwellings but lacks any interpretive context or legal implications.
  [ID: c401a35a-3c2d-4f78-b5bf-0225a39c16d0] Reasoning: States eligibility criteria for refuse collection for residential dwellings but does not provide deeper interpretive context.
  [ID: 817779b7-c4af-4847-b462-7f375a58e89d] Reasoning: This sentence lists various legal references but does not provide any direct application or interpretation of 'residential dwelling'.
  [ID: 5f1ae192-a95f-44e4-8ba2-947ae0da4f31] Reasoning: Discusses sewer rental fees for a residential dwelling but lacks interpretive context or legal implications.
  [ID: cf9d5f99-8ddd-4f2d-87d5-9153349dd367] Reasoning: Mentions expert testimony regarding the impact of roadways on residential dwellings but does not provide legal context or implications.
  [ID: 0886cff9-88c3-44ae-8dbe-d0ae26724d43] Reasoning: Describes the construction and sale of residential dwellings but lacks any interpretive context or legal implications.
  [ID: 727af79f-d105-47f0-9eb3-5d7b5df0c972] Reasoning: Cites a case regarding a business privilege tax on residential dwellings, providing some legal context but lacking deeper interpretive analysis.
  [ID: 21023e3a-deda-4719-97bc-518b19c2269c] Reasoning: Discusses a case related to municipal taxes on residential dwellings, providing some context but lacking deeper interpretive analysis.
  [ID: eeed9bb0-3735-46e3-bda3-929697daa190] Reasoning: Mentions a contractor's question about a business privilege tax on residential dwellings but does not provide significant interpretive context.
  [ID: 042e68c2-c505-489d-a833-c8d234d9e824] Reasoning: This sentence explains a court's ruling on a tax related to residential dwellings, providing some legal context but lacking deeper interpretive analysis.
  [ID: 53433bf6-3581-43a8-a0f3-6593400f1168] Reasoning: Cites multiple cases regarding taxes on residential dwellings, providing some legal context but lacking deeper interpretive analysis.
  [ID: 7daa3096-5243-48c8-b725-c4ed005f3186] Reasoning: Mentions multi-family residential dwelling units in the context of site conditions but does not provide any interpretive depth or application of the term.
  [ID: be053729-0801-4be6-a103-81f1eb032e1e] Reasoning: Describes a restrictive covenant limiting development to one residential dwelling per lot, which provides context but lacks deeper interpretive analysis.
  [ID: 63cf38ad-19b6-4bb0-8a00-f2d443e40750] Reasoning: Discusses an appeal regarding a second kitchen facility in a single family residential dwelling, providing context for the application of the term but lacking broader interpretive significance.
  [ID: 4c63d132-30fc-4322-868a-86d5456bc5bf] Reasoning: Mentions a mansion-style residential dwelling house but does not provide any interpretive context or application of the term.
  [ID: 21918b1e-686d-4fd9-87b7-fe6919630514] Reasoning: Defines residential dwelling units in a broad context, which adds some interpretive value regarding the scope of the term.
  [ID: acd5c19b-2f32-45b4-b108-c9900429de9d] Reasoning: Includes a definition of employee related to residential dwellings, which provides context but does not significantly enhance understanding of the term itself.
  [ID: d17d1b79-34a4-42d8-98e3-bd08b2398a50] Reasoning: Directly quotes a statute defining 'employee' in relation to residential dwellings, offering no new interpretive value.
  [ID: 4cfbe9ae-e9da-490e-9ea7-17940406a3dc] Reasoning: Describes zoning designations and residential dwellings but lacks interpretive depth regarding the term's application.
  [ID: 3730cb40-a802-4bdf-ac4f-9ee2f60915e6] Reasoning: Discusses zoning regulations and their implications for residential dwelling units, providing some context but lacking deeper analysis.
  [ID: 4a8b29f0-8d1e-43c8-aa55-ff1a0157e4ec] Reasoning: Addresses strict liability of landlords of residential dwellings, which provides relevant legal context and implications.
  [ID: 7452994e-c2c7-429c-9ba1-f270bfe3a528] Reasoning: Mentions emission permits in relation to single family residential dwellings, providing context but lacking deeper interpretive significance.
  [ID: 692cfba5-9d5a-4183-9a19-46cc38492294] Reasoning: Discusses the incidental nature of repair and maintenance in relation to a single-family residential dwelling, providing some interpretive context.
  [ID: 61e0e794-cfa1-4fa8-93f3-dfa68da1dfb2] Reasoning: Cites a case regarding the Fourth Amendment and residential dwellings, providing significant interpretive context regarding legal searches.
  [ID: ea06b14e-11e0-489d-828b-8d0aa6c2bf13] Reasoning: States that a residential dwelling can exist in urban or rural areas, which is a basic fact but lacks depth.
  [ID: 2d9d1b21-2966-4811-92e6-fbfe1ecc53dd] Reasoning: Mentions rent receiverships related to residential dwellings, providing context but lacking deeper interpretive analysis.
  [ID: e0d2d07f-3cd6-4fc9-81c1-3c24138280d6] Reasoning: Describes service termination rules for residential dwellings, providing relevant legal context and implications.
  [ID: 497213d9-8632-4b6c-b328-3e0e56c11c3f] Reasoning: Discusses the inability to terminate service to a residential dwelling, providing relevant legal context.
  [ID: c7be5a35-4ad5-43cf-8611-7d29a6e87252] Reasoning: Mentions the appointment of a receiver for rents related to residential dwellings, providing relevant legal context.
  [ID: ffdcc9e3-5415-4dd9-9189-3f70406468b7] Reasoning: States that a specific section makes no distinction between private and public ownership of residential dwellings, which is relevant but lacks depth.
  [ID: 995c0c51-b871-4530-83f7-3c4fd5b02688] Reasoning: Directly quotes a statute regarding receivership for residential dwellings, offering no new interpretive value.
  [ID: e79a4181-e3dd-4dd7-ad5e-3167ca2787f5] Reasoning: Mentions economic effects of implied warranties of habitability related to residential dwelling units, providing some context but lacking depth.
  [ID: 45bae72e-4e99-4676-9165-508a9c5a294a] Reasoning: Describes a mixed-use development including residential dwellings, providing context but lacking deeper interpretive significance.
  [ID: 4f762300-5a27-47d5-ac70-75d7e4ece04e] Reasoning: This sentence states that the building of residential dwellings has not increased, but it does not provide any interpretive context or application of the term.
  [ID: f391bad1-7057-428a-af33-78791b055127] Reasoning: This sentence discusses subdivisions and exemptions related to residential dwellings but does not provide specific interpretive context or application of the term 'residential dwelling'.
  [ID: bf2b1610-4fe3-4474-88bd-ed428f1a43a7] Reasoning: Defines 'modular home' and 'prebuilt home' as types of residential dwellings, but this is largely redundant without further context or application.
  [ID: 20fb4334-fe97-4329-b59b-f42a06d030d7] Reasoning: This sentence provides a definition of 'manufactured home' as a type of residential dwelling, but lacks interpretive depth or application.
  [ID: 35850097-c789-48fd-8904-c824d04bf061] Reasoning: Mentions that appellants restricted land use to residential dwellings, but does not elaborate on the implications or applications of this restriction.
  [ID: 10551e8a-1388-4361-916f-5180ef11618f] Reasoning: States that substantial development resulted in numerous residential dwellings, but lacks any interpretive context or application.
  [ID: 4d561e73-5b4d-4f56-98cd-95b4901e83ea] Reasoning: Describes a subdivision application for residential dwelling units but does not provide further interpretive context or implications.
  [ID: 090ad4df-5c33-4afe-a3d2-f76405dfa0f4] Reasoning: Discusses a court ruling regarding accessory uses in residential dwellings, providing some context about legal interpretations but lacks depth.
  [ID: ec335e9b-0004-4b8c-a649-31f86d4fb7ae] Reasoning: Mentions that zoning boards may consider customary business occupations in residential dwellings, providing some interpretive context.
  [ID: fb4d1110-7e75-4bc9-bdf4-0c48a13833d9] Reasoning: States that municipalities can amend zoning ordinances for residential property uses, providing some interpretive context about local governance.
  [ID: b19ea37c-f184-4a23-891c-50f3473f6bb1] Reasoning: Indicates that it is the municipality's role to amend zoning ordinances for residential dwellings, but lacks deeper interpretive context.
  [ID: 582b3872-95fe-4f80-ab4c-af0073787199] Reasoning: Describes a court case involving a variance for a business in a residential dwelling, providing some context about legal interpretations.
  [ID: 46f7035c-81e8-4600-a130-eb5fd5df8972] Reasoning: Discusses access issues for multi-family residential dwellings, providing context about planning and zoning implications.
  [ID: f322be8f-8076-4250-8366-3627fc4128ce] Reasoning: Mentions construction of new residential dwellings by the appellant, but lacks interpretive context or implications.
  [ID: 240e14c1-c19d-42f6-8f77-3d8bb0af76e1] Reasoning: States that local governments cannot tax construction of residential dwellings, but does not provide further interpretive context.
  [ID: 0ef4bd7f-44fe-4c2a-8541-84eb7d1f72a3] Reasoning: Reiterates that a tax cannot be imposed on residential dwelling construction, providing no new interpretive context.
  [ID: dab2735c-c8d4-4452-b76c-9e2df3a5077f] Reasoning: Describes a contractor's challenge to a tax related to residential dwellings, but lacks deeper interpretive context.
  [ID: 7c85dc9e-2597-4e22-8a16-0404a91376e1] Reasoning: States that the appellant constructs residential dwellings, but does not provide further interpretive context.
  [ID: fd510d56-306d-4224-a534-7888d3132a02] Reasoning: Mentions that the appellant has obtained permits for residential dwellings, but lacks interpretive context.
  [ID: b2ed93b3-c7e6-4018-b421-49f3fdd446ac] Reasoning: Discusses the rejection of an argument regarding residential dwellings, but does not provide deeper interpretive context.
  [ID: 321349d4-0d82-49af-8afd-8cb33754c2e1] Reasoning: Cites a case regarding a business privilege tax on residential dwellings, providing some context about legal interpretations.
  [ID: 18ad55ae-877f-4e37-978c-545209c23a58] Reasoning: Explains that a business privilege tax is based on gross receipts and does not tax residential dwellings, providing some interpretive context.
  [ID: 72f1a02c-8647-420c-8a24-9bc517cd1cc5] Reasoning: Describes a challenge to a business privilege tax related to residential dwellings, providing some context about legal interpretations.
  [ID: 8507dcdb-40c2-4a68-b4d0-74b7dc196918] Reasoning: Discusses an appellant's argument regarding its status as a general contractor for residential dwellings, but lacks deeper interpretive context.
  [ID: e1732aa1-e3c1-4a73-9173-1b8a239cf610] Reasoning: Mentions a preliminary plan for residential dwellings but does not provide further interpretive context or implications.
  [ID: fcffb950-1623-4fc9-a04c-009f80f219ea] Reasoning: Describes proximity of a convenience market to a residential dwelling but does not provide any legal context or application of the term.
  [ID: 6e1c1f02-2999-4494-b7ba-0aa2ef0780a6] Reasoning: Mentions the construction of residential dwellings but does not elaborate on legal implications or context regarding the term.
  [ID: 1337a53d-bd42-49e0-99d5-12f1346905cf] Reasoning: Discusses industry practices regarding distances from residential dwellings, providing context on safety regulations but lacks deeper legal analysis.
  [ID: 6610aec7-dda7-4bb2-afc6-fdc33a6e8d3e] Reasoning: States zoning restrictions for residential development but does not provide interpretive context or implications of the term 'residential dwelling'.
  [ID: 18a8d951-0236-4ea8-8681-22a8d43a6b90] Reasoning: Describes a legal appeal regarding the construction of a residential dwelling but does not clarify the term's legal implications.
  [ID: 41a6156c-a708-48bb-874a-e6411cf33f7d] Reasoning: Mentions variances for twin residential dwellings but lacks further legal context or implications.
  [ID: 6c9adf97-0523-466f-8927-73e6d599654a] Reasoning: Claims negligence in the construction of a residential dwelling but does not provide broader legal context or implications.
  [ID: fddeb767-213d-4ba1-ac7e-bb484fa16cb8] Reasoning: Simply states the existence of residential dwellings in a block without any legal context or implications.
  [ID: fb007c2b-7042-413a-8b69-a97e95d67727] Reasoning: Discusses accessory structures to residential dwellings but does not provide deeper legal context or implications.
  [ID: 711778ce-4cd1-40b5-a392-48b628a26d6a] Reasoning: Addresses zoning ordinances and the right to construct residential apartments but lacks deeper legal analysis.
  [ID: 1fa2a66a-1951-45b5-9ca0-09f1f749de7d] Reasoning: Mentions regulations regarding animal waste facilities in relation to residential dwellings but lacks deeper legal context.
  [ID: 613eb0ee-d0a7-4225-8046-c2b194824222] Reasoning: Discusses the review process for residential dwellings but does not provide significant legal context or implications.
  [ID: 522e7feb-07cf-48a2-823f-1ea9e1176124] Reasoning: Speculates on the intended use of a structure as a residential dwelling but lacks legal context or implications.
  [ID: 9a92f602-62d6-4ac0-9b42-072c5f752a6c] Reasoning: Discusses tax exemptions related to residential dwellings but does not provide deeper legal analysis or implications.
  [ID: f1dfaa93-3144-44bc-84b3-b5ef0a8c0235] Reasoning: Mentions the definition of residential dwellings in the context of tax law but lacks deeper interpretive context.
  [ID: a35a6182-a555-4e51-a5f6-d5374f220d46] Reasoning: Cites a constitutional provision regarding residential dwellings but does not provide further interpretive context.
  [ID: f0022370-0043-4f89-844b-ef0ea4b0e674] Reasoning: Discusses tax exemption criteria for residential dwellings but lacks deeper legal analysis or implications.
  [ID: 2063c488-3b1c-4830-8b39-86ef3a5f8835] Reasoning: Addresses a legal argument regarding vehicles as residential dwellings but does not provide significant interpretive context.
  [ID: a4262752-3ff9-4585-8d39-ab79a4233a35] Reasoning: Mentions lack of evidence for property being used as residential dwellings but does not provide deeper legal context.
  [ID: b3e8cfdd-eb28-4976-80b8-39398f431a1a] Reasoning: Discusses the definition of 'dwelling' in relation to 'residential dwelling' but lacks deeper legal analysis.
  [ID: 94a84ea7-6ebb-443e-a3c1-1c99398fef97] Reasoning: Addresses the definition of 'dwelling' versus 'residential dwelling' but does not provide significant interpretive context.
  [ID: dfab7853-952f-46f8-b8cf-a6c3e935e378] Reasoning: Critiques the argument that 'dwelling' is synonymous with 'residential dwelling' but lacks deeper legal implications.
  [ID: 14219c7b-a510-4a09-8a87-fe3a1b2baa9e] Reasoning: Discusses judicial admissions regarding the use of vehicles as dwellings but does not provide significant interpretive context.
  [ID: 0a58325e-ce44-4673-9f53-1d14ad739487] Reasoning: Describes a real estate developer's challenge regarding property tax assessments for residential dwellings, but does not provide any interpretive context or application of the term 'residential dwelling'.
  [ID: 9f13de9a-4f85-4c4d-8f96-469bcbb2c3fe] Reasoning: Lists various issues related to a residential dwelling, but primarily repeats the term without providing legal interpretation or context.
  [ID: 2d74db7d-e63e-4089-af67-95fa51841497] Reasoning: Reiterates a claim about rain damage to a residential dwelling without adding interpretive value or context.
  [ID: bb48ed77-98d6-4469-bb97-1bc27447a93b] Reasoning: Cites case law to explain the 'percentage reduction in use' method, which provides context on how residential dwellings are evaluated, thus adding interpretive value.
  [ID: 391cddb0-9888-41c1-ab4a-6435aa5ee241] Reasoning: Describes a property purchase but does not provide any interpretive context or application of the term 'residential dwelling'.
  [ID: 44a0ba21-2dc7-4ce3-b737-ba8ff4b8cea1] Reasoning: Mentions a homestead claim involving an 'occupied residential dwelling house', but lacks deeper interpretive context.
  [ID: 6d5fde84-faa6-431e-b94b-a0e6d1bd52dc] Reasoning: Discusses a class certification related to residential dwellings insured by State Farm, but does not provide interpretive context.
  [ID: 53468815-1c24-4392-a737-f48fafe84d17] Reasoning: States that the term 'residential plant' does not change previous law regarding claims against separate residential dwellings, but lacks clarity on the implications.
  [ID: 8310bd71-42d2-454c-afc7-b1352d2199d2] Reasoning: Mentions zoning restrictions for single-family residential dwellings, providing some context but lacking deeper interpretive analysis.
  [ID: be58af7d-398e-4c30-99bb-01f519796b94] Reasoning: Describes a unique case involving a residential dwelling but does not provide legal interpretation or context.
  [ID: 59b3f818-a63f-4198-9ed7-f65160826dcd] Reasoning: Defines a 'Rural Community' but does not provide interpretive context for the term 'residential dwelling'.
  [ID: 39334495-11ae-4e59-953e-667640ae4e92] Reasoning: Defines a 'Rural Service Center' but does not provide interpretive context for the term 'residential dwelling'.
  [ID: 2dc919dd-274a-4447-ad8d-70d599b035d6] Reasoning: Lists criteria for a community but does not provide interpretive context for the term 'residential dwelling'.
  [ID: dcc03fa5-3b53-4625-8550-c85f490314c7] Reasoning: States that a problem is not related to residential dwellings but does not provide any interpretive context.
  [ID: f49b04d0-58ac-496a-8168-0dfaa683d0cf] Reasoning: Describes a property purchase but does not provide any interpretive context or application of the term 'residential dwelling'.
  [ID: 58312c5f-aa0f-49ae-9cb5-17543870b6f2] Reasoning: Describes the location of a residential dwelling but does not provide any interpretive context or application of the term.
  [ID: f3398336-7842-4181-906b-0ef787954690] Reasoning: States that a residential dwelling does not subject a vehicle to confiscation, but lacks interpretive context.
  [ID: 6b0bd6ca-6bcb-4ca3-8d13-ce9eec777bbf] Reasoning: Describes a property sale due to unpaid taxes but does not provide any interpretive context or application of the term 'residential dwelling'.
  [ID: f5f91156-3b23-4d47-9994-9ec531768f4c] Reasoning: Infers that a property was not a residential dwelling based on improvements made, but lacks deeper legal analysis.
  [ID: 219070f1-7b46-45f9-bc86-bb146e84c90a] Reasoning: Describes a residential dwelling in deplorable condition but does not provide any interpretive context or application of the term.
  [ID: 2af049a7-72fc-4e1a-8c93-185e3223a725] Reasoning: Discusses an equitable servitude related to residential dwellings on a golf course, providing some context about property development.
  [ID: 7ba9bec0-e67a-4726-a8c2-2b8f3d3a4e7c] Reasoning: Requests a court injunction against constructing residential dwellings, indicating legal implications but lacking deeper analysis.
  [ID: 49402832-7fd4-4bbd-a31b-83a7cdd700e4] Reasoning: Mentions negotiations for the sale of a residential dwelling but does not provide any interpretive context or application of the term.
  [ID: d8aa6450-dd58-4178-a250-fe38e3296bf0] Reasoning: Discusses Measure 49 and the right to develop residential dwellings, providing some context about property development regulations.
  [ID: 5c65151f-5899-4dde-8ad9-e8ccf9e8086e] Reasoning: Mentions conditions for establishing single-family residential dwellings, providing some regulatory context but lacking deeper interpretive analysis.
  [ID: 9056c8f5-4ad6-4640-8955-7e3fb6138320] Reasoning: Describes the consequences of subsidence damage to occupied residential dwellings, providing context for the application of the statute.
  [ID: f320a58f-956b-4309-a93f-ca1c9a0ed743] Reasoning: Details the obligations of coal mining operators regarding damage to occupied residential dwellings, illustrating the statute's application.
  [ID: a3a33e96-bdbd-4378-b25f-2c51a267d5f2] Reasoning: Cites a specific regulation that mandates repair or compensation for damage to residential dwellings, providing a clear application of the statute.
  [ID: 89ecb2bb-7601-4073-8688-57c96278bf83] Reasoning: Mentions the proximity of residential dwellings to landfill sites, relevant to zoning and land use considerations, but lacks depth in legal interpretation.
  [ID: ce48a607-32e3-4289-a392-a0f7bc4d632f] Reasoning: Discusses the distance of a proposed landfill site to residential dwellings, relevant for regulatory compliance but does not provide significant interpretive value.
  [ID: 0410d198-e0f4-4d33-8580-8236dd8bcd52] Reasoning: Cites a case regarding landlord liability for lead exposure in residential dwellings, providing a legal precedent that adds interpretive context.
  [ID: fec6502c-69e9-4100-81f7-416f4518d0a0] Reasoning: Describes the occupancy of a residential dwelling in a lease context, but lacks significant legal interpretation or application.
  [ID: fefb0fdd-8bd6-43af-8721-89c1f97c9700] Reasoning: Mentions access to a residential dwelling in a deed context, but does not provide substantial interpretive value.
  [ID: e2e91176-efe2-4c36-851d-6638645d8ce7] Reasoning: Discusses limitations on unrelated sex offenders in residential dwellings, relevant to public safety regulations but lacks depth in legal interpretation.
  [ID: 046bd92a-76bf-4127-aa5b-f790e76cc2ea] Reasoning: Notes the absence of state statutes addressing multiple sex offenders in a residential dwelling, relevant for legal interpretation but lacks depth.
  [ID: 4c926c1b-00e1-4482-958a-8bcd9a9aea61] Reasoning: Discusses the implications of health and building code requirements for residential dwellings, relevant but lacks specific legal analysis.
  [ID: cf53ecfb-2db6-44e1-93c8-0a41fdfba0be] Reasoning: Describes a land use permit application for residential dwelling units, relevant for zoning but lacks significant interpretive depth.
  [ID: f3601eec-1df6-4f9e-8661-9f61c7d05073] Reasoning: Mentions a land use amendment for residential dwelling units, relevant for planning but lacks depth in legal interpretation.
  [ID: e288a5da-1fb8-4a84-85f5-bcf940fe9cb3] Reasoning: Describes a specific type of residential dwelling related to illegal activities, providing context but lacking broader legal implications.
  [ID: ce545548-e6c8-4c6b-ac77-1c4b77f77159] Reasoning: Discusses the construction of residential dwellings, relevant for real estate but lacks significant legal interpretation.
  [ID: 5a1cd630-8217-4f3c-b9cf-52be8f94cf32] Reasoning: Mentions authority for school impact fees related to new residential dwellings, relevant for land use but lacks depth in legal analysis.
  [ID: 5f3a9a11-9658-47c0-b336-36eb0d353ee9] Reasoning: Describes a requirement for a building permit for new residential dwellings, relevant for regulatory compliance but lacks significant interpretive value.
  [ID: a66f9908-41f6-49b5-8401-36dfa280c884] Reasoning: Explains the purpose of building permits and occupancy certificates for residential dwellings, providing context for regulatory compliance.
  [ID: 76765efa-33fd-4bb8-8c16-73d6d0862fc3] Reasoning: Cites constitutional protections for residential dwellings, providing significant interpretive context regarding privacy rights.
  [ID: 45a805e9-4a11-4c49-aa5d-6dc834f67366] Reasoning: Discusses the definition of residential real property in the Colorado Constitution, providing important legal context for understanding residential dwellings.
  [ID: c5fe4a14-ee43-4d68-9809-7aeb05985964] Reasoning: Explains the distinction between landlords of residential dwellings and hotel proprietors in liability contexts, providing critical interpretive guidance.
  [ID: 2cfc5184-6f6b-45d9-9b34-ab6ff2f9af49] Reasoning: Mentions notice requirements for asbestos abatement in single-family residential dwellings, relevant for regulatory compliance but lacks depth.
  [ID: d5042e46-022a-4feb-a06c-458c2211d4e6] Reasoning: Discusses a legal decision regarding construction unrelated to a residential dwelling, providing context but lacking significant interpretive value.
  [ID: 121f740e-d645-4fcc-8ed8-eb56565dad29] Reasoning: Describes the intended use of loan proceeds for constructing a residential dwelling, relevant for real estate transactions but lacks depth.
  [ID: 57e95d0b-6155-4331-9c75-ff3142a4b4ab] Reasoning: Discusses tax implications for property without a residential dwelling unit, relevant for property law but lacks significant interpretive depth.
  [ID: 76f94bf0-5e93-4890-b292-4281c2fe1da6] Reasoning: The sentence discusses the protection of notice provisions related to structures on residential property but does not provide any new interpretive context or application of the term 'residential dwelling'.
  [ID: dbb08c7a-130a-46d9-a350-2edc64953124] Reasoning: This sentence defines 'residential construction or improvement' but is largely a paraphrase of statutory language without adding interpretive depth or context.
  [ID: 2bdf65ad-c898-460e-9cef-9dc61b37edb0] Reasoning: Similar to the previous sentence, this is a direct definition of 'residential construction or improvement' and does not provide new insights or applications.
  [ID: 10c22048-39d2-410c-b2c0-8ecf10766c30] Reasoning: This sentence applies the term 'residential dwelling' to a specific case involving a pole barn, providing context for its interpretation under the statute.
  [ID: 6e769e4f-e9fc-44e1-ba4f-1e20ce570126] Reasoning: This sentence discusses zoning boards' recognition of business occupations in residential dwellings, providing context for how the term is applied in practice.
  [ID: 8a4c1e6b-45da-40ee-993f-66f3b9766417] Reasoning: This sentence discusses the flexibility of municipalities in amending zoning ordinances related to residential property, adding context to the application of 'residential dwelling'.
  [ID: d3e0c690-c5b9-4dc2-86d5-0faf969d2e07] Reasoning: This sentence states that it is the municipality's role to amend zoning ordinances for residential dwellings, but lacks depth in interpretive context.
  [ID: 7b73e15c-b023-4811-9429-7bd55f88d462] Reasoning: This sentence describes a court's reversal of a decision regarding a business in a residential dwelling, providing a specific application of the term.
  [ID: 1cadc6fa-6a4d-4e93-b0fe-308bacbab169] Reasoning: This sentence discusses a court's ruling on a special exception related to a residential dwelling, providing context for its application.
  [ID: 40e0b05b-0397-4c68-bea9-bf835aadc905] Reasoning: This sentence mentions plaintiffs' awareness of residential zoning but does not provide significant interpretive context or application.
  [ID: 8db1b291-22d3-4179-a7a9-990eb476c749] Reasoning: This sentence discusses mortgage liability related to residential dwelling units, providing a specific application of the term.
  [ID: 9c451084-1e57-4470-92bc-982e09a0bff5] Reasoning: This sentence describes a mechanical aeration waste water treatment facility servicing residential dwellings, providing context for the term's application.
  [ID: 09b92cb5-4b16-4a09-b3cb-d177ec336d70] Reasoning: This sentence discusses a legal case involving a residential dwelling but does not provide significant interpretive context or application.
  [ID: 2b1d8ca0-2b35-41aa-abef-dec43c412d46] Reasoning: This sentence discusses the establishment of single-family residential dwellings in farm zones, providing context for zoning applications.
  [ID: 694bd2a3-906a-4d8b-b6ab-d5132e72b23a] Reasoning: This sentence discusses a trailer's status as a residential dwelling, providing context for its interpretation in a specific case.
  [ID: c88a3245-8ad0-427b-a326-91b845fe04ea] Reasoning: This sentence discusses a court's findings regarding zoning and residential dwellings, providing context for the term's application.
  [ID: ed013fd2-3bf0-417a-8bd1-0108b12a4d1e] Reasoning: This sentence discusses the Board's conclusion regarding a proposed residential dwelling and its implications for public services, providing context for its application.
  [ID: a7918d24-297d-442a-a00d-793eef74ea51] Reasoning: This sentence discusses the Board's considerations regarding residential dwellings in relation to agricultural practices, providing context for its application.
  [ID: 2eb37690-4e52-41b6-a716-322c8eff45a2] Reasoning: This sentence discusses the necessity of a residential dwelling for agricultural use, providing context for its application.
  [ID: 2bf94d74-0fb5-4469-8c46-9ac7212d7918] Reasoning: This sentence discusses a trailer's status as a residential dwelling, providing context for its interpretation in a specific case.
  [ID: 440b4280-1852-43d6-aba4-cfb0d1225704] Reasoning: This sentence discusses the reasoning behind permitted uses in a zoning area, providing context for the application of residential dwellings.
  [ID: ab003532-f676-41f0-b19d-c302012dbb62] Reasoning: This sentence discusses the legal implications of easements related to residential dwellings, providing context for its application.
  [ID: 440815e9-f48e-49b7-a73e-037127497eaa] Reasoning: This sentence discusses the history of a residential dwelling's construction but does not provide significant interpretive context or application.
  [ID: aa5e29da-d63e-4788-b6b8-c70146d9230a] Reasoning: This sentence discusses soil tests for residential dwellings but does not provide significant interpretive context or application.
  [ID: caf72a29-042c-48e8-9171-14d5f7472a8a] Reasoning: This sentence discusses the approval for multiple-family residential dwellings but does not provide significant interpretive context or application.
  [ID: 5013ccc5-ec21-4110-b3dd-157243522459] Reasoning: This sentence provides a definition of 'building contractor' that includes the term 'residential dwelling' but does not add any interpretive context or application related to the phrase of interest.
  [ID: 5f0ca0d2-80a3-437b-b859-d9b7193fa3ca] Reasoning: Similar to the previous sentence, this defines 'developer' in relation to 'residential dwelling' but lacks any interpretive depth or application.
  [ID: f66695d1-6a53-4364-b46c-4f1df5388c20] Reasoning: This sentence discusses the legislative intent regarding building contractors and single-family residences, providing some interpretive context about the application of the statute.
  [ID: 8bdfdf70-bff6-46e4-a3fb-e957c067a72e] Reasoning: This sentence describes a legal complaint involving a homebuilder and a residential dwelling, providing context about a dispute but lacking deeper interpretive analysis.
  [ID: 24ccbb51-5aee-4887-85cd-a11ae4c553bc] Reasoning: This sentence discusses claims made by the owners against the builder regarding the construction of a residential dwelling, providing context but not significant interpretive depth.
  [ID: bd90bb11-3598-4261-ade5-cf4874414257] Reasoning: This sentence states the builder's denial of breach of contract regarding a residential dwelling, which is relevant but does not add significant interpretive value.
  [ID: 97a1754d-6cac-4a30-979e-dcbf425df3c5] Reasoning: This sentence discusses zoning restrictions related to residential dwellings, providing context about regulatory limitations that could affect interpretation.
  [ID: 1d9638b9-a978-4f9a-aaf7-5cf4952c32f2] Reasoning: This sentence references the collection of household refuse from residential dwelling units, which is relevant but does not provide significant interpretive context.
  [ID: c03691ae-430d-4b1d-83df-2d6b1cb12e5e] Reasoning: This sentence states that certain entities are not considered residential dwelling units, which is relevant but lacks depth in interpretation.
  [ID: 59b83fe4-d418-4875-b272-feb71f0174e0] Reasoning: This sentence discusses the Board of Public Works' authority regarding refuse collection from residential dwelling units, which is relevant but not deeply interpretive.
  [ID: 0ea2f817-ca3a-4fd8-956d-b93e00d47eae] Reasoning: This sentence mentions land use plans distinguishing between residential dwellings and other types, providing some context but lacking significant interpretive depth.
  [ID: 6a473eaf-3db7-4f60-a9cd-acb03bdc9831] Reasoning: This sentence discusses density restrictions for residential dwellings, providing relevant context about land use but lacking deeper interpretive analysis.
  [ID: c4d5e0fa-3de3-4abc-9f0c-288b0ffab5d9] Reasoning: This sentence describes a contractual arrangement involving a residential dwelling, providing context but lacking significant interpretive depth.
  [ID: 5639fecc-4318-4cc6-8aa2-70fea4c85a02] Reasoning: This sentence discusses the condition of a residential dwelling sold by defendants, providing context about potential liability but lacking deeper interpretive analysis.
  [ID: 8be7f797-dd15-4a9d-9237-a5eaace2058b] Reasoning: This sentence discusses the plaintiffs' lack of knowledge regarding defects in a residential dwelling, providing context but not significant interpretive depth.
  [ID: 5c5ae81b-99e2-4698-98d8-8a834279181a] Reasoning: This sentence describes a purchase of a residential dwelling, providing context about a transaction but lacking deeper interpretive analysis.
  [ID: ee9b78cc-8686-414b-8219-ac004d95329d] Reasoning: This sentence discusses the condition of a residential dwelling sold to plaintiffs, providing context but lacking significant interpretive depth.
  [ID: b89486f2-5475-4b13-9d46-c3fc3d421298] Reasoning: This sentence discusses the nature of a building as a residential dwelling in the context of a legal case, providing some interpretive context but not deeply analytical.
  [ID: 0d57e02f-cb1f-4056-873d-98eeb7c57cfe] Reasoning: This sentence describes a dispute over a contract for the construction of a residential dwelling, providing context but lacking significant interpretive depth.
  [ID: abcceb73-c777-4a10-a21f-e92661241a2c] Reasoning: This sentence discusses restrictions on lot lines for residential dwelling lots, providing relevant context but lacking deeper interpretive analysis.
  [ID: 55273eb8-4949-4154-a508-a01083af32fe] Reasoning: This sentence outlines setback requirements for WECS projects in relation to residential dwellings, providing relevant regulatory context.
  [ID: 332e3daf-fc60-4871-aeac-a296c555683d] Reasoning: This sentence discusses reciprocal setback requirements for residential dwellings in relation to WECS projects, providing relevant regulatory context.
  [ID: 68d48a3d-e46c-4bfb-b6ba-7c46cc3edc41] Reasoning: This sentence outlines specific requirements for WECS projects in relation to residential dwellings, providing relevant regulatory context and implications.
  [ID: 8b2f45b2-9753-4063-b122-596272745fa7] Reasoning: Direct quote of a restrictive covenant regarding single family residential dwellings. No interpretive value beyond the statute itself.
  [ID: b145d4ab-c73a-487c-9005-b7bf8e34c829] Reasoning: States that each unit is a separate residential dwelling in a condominium context, but lacks deeper analysis or application.
  [ID: e246e919-73b7-4e47-8fce-d079a034e5aa] Reasoning: Discusses whether a sale of a residential dwelling falls within 'trade or commerce', indicating a legal ambiguity that requires interpretation.
  [ID: b7ec303a-e18d-4baa-a6e6-7fc5658baff4] Reasoning: Describes a specific instance of seeking approval for constructing a residential dwelling, but lacks broader interpretive context.
  [ID: a0dc170b-e088-4334-b9c9-b497969cb846] Reasoning: Analyzes the relationship between housing legislation and tax exemptions for residential dwellings, providing interpretive context.
  [ID: aa40df0c-48fd-497b-8ee4-25dcc50cc42b] Reasoning: Raises a significant constitutional issue regarding religious activities in residential dwellings, indicating a broader legal context.
  [ID: 07446819-2dbb-4a45-9670-f733c012efad] Reasoning: Incomplete sentence with no substantive information or context regarding residential dwellings.
  [ID: 69e6440a-ee77-444b-b180-feff0413d100] Reasoning: Discusses a legal case regarding a cottage as a nonconforming building, providing context for zoning laws related to residential dwellings.
  [ID: d92dfac3-4163-4731-9d9e-5de06f44bd0e] Reasoning: Mentions the implied warranty theory in relation to the sale of new residential dwellings, indicating a legal principle but lacking depth.
  [ID: b43a3104-6f79-4f21-8868-3330b86560ea] Reasoning: Discusses the designation of residential dwelling units as Affordable Housing Units, providing context for zoning bylaws.
  [ID: ad9ac956-1cfb-4c42-9f93-db86ce4ebe10] Reasoning: Details requirements for disclosing information about residential dwellings insulated with UFFI, providing specific legal obligations.
  [ID: 0da996ac-5248-432a-8f94-d8002f22a421] Reasoning: Cites a provision in a master deed regarding residential buildings, but lacks deeper interpretive context.
  [ID: a34839bc-7930-41f6-9b71-31caff61dfbe] Reasoning: Analyzes the implications of the word 'solely' in a master deed, providing critical interpretive guidance.
  [ID: 39155d03-ecd5-4cc8-94bf-df4fe1e4f84a] Reasoning: Discusses exemptions for condominiums and residential dwellings in refuse collection, providing context for municipal regulations.
  [ID: e795dcac-549b-41c7-a823-9c958e754c93] Reasoning: Cites a zoning code regarding residential dwellings and places of worship, but lacks deeper interpretive analysis.
  [ID: 93275b30-76d3-44f3-a455-caa1d7ad0ba2] Reasoning: Discusses the right to construct a single family residential dwelling, but lacks broader interpretive context.
  [ID: caeb07f8-616b-47ab-ab21-b21286fd3855] Reasoning: Mentions a conflict of interest in the purchase and sale of a residential dwelling, indicating a legal principle but lacking depth.
  [ID: b3554499-9302-4f0d-874d-89c02d6f44d5] Reasoning: Describes a partnership to purchase a residential dwelling, but lacks broader legal implications or context.
  [ID: 14cc6324-5d19-433a-8b80-5288eae423a5] Reasoning: Mentions Michigan Statutes regarding one-family detached residential dwelling units, but lacks deeper interpretive context.
  [ID: 178e6528-a8b2-446d-b612-5ce4ee48cf05] Reasoning: Cites a case regarding occupancy restrictions in residential dwellings, providing context for legal conflicts but lacking depth.
  [ID: c3ce9a09-c053-40b2-ac42-eb158b005890] Reasoning: Discusses the relationship between legislation aimed at alleviating housing shortages and tax exemptions for one-family owned residential dwellings, providing context for the application of the term.
  [ID: d9ad95f7-f2b2-42a8-8695-5d819b4ae753] Reasoning: Mentions the minimum economic density for urban services in relation to residential dwelling units, which provides context for zoning and planning regulations.
  [ID: 18e811f4-fd16-49f9-bb9c-50def3c81191] Reasoning: Defines 'home energy' in the context of residential dwellings, but does not significantly expand on the term's application or implications.
  [ID: 072820c8-15a9-4cfa-aa98-5b64b5524441] Reasoning: Discusses the impact of HEAP funds on heating or cooling in residential dwellings, providing context for financial assistance programs.
  [ID: 075f8aee-e8a3-4315-ba9c-d71469843842] Reasoning: Mentions zoning for residential dwellings but does not provide additional interpretive context or implications.
  [ID: 44ccc26b-2a39-4e61-a04a-9e2f87779cdb] Reasoning: States the existence of residential dwellings nearby but lacks interpretive depth or application.
  [ID: 17bdfe5b-31d9-4bd9-a783-88827abd791e] Reasoning: Cites a case that recognizes an implied covenant of habitability for residential dwellings, providing legal precedent and context.
  [ID: 74143d56-cfee-4b85-8ea5-1defd06b32bb] Reasoning: References a code requiring smoke detectors in residential dwelling units, which provides regulatory context but lacks broader interpretive significance.
  [ID: d1108bbe-bb14-4b22-a2b0-c628f0e298c5] Reasoning: Describes a person's work on residential dwellings but does not provide legal context or implications.
  [ID: e78c5746-906f-4c8d-9685-aa44699e0f64] Reasoning: Mentions residential dwellings in a commercial context but lacks interpretive depth.
  [ID: 305173b7-9654-4b7c-8bbc-e7d888c62be9] Reasoning: States that individuals were living in a residential dwelling, providing a factual context but lacking deeper legal implications.
  [ID: eca4cacd-2506-4f39-b088-4325dcd771d0] Reasoning: Discusses protective covenants for residential dwellings, providing context for property use restrictions.
  [ID: 236a6092-e5e2-42ca-94c8-52cf0d82e95d] Reasoning: Mentions an exemption for owner-occupied residential dwellings under a specific act, providing context for legal interpretations.
  [ID: 81c0679b-4839-4559-b3ef-0eeb8320c564] Reasoning: Cites a case regarding minimum floor area requirements for residential dwellings, providing legal context and implications.
  [ID: be0acdf5-6f89-42be-b80e-fd57b50522b0] Reasoning: Describes the area surrounding a property with residential dwellings but lacks interpretive depth.
  [ID: 8335d31c-77de-4acf-879e-d699a2376261] Reasoning: Discusses security deposit limits for landlords of residential dwellings, providing regulatory context.
  [ID: e970ae22-7538-4f41-a005-d2e10d2df8ea] Reasoning: States that owners renting residential dwellings must be familiar with statutory provisions, providing context for tenant protection.
  [ID: 41df589c-8781-45ae-81ed-8fd706ea05c2] Reasoning: Mentions garbage collection from residential dwellings but lacks deeper legal implications.
  [ID: b7affe4a-752a-471e-8d73-87910050b32f] Reasoning: Discusses the legal requirement for garbage collection for garden apartments and residential dwellings, providing context for municipal obligations.
  [ID: 07b734b3-31ea-426f-afc3-4849e945e50b] Reasoning: Describes a legal dispute involving a residential dwelling but is overly detailed without significant interpretive value.
  [ID: 36013ef0-b7c6-4ca8-b2bf-fe342d02c874] Reasoning: Mentions a variance for residential dwellings in relation to septic systems, providing regulatory context.
  [ID: 28b7b34c-d1cd-4657-86d5-390f807c772f] Reasoning: Discusses a covenant interpretation involving residential dwellings, providing legal context but lacking broader implications.
  [ID: 57e2591a-9de0-41db-be7b-8532abe38d51] Reasoning: Discusses differing interpretations of a covenant involving residential dwellings, providing legal context.
  [ID: d2dc5f8f-17d4-4c3a-9a4b-dcb1c4ef96c6] Reasoning: Describes a facility that includes residential dwelling units, but lacks interpretive depth regarding the term's application.
  [ID: 4840868a-865e-4c14-9787-3fd4e9410900] Reasoning: This sentence discusses a court's finding regarding the duty of a builder in relation to a residential dwelling, providing context on legal obligations in construction. It adds interpretive value by illustrating how the term 'residential dwelling' is applied in a legal context.
  [ID: afe9c90a-46e7-4a8b-8d6b-3269fb6b16fa] Reasoning: This sentence describes the delivery of solid waste from residential dwelling units, providing a practical application of the term in municipal waste management. However, it lacks deeper interpretive context.
  [ID: 5db453de-d991-4d62-a5ca-969cf23ae183] Reasoning: This sentence outlines the conditions under which permits for waste removal from residential buildings are issued, providing a specific application of the term 'residential dwelling'. It adds some interpretive context but is somewhat procedural.
  [ID: 621a8190-f478-46f7-b67a-65fd2e636338] Reasoning: This sentence states ownership of residential dwelling units but does not provide additional interpretive context or application, making it largely redundant.
  [ID: 2ccef2ae-ec43-40cc-aa5b-ab320a773437] Reasoning: This sentence simply states the number of residential dwelling units on a tract of land without any interpretive context or application, rendering it redundant.
  [ID: 4110d15c-00f6-4a3b-81b7-a4ecbc1be778] Reasoning: This sentence discusses zoning requirements for residential dwelling units with septic systems, providing specific regulatory context that aids in understanding the term's application.
  [ID: 7e91f6ce-08d9-4fd7-9c97-292945e953ea] Reasoning: This sentence describes a property housing university students as a residential dwelling, but it lacks deeper interpretive context or application, making it less valuable.
  [ID: a435720b-1851-40a0-8ea3-e053c32342cd] Reasoning: This sentence discusses a court's finding regarding the use of buildings as residential dwellings, providing interpretive context about legal definitions and restrictions.
  [ID: 306390a3-8ba0-4349-aee4-e12bc098a953] Reasoning: This sentence addresses the legal classification of structures in relation to residential dwellings, providing interpretive context that aids in understanding legal distinctions.
  [ID: 8042f737-e47b-4820-9fb9-ecec847e6b25] Reasoning: This sentence discusses a court's conclusion regarding the conversion of structures into residential dwellings, providing critical interpretive guidance on legal compliance.
  [ID: 612035d9-0cc4-4962-a1e2-f89ccd6af5a6] Reasoning: This sentence reiterates a restriction on structures other than residential dwellings, but it does not add new interpretive context, making it largely redundant.
  [ID: 2b1a8e89-de6f-4aac-b4d8-ac4e9a8beaac] Reasoning: This sentence discusses a consent order related to modifying structures into residential dwellings, providing context on legal processes and implications.
  [ID: 092189a4-367f-453a-a8fe-ea44f6e28a48] Reasoning: This sentence explains the implications of a consent judgment on modifying structures into residential dwellings, adding interpretive context regarding legal compliance.
  [ID: ce68967e-94aa-41e8-aa21-dca8e961a46b] Reasoning: This sentence discusses zoning requirements in relation to residential dwellings, providing context that aids in understanding legal restrictions.
  [ID: 62293bc6-d97b-44fa-959e-1493b22a723f] Reasoning: This sentence states that multi-family residential dwellings are permitted in a specific zone, but it lacks deeper interpretive context, making it less valuable.
  [ID: 38f68e35-1a8a-4dcf-b47b-b233b151bd31] Reasoning: This sentence discusses the assessment of residential dwellings but does not provide additional interpretive context or application, making it largely redundant.
  [ID: 78c07f56-be05-4941-85e6-0924ced936d2] Reasoning: This sentence raises a material question of fact regarding the nature of a structure as a residential dwelling, providing interpretive context about legal definitions.
  [ID: f93df538-7e7d-4e2a-8cff-ad3225c9cf42] Reasoning: This sentence discusses a court's interpretation of a covenant regarding residential dwellings, providing critical interpretive guidance on legal restrictions.
  [ID: ffb146a6-d006-48f7-8169-b864ac2399ab] Reasoning: This sentence reiterates a restriction on structures other than residential dwellings, but it does not add new interpretive context, making it largely redundant.
  [ID: c0052b18-9a44-4d27-918c-a050b652330c] Reasoning: This sentence states that lots contained newly constructed residential dwelling units, but it does not provide additional interpretive context or application, making it largely redundant.
  [ID: 9ac0c5d7-5c03-4252-8b75-453ab1ea5905] Reasoning: This sentence discusses a municipal decision regarding a tower's classification in relation to residential dwellings, providing context on legal interpretations.
  [ID: fbe567b5-495a-4242-99fa-4ce1913cc8dc] Reasoning: This sentence is a lengthy description of a redevelopment project that includes residential dwelling units but lacks specific interpretive context, making it less valuable.
  [ID: 2fe7ba89-da7b-49cd-a44e-77d40f5e24b1] Reasoning: This sentence discusses the intent behind the withdrawal of funds for a residential dwelling, providing some interpretive context regarding property rights.
  [ID: 262a3458-c6b5-4bf0-a96d-017b87474788] Reasoning: This sentence discusses a resolution regarding discrimination between types of residential dwellings, providing context on legal interpretations and implications.
  [ID: 2f5d4038-f3cc-4c1c-996e-5485491d88ae] Reasoning: This sentence discusses a challenge to an ordinance regarding garbage collection for residential dwellings, providing context on legal disputes and interpretations.
  [ID: afa4588f-52e6-4efe-9b96-91105d291e30] Reasoning: Discusses the meaning of vandalism in relation to a residential dwelling but does not provide any legal interpretation or application of the term itself.
  [ID: c629442a-8924-4743-8a16-9a92b2e64836] Reasoning: Mentions the construction of a new residential dwelling but does not elaborate on its legal implications or context.
  [ID: db6e617c-85dd-4553-a1be-f5dd9f7f6ddf] Reasoning: Cites a zoning ordinance related to residential dwellings but does not provide further interpretive context or application.
  [ID: 0df30df0-7d52-470e-bafe-efd2faaa2ebd] Reasoning: Repeats the ordinance's prohibition without adding any interpretive value or context.
  [ID: e8042493-90b9-4d73-8fb5-e9927e8aa1da] Reasoning: Another direct quote of the ordinance, providing no new information or context.
  [ID: dc0e4a6d-9f8a-4eab-8665-5d1b71f81ae9] Reasoning: Mentions residential dwellings in the context of zoning but lacks interpretive depth.
  [ID: 8f7a6932-9a04-4ec3-9004-244246bf3294] Reasoning: References a court case discussing the proximity of adult bookstores to residential dwellings but does not provide deeper analysis.
  [ID: 8d532cdd-e63e-4250-beb3-4a52b44e6a43] Reasoning: Discusses a court ruling related to residential dwellings but lacks substantive interpretive context.
  [ID: f8d68bcb-9085-40b9-b53f-7bd778f1cfa7] Reasoning: Mentions the absence of a residential dwelling at a specific address but does not provide legal context.
  [ID: de601d09-aea7-49b2-b3b8-ba1a95887889] Reasoning: Cites a prohibition related to residential dwellings but does not elaborate on its implications.
  [ID: 826ab327-652a-4692-bcc3-ea17f7696d9c] Reasoning: Discusses a court case that upheld certain zoning restrictions but does not provide deeper interpretive analysis.
  [ID: 71707e88-70fd-4f66-bd36-e3d1855b9e8e] Reasoning: Mentions a court ruling regarding the proximity of adult theaters to residential dwellings but lacks substantive context.
  [ID: 814e67b6-880a-4d86-8768-e740e2f55cfa] Reasoning: Provides a factual statement about the distance to a residential dwelling without legal context.
  [ID: 2c35799e-63ed-4b38-969a-b7a716b62188] Reasoning: Describes a petition for a building permit for a residential dwelling but lacks interpretive depth.
  [ID: 5051dc98-2551-4e4e-ab2e-66f6f120dbdd] Reasoning: Mentions an existing residential dwelling but does not provide any legal context or implications.
  [ID: 5c437ae6-270d-46f3-ad29-966eebe302c3] Reasoning: Discusses a legal action regarding a residential dwelling but lacks deeper interpretive context.
  [ID: e2486098-92bb-424f-9ae2-36d3d0b26f09] Reasoning: Mentions land uses including residential dwellings but does not provide legal context or implications.
  [ID: 3aee2b3c-e486-47f9-9851-8b2e7369be08] Reasoning: Discusses liability related to lead-based paint in a residential dwelling but lacks deeper legal analysis.
  [ID: f61ec336-3ea4-4637-8669-57f7bf8d318b] Reasoning: Describes a court ruling regarding lead-based paint disclosure in a residential dwelling but lacks interpretive depth.
  [ID: c1df4675-c433-42bb-baf1-83e126ddb0cd] Reasoning: Mentions intent to construct a residential dwelling but does not provide legal context or implications.
  [ID: 8a465f05-d125-4943-842f-1f67309a979b] Reasoning: Mentions accessory buildings related to residential dwellings but lacks interpretive context.
  [ID: d2faad78-93ed-4c2b-b449-0b838e5c261a] Reasoning: Cites a proposed amendment regarding house trailers and residential dwellings but does not provide further context.
  [ID: 4a0435a9-1354-4794-a4b6-2fc63c9ba60a] Reasoning: Discusses potential development of multiple residential dwellings but lacks interpretive depth.
  [ID: 8eda817b-6ade-4bcd-adfc-32d353a4243f] Reasoning: Describes historical restrictions on land use for residential dwellings but does not provide legal context.
  [ID: fe259236-be9c-4d31-859f-b57fbf804194] Reasoning: Mentions a proposal for residential dwelling units but lacks interpretive context or implications.
  [ID: bae8fd3d-1206-476d-8b12-3c2f4ab9a50d] Reasoning: This sentence provides a definition of 'residential real property' but does not add any new interpretive context or application related to 'residential dwelling'.
  [ID: 8194d0eb-d1e0-46fd-864e-bf6aabf85752] Reasoning: While it discusses 'residential real property', it does not clarify or expand on the term 'residential dwelling' itself, making it largely redundant.
  [ID: 57dd3f3a-4f03-4821-a0b9-8842f773a41c] Reasoning: This sentence interprets the authority of the General Assembly to define residential dwelling units, providing context that helps understand the application of the term.
  [ID: 94079225-76e5-4fd2-80ff-a175069d95a6] Reasoning: This sentence explains how the General Assembly can broaden the definition of residential properties, which adds interpretive value regarding the scope of 'residential dwelling'.
  [ID: a6a2299e-c1cf-4f7a-b6ea-28b046b6e9d6] Reasoning: This sentence discusses a specific case involving a residential-dwelling restriction, but does not provide broader interpretive context for the term 'residential dwelling'.
  [ID: d2a3b39c-003a-425b-b05e-d96ba08fd12e] Reasoning: This sentence states that two lots became burdened with a residential-dwelling restriction, but lacks broader interpretive context.
  [ID: b1b57289-8920-447f-b2a0-58ee1b7d8f53] Reasoning: This is a direct quote of a definition of 'residential real property' and does not provide any new interpretive context.
  [ID: a7672226-25a7-436a-a5c9-91b1f2ccd49e] Reasoning: This sentence identifies a public housing agency that owns residential dwelling units, but does not provide further interpretive context.
  [ID: c096426a-4bad-4386-8f83-9adaeb384a98] Reasoning: This sentence discusses the Colorado Security Deposit Act in relation to residential dwelling units, providing context for tenant rights but not directly interpreting 'residential dwelling'.
  [ID: 97f4566c-7d15-4664-a43d-6a20c86b5e76] Reasoning: This sentence discusses zoning regulations for residential dwellings, providing context for how 'residential dwelling' is applied in land use but lacks depth.
  [ID: 2b002a36-96d7-49dc-b9cb-e9eb17f5e607] Reasoning: This sentence discusses zoning regulations allowing multiple-family residential dwellings, providing context but not a deep interpretation of 'residential dwelling'.
  [ID: 969afb75-03dc-4e0d-a5b2-9a3335733113] Reasoning: This sentence discusses an ordinance regarding residential dwellings in a specific zone, providing context but lacking broader interpretive depth.
  [ID: 5203fe56-477e-4817-9c25-7fb3b1a8012b] Reasoning: This sentence discusses a landowner's concerns regarding zoning for multiple-family residential dwellings, providing context but not a deep interpretation.
  [ID: 49ceebd7-8ca8-4c45-b909-a28e1c05afb6] Reasoning: This sentence discusses a landowner's perception of zoning restrictions, providing context but lacking depth in interpreting 'residential dwelling'.
  [ID: 6c65d337-0a45-4c27-abbc-8445dfdbf039] Reasoning: This is a direct quote of a zoning regulation and does not provide any new interpretive context.
  [ID: 4b2ebbe5-551e-4e26-9de0-85dad6d8fb3c] Reasoning: This sentence discusses a building permit application for a residential dwelling but does not provide broader interpretive context.
  [ID: e8e79f8f-d2bd-4013-9a68-c3edea0be075] Reasoning: This sentence discusses utility service provisions for residential dwellings but does not provide new interpretive context for the term.
  [ID: 2f63bfad-75a9-4210-b4ea-5add0805c626] Reasoning: This is a direct quote of a statute regarding utility service for residential dwellings and does not provide new interpretive context.
  [ID: d59e71c2-ee36-4ebf-922c-8b79dc24c79b] Reasoning: This sentence compares a commercial lease case to a residential dwelling eviction, providing context but not a deep interpretation of 'residential dwelling'.
  [ID: a7588f92-4bb8-4972-a5d3-aad5ee034714] Reasoning: This sentence discusses whether a restrictive covenant prohibits certain uses of land for residential dwellings, providing context but lacking depth.
  [ID: 7f78efcf-62c7-410a-b98b-73adf1a7235b] Reasoning: Mentions the testing and removal of UFFI from residential dwellings, but does not provide additional context or application of the term.
  [ID: af9313d7-e637-418e-8c77-d89527d17d9e] Reasoning: Describes a specific location where residential dwellings are situated but lacks interpretive depth regarding the term.
  [ID: c274edc2-71aa-4421-b35f-fce9174ca3fd] Reasoning: States that loans were for the purchase and construction of residential dwellings, but does not elaborate on the implications or context.
  [ID: e0453963-74df-4db5-ad63-8364415016f0] Reasoning: Compares zoning requirements for residential dwellings but does not provide deeper insight into the term's application.
  [ID: ec8abd4c-f9d4-4a20-afdd-fe870a181aa2] Reasoning: Similar to the previous sentence, it discusses zoning requirements but lacks additional interpretive context.
  [ID: 1cbcf8bc-fdb2-4fa9-8d25-eea6cce4a24f] Reasoning: Provides a comparison of zoning classifications but does not clarify the implications for residential dwellings.
  [ID: 8c3a7933-d104-40f9-9dde-27e44a06e7fb] Reasoning: Mentions the deletion of requirements related to residential dwelling units but does not explain the significance.
  [ID: e27ee046-08ef-4bd2-a4af-36e452d28c26] Reasoning: Discusses insurance coverage for a residential dwelling but does not provide interpretive context for the term.
  [ID: 93b57057-b8c5-4583-bc07-3e3e3524032d] Reasoning: Mentions a processing fee related to residential dwelling units but lacks further explanation or context.
  [ID: d8674e76-b6f9-41f6-9067-31d5f729968f] Reasoning: Notes that building codes regulate residential dwellings but does not elaborate on the implications of this regulation.
  [ID: 0745cbd7-6f38-4843-a65c-4207214aefba] Reasoning: Discusses land use applications related to residential dwelling units but does not provide deeper interpretive context.
  [ID: 60281d56-d955-4fba-af01-297ffdfed937] Reasoning: Mentions zoning regulations regarding residential dwelling units but lacks interpretive depth.
  [ID: 9cee683e-5a36-43e8-b2d3-d1f82a252e83] Reasoning: Discusses limitations on residential dwelling units but does not provide further context or implications.
  [ID: 54f6ccf8-6d2f-44fb-907a-a4b5034fd7c2] Reasoning: Mentions the number of residential dwellings in a historical context but does not provide interpretive value.
  [ID: b4fb6241-50a5-422d-8c9b-034d9d2bd2ca] Reasoning: Discusses performance criteria for solar components in residential dwellings but lacks deeper interpretive context.
  [ID: 49f81ec8-8185-4481-8f66-2498e80aa539] Reasoning: Mentions performance criteria for solar heating in residential dwellings but does not provide further context.
  [ID: dd18f1ab-d0e5-49bf-a9c4-731ce34f1204] Reasoning: Discusses a legal principle related to residential dwellings but does not clarify its implications.
  [ID: f602171b-98ef-4dd4-bb1c-32444baaa9df] Reasoning: Mentions health threats due to proximity to residential dwellings but lacks interpretive depth.
  [ID: 6a30869d-30f7-4499-87b0-02309664e423] Reasoning: Discusses the costs of constructing a residential dwelling but does not provide interpretive context.
  [ID: e53495cc-9efb-42ef-9d11-4abe6817bdfe] Reasoning: Mentions locational requirements for adult uses near residential dwellings but lacks further context.
  [ID: 162a0e31-9203-48ce-9f42-ee61579d63b2] Reasoning: Similar to the previous sentence, it discusses locational requirements but does not provide deeper insight.
  [ID: 3179f4dc-69d3-4d60-95b6-b3ca098bf90b] Reasoning: Mentions locational requirements for adult uses but does not clarify the implications for residential dwellings.
  [ID: 287e9dd2-243f-4009-960b-24eb4694ca9c] Reasoning: Discusses waiver provisions related to residential dwelling units but lacks interpretive depth.
  [ID: 665a6834-ce31-49cf-9240-671efbcbb859] Reasoning: Mentions storage of vehicles near residential dwellings but does not provide further context or implications.
  [ID: 4ebb70e3-1b85-4528-bf27-1ba1e9e3c35c] Reasoning: This sentence discusses a city ordinance related to renting residential dwellings but does not provide any interpretive context or application of the term 'residential dwelling' itself.
  [ID: a831fb8e-34a3-4bf0-9d5d-0c97e24122da] Reasoning: The sentence mentions the construction of a residential dwelling unit but does not elaborate on the implications or legal context of this construction.
  [ID: 186d30c4-dbc7-46ce-8d03-bd93c8cf3e69] Reasoning: This sentence provides context about the statute's purpose and its protective nature for borrowers, which adds interpretive depth regarding residential dwellings in the context of mortgage protections.
  [ID: eae2eaa2-5b12-4e54-ad63-6c94bf9bd222] Reasoning: The sentence discusses a zoning ordinance violation related to conducting business in a residential dwelling area, providing context for the application of the term 'residential dwelling'.
  [ID: 93172bff-77ba-40ea-8960-64a609658f64] Reasoning: This sentence describes a specific type of residential dwelling unit and its compliance with building codes, which adds clarity to the definition and application of 'residential dwelling'.
  [ID: c9256e0d-3194-4267-b166-0cac4a82813c] Reasoning: The court's order regarding the placement of a residential dwelling provides insight into legal expectations and requirements surrounding residential properties.
  [ID: b0cef2d2-9091-42aa-acfd-c8af92fff5ef] Reasoning: This sentence interprets the meaning of 'residential' in the context of a garage, which adds depth to the understanding of residential dwellings.
  [ID: bd582741-375f-4070-ba13-32d93326c56c] Reasoning: The court's observation about covenants and their relation to residential dwellings provides interpretive context regarding permissible uses of property.
  [ID: 5875a89f-1a1c-48e2-9778-64a6323c89e3] Reasoning: This sentence reiterates the court's order regarding the construction of a residential dwelling, which does not add new interpretive value.
  [ID: aa2011e7-4bd8-49f5-8f7e-50783c2eca6e] Reasoning: The findings regarding the zone change and its impact on residential uses provide context for understanding the implications of residential dwellings in zoning decisions.
  [ID: 71c0ca7a-6af4-4f84-8762-43d24dd04a61] Reasoning: This sentence discusses zoning regulations concerning residential dwellings, providing context for the application of the term in local ordinances.
  [ID: 26d87c43-aaf0-46e7-a203-4fa00042b3fe] Reasoning: This sentence states a fact about the absence of residential dwellings in a specific area, which does not provide interpretive value.
  [ID: 68f5f268-95d8-4b40-8e16-45d2d696abe2] Reasoning: The construction of a residential dwelling as per an agreement provides context for understanding obligations related to residential properties.
  [ID: 489f9b43-53ef-4b54-a708-bba582bbda87] Reasoning: This sentence discusses the contents of a residential dwelling in a legal context, which adds some interpretive value regarding the implications of what is found within.
  [ID: 926c4356-4b46-49ca-b02c-1bc91d5b0338] Reasoning: The denial of a building permit for a residential dwelling provides insight into regulatory processes and the application of zoning laws.
  [ID: f3fdda65-2d58-448e-b04e-3e5e21ce25a9] Reasoning: This sentence describes burglaries against residential dwellings, which does not provide interpretive value regarding the term itself.
  [ID: 0210db38-748f-45a3-81bf-a3b6c99576f5] Reasoning: The definition of 'residential dwelling unit' in the zoning ordinance provides a clear and relevant interpretation of the term, adding significant value.
  [ID: 1a985a0e-b075-4dbc-b09a-2c6b92ddeae8] Reasoning: This sentence discusses limitations on home occupations within residential dwellings, providing context for the application of the term.
  [ID: 8e8f93cb-eb0a-4d29-9c61-7c8276151973] Reasoning: This lengthy sentence discusses conditions for a building permit related to residential dwelling use, but it is convoluted and does not clearly add interpretive value.
  [ID: da9fa154-257b-41ac-b491-8a8f97a315d1] Reasoning: This sentence discusses an easement not intended for residential use, which provides context but does not significantly enhance understanding of 'residential dwelling'.
  [ID: b6835e97-a0a4-4413-967e-3d05cd0755d9] Reasoning: This sentence states that recreational vehicles are not residential dwelling units, which is a factual statement without interpretive depth.
  [ID: 3617b027-0583-4df4-af6b-72f4f42a2fa1] Reasoning: This sentence clarifies the definition of a residential dwelling unit, emphasizing the necessity of cooking facilities, which adds significant interpretive value.
  [ID: 062d3cce-b29d-48c7-9ace-9ff86e28dd3a] Reasoning: This sentence discusses the Board's findings regarding the definition of a residential dwelling unit, which adds clarity to the application of the term.
  [ID: 86b2b493-51ee-4443-aa59-944adbde2430] Reasoning: This sentence concludes that the Board's determination was erroneous due to the lack of cooking facilities, which provides critical interpretive guidance.
  [ID: 109bd6f5-caf7-4625-9786-c70cb402d22a] Reasoning: This sentence discusses a specific provision regarding shore frontage for residential dwelling units, which adds context to the application of the term.
  [ID: 5435acba-460d-4c0e-8d23-fbbef4ddf4b8] Reasoning: Mentions 'residential dwellings' in a descriptive context but does not provide any legal interpretation or application.
  [ID: 6def2df3-6fbd-4f19-9a35-f487d1bf26a6] Reasoning: Discusses records related to residential dwellings in the context of lead-based paint evaluation, providing some application of the term.
  [ID: f8ddf2df-f559-46f9-8a35-439f1b2e4fa1] Reasoning: Describes the right to construct a single-family residential dwelling, but lacks depth in legal interpretation.
  [ID: b22263fa-5cd9-4320-aaa9-8b94003adecd] Reasoning: Compares definitions of 'dwelling' under different laws, indicating a legal analysis relevant to residential dwellings.
  [ID: d7f1937d-c4fb-4fcf-a3c6-8cecb05cdbf3] Reasoning: Mentions residential dwellings in a context of trail buffering, but does not provide significant legal interpretation.
  [ID: 64cfc371-6ea7-4d6e-81ab-066ba6da4d87] Reasoning: Discusses zoning regulations related to residential dwelling units, providing context for legal application.
  [ID: 93624a0a-a22e-4a4b-94da-4e0fd31ea4b8] Reasoning: Simply states 'Multi-family residential dwellings' without further context or application.
  [ID: b989ed31-f2f7-447f-a8a7-6d2c70f1cda4] Reasoning: Discusses the implications of a multi-unit residential dwelling in the context of a search warrant, providing legal relevance.
  [ID: 4c0ff2e7-e7ef-4cfb-96ae-e91deec9383e] Reasoning: Explains the implications of a multi-unit residential dwelling in the context of probable cause, adding legal depth.
  [ID: 922e6a86-bda4-4825-9290-35dd35d0234a] Reasoning: Mentions residential dwellings in the context of criminal activity, but lacks specific legal interpretation.
  [ID: a3882dbf-6aa2-40d7-9757-d610baa834a1] Reasoning: Describes land division with respect to residential dwellings, but does not provide significant legal analysis.
  [ID: 37740669-28bf-49d8-8e7a-b9b24d53c463] Reasoning: Repeats the previous sentence verbatim, providing no new information.
  [ID: 04f9028b-ddb1-4553-a99c-73454b4d77ef] Reasoning: Cites multiple cases regarding zoning ordinances and residential areas, providing significant legal context.
  [ID: eb569730-2990-48c7-bb14-1af96aa1fe75] Reasoning: Describes zoning districts for residential dwellings, providing context for legal application.
  [ID: 8118bdae-06d4-49f4-811f-0e13e28979d7] Reasoning: Mentions a residential dwelling certificate but lacks depth in legal interpretation.
  [ID: f56759e9-c9ac-4d4a-9fde-8194e133fc64] Reasoning: Describes a search warrant's language regarding a residential dwelling, but lacks significant legal analysis.
  [ID: e7780e75-363b-4d77-9cb2-45fead7f1dc8] Reasoning: Defines FB-Houseboat in contrast to residential dwellings, but does not provide significant legal context.
  [ID: ec8a6bca-863a-4551-b36d-eed6c42b2f98] Reasoning: Describes a property to be insured as a residential dwelling, but lacks depth in legal interpretation.
  [ID: ae797042-47cd-4b64-9db8-02318e168add] Reasoning: Duplicate of the previous sentence, providing no new information.
  [ID: 325e0eed-eec2-47f9-ac1d-449798d3d8a3] Reasoning: Discusses preservation services for residential dwellings, providing context for legal application.
  [ID: bb495a78-e446-40b6-bf41-ecf0ec0bb8a9] Reasoning: Mentions companies involved in residential dwelling development, but lacks significant legal analysis.
  [ID: d6f177b0-aa30-4b42-b1a2-cfd9b13b3c75] Reasoning: Cites legal definitions and exemptions related to residential dwellings, providing significant legal context.
  [ID: 9fa639f4-5f86-479d-b086-d06f1163687f] Reasoning: Discusses eligibility of residential dwellings in a legal context, providing some interpretive value.
  [ID: e27f0e1e-8f51-4b3e-a094-be1d013db55f] Reasoning: Discusses TILA rights concerning residential dwellings, providing legal context and application.
  [ID: 0883b981-59ee-4509-a789-98321645472d] Reasoning: Describes a restriction on constructing residential dwellings, providing context for legal application.
  [ID: 2a9ea5d0-5b62-4add-b48d-d5c451d4a43a] Reasoning: Discusses the warranty of habitability in the context of residential dwellings, providing insight into legal principles that affect such properties.
  [ID: 99e0fc3e-6a88-430a-af2b-c2e49097f524] Reasoning: Mentions obsolescence depreciation in relation to residential dwellings, indicating a specific application of valuation principles.
  [ID: f61223cc-6037-49dd-84f1-ba732b0ab77a] Reasoning: Highlights the need for abnormal circumstances for obsolescence depreciation to apply, which adds context to the valuation of residential properties.
  [ID: 84c29496-7fcf-4092-8f58-71c6e5178870] Reasoning: Repeats the previous statement about obsolescence depreciation without adding new information or context.
  [ID: 97ea4268-ea6f-4f03-bd61-eb291209ddca] Reasoning: Reiterates the need for abnormal circumstances for obsolescence depreciation, providing no new insights.
  [ID: 705ad959-b487-4200-b16b-5863fd48f588] Reasoning: Repeats the earlier statement about obsolescence depreciation, lacking any new interpretive value.
  [ID: 65e51ce5-70e3-40e2-9169-d482ef278d75] Reasoning: Reiterates the need for abnormal circumstances for obsolescence depreciation, providing no new insights.
  [ID: cc1329cd-d300-4a62-825c-f306e29a5157] Reasoning: Cites regulations on obsolescence depreciation, but does not provide new context or application.
  [ID: 3e56d4dc-15e8-46af-9139-6002e7c174c8] Reasoning: Reiterates the need for abnormal circumstances for obsolescence depreciation, providing no new insights.
  [ID: dd933fbb-f91b-4f61-9ec8-20ac54e3acb2] Reasoning: Mentions an ordinance governing transient living accommodations in residential dwellings, indicating a regulatory context.
  [ID: b5e8c991-3bb5-4fc6-8a5c-d98dbbd598e1] Reasoning: Describes a development plan for residential dwelling units, providing context for zoning and land use.
  [ID: 9e0ad8ee-27bd-4f6e-b90a-6de42771ed03] Reasoning: Details contracts for purchasing residential dwellings, providing context for real estate transactions.
  [ID: 822c233d-4a81-409d-866f-21c3f5f60601] Reasoning: Describes a master plan that includes high-rise residential dwelling structures, relevant for urban planning.
  [ID: e498fa0a-d2bf-4765-aba6-bb0609b0999e] Reasoning: Describes a master plan for various residential units, providing context for land use and development.
  [ID: a85d19f8-8ee7-4d51-a70c-6fe3a7cf2ac6] Reasoning: Discusses public policy regarding statutory warranties for new residential dwellings, indicating legal implications.
  [ID: bfa5ad9e-9ec6-4e5b-af6f-22b9f05c53ea] Reasoning: Describes a plan for single-family residential dwellings, providing context for property development.
  [ID: ac1cdddb-56fd-4325-961a-86ccbabf9954] Reasoning: Discusses restrictions on construction of residential dwellings, relevant for property law.
  [ID: c345cef8-42c3-42fa-810e-b7edf8a474ad] Reasoning: Describes a situation involving a residential dwelling, providing context for property rights.
  [ID: eaa67d48-385b-4b70-911b-e84ccc1c5d6a] Reasoning: Discusses a warranty deed involving a residential dwelling, relevant for real estate transactions.
  [ID: cca796c4-a9d3-433d-adcb-4523feac0d34] Reasoning: Describes a belief regarding the sale of a residential dwelling, relevant for property law.
  [ID: f8d81592-e9bd-4da1-aa06-02f3e57b106c] Reasoning: Lists permitted residential uses, providing context for zoning regulations.
  [ID: 0c13952b-a66a-4019-b0af-86d3ee3466e1] Reasoning: Mentions traffic and access issues related to residential dwelling units, relevant for urban planning.
  [ID: 73a6f270-7597-4695-83b1-4706705f03cb] Reasoning: Discusses a legal case involving restrictions on residential dwellings, providing context for property law.
  [ID: 245d4a1f-5860-4723-a192-7dabd078355c] Reasoning: Describes a residential capacity fee related to wastewater needs, relevant for municipal regulations.
  [ID: 129841c6-4cb2-4371-89c7-49ef7cd2b769] Reasoning: Mentions an ordinance regulating transient use of residential dwellings, indicating a legal framework.
  [ID: 5f5530b7-0710-48b7-92ff-b3dac2c6100a] Reasoning: Discusses a legal case involving a residential dwelling but does not provide any interpretive context or application of the term.
  [ID: 20e0f433-bbe6-4a6e-9060-ddf770e73f75] Reasoning: Mentions ownership and sale of residential dwellings but lacks any legal context or application.
  [ID: bb311e1b-fc8c-4211-9b91-9c9471bac0c2] Reasoning: Describes a specific legal provision regarding the sale of beer near residential dwellings, providing context for the term's application.
  [ID: e7ff6678-963c-4fd4-adb8-2983ecb6ac3f] Reasoning: Involves a lawsuit regarding fire loss of a residential dwelling, but does not elaborate on the term's legal implications.
  [ID: b314fec3-a524-4f8e-977d-f6c01d2edf4a] Reasoning: States a requirement for residential dwellings but does not provide any interpretive context or application.
  [ID: a421e8e6-b3ea-4cb5-9814-a42e08816554] Reasoning: Describes a subdivision and its restrictions on residential dwellings, providing some context but lacking deeper legal analysis.
  [ID: 2cbbcb6d-dbd5-4c45-9dc2-6d7bdbb0972f] Reasoning: Clarifies the application of zoning laws regarding residential dwellings, providing important context and limitations.
  [ID: 8d39d61d-e2c2-4637-8d54-e8a3b9d1dc5b] Reasoning: Discusses legal protections for manufactured residential dwellings, adding interpretive value regarding their classification.
  [ID: e2a47faf-b5b2-4353-979d-4c45b9265015] Reasoning: Specifies conditions for manufactured residential dwellings to receive legal protection, providing critical interpretive guidance.
  [ID: 1448ef54-8fa8-4d39-8164-3be631c4521e] Reasoning: Addresses zoning ordinances and their impact on residential dwellings, providing relevant legal context.
  [ID: b6701997-a7c8-4dee-82ac-0b405d30c1ee] Reasoning: Mentions a request for service related to a residential dwelling but lacks substantive legal context.
  [ID: 61028a9d-399f-4015-a499-7372985a81ac] Reasoning: References a case that does not involve a builder/vendor of a residential dwelling, lacking direct relevance.
  [ID: f17c1b20-93b1-4f74-b6e9-55082dc5f1ce] Reasoning: Describes a residential dwelling occupied by a family but does not provide legal context or implications.
  [ID: 616ab0e6-fd94-412e-b069-a0946481bca8] Reasoning: Cites a case where a permit was denied due to proximity to a residential dwelling, providing relevant legal context.
  [ID: 922a2b8d-3fa3-44f2-8f1f-e0b6a169066e] Reasoning: Repeats the statutory requirement regarding permits near residential dwellings without adding interpretive value.
  [ID: 6a1c4217-eeed-4c76-9a45-532bad26e84c] Reasoning: Mentions zoning regulations related to residential dwellings but lacks depth in legal interpretation.
  [ID: 62919b3a-637b-480f-85e0-753d6101377f] Reasoning: Discusses a proposed plan for residential dwellings but does not provide significant legal context.
  [ID: cb585681-b33d-4c33-a453-2febbc0cdf46] Reasoning: Mentions the continued presence of residential dwellings but lacks interpretive depth.
  [ID: 5601c6bb-f97f-4bdb-b94d-4bd3cafde360] Reasoning: Summarizes the effect of an ordinance on residential dwelling units, providing some interpretive context.
  [ID: bc66b90d-68b9-493d-93c9-5fa5e93fb718] Reasoning: Discusses the imposition of an impact fee on new residential dwelling units, providing relevant legal context.
  [ID: f3940091-d2fc-4891-87e1-92da2466ad05] Reasoning: Mentions a conflict between ordinances regarding residential dwelling density, providing some legal context.
  [ID: 8f4830d7-5e48-4ff9-a76a-aa36e0079780] Reasoning: Describes a case involving a variance for a duplex residential dwelling, providing relevant legal context.
  [ID: db0d3698-7372-4911-a7ff-53f4cb285d19] Reasoning: Discusses a court's ruling on the use of a property as a residential dwelling, providing relevant legal context.
  [ID: 593d6592-c95d-46ac-bfd3-4da38979d0d9] Reasoning: Mentions feasibility issues regarding erecting a residential dwelling but lacks substantive legal context.
  [ID: 4eb768bd-d5ce-4c51-b8b9-7a2286e2a00d] Reasoning: Discusses land transfer conditions for residential dwellings under preferential tax assessment, providing relevant legal context.
  [ID: 23fa09a9-1201-4546-8c72-468ba4fd67c8] Reasoning: Discusses the appraisal of a residential dwelling in a specific context, indicating the need for judicial review based on appraisal discrepancies.
  [ID: c8223653-ff78-45eb-83a1-af89b923a20c] Reasoning: States that a mortgage was secured by a residential dwelling, providing context about the knowledge of the party involved, but lacks deeper interpretive value.
  [ID: 4b09aa2a-4145-414d-9def-f0348d488db1] Reasoning: Defines 'residential development' but does not add significant interpretive context or application beyond the definition itself.
  [ID: 05f396fd-c199-436e-9b6a-4fc0118acc85] Reasoning: Provides a definition of a tenant in relation to a residential dwelling, but does not elaborate on its application or implications.
  [ID: cdef89de-7fe8-4fee-b31e-557e534e3596] Reasoning: Mentions a limitation on the number of residential dwelling units, but lacks context on its implications or applications.
  [ID: 45089728-d075-4937-95ab-f11c85e11f69] Reasoning: Cites a case that distinguishes between commercial and residential leases, providing context for unlawful detainer proceedings.
  [ID: 756b04e9-18fc-47e5-9ee5-22fda4802275] Reasoning: Discusses the duty of a landlord regarding the inspection and repair of a residential dwelling, providing practical implications of the law.
  [ID: 20a9dbd0-787e-4c2e-a826-a97fa805c358] Reasoning: States a restriction on land use for residential dwellings, but lacks context on enforcement or implications.
  [ID: 011e8273-68f5-47a0-83f7-d0dc9ebd77ad] Reasoning: Mentions a tax exemption related to owner-occupied residential dwellings, but does not provide deeper analysis or context.
  [ID: 6fdbdfba-53ce-4268-821b-112266690dae] Reasoning: Defines a new subclassification of residential dwellings but does not provide further interpretive context.
  [ID: 360b1e59-5d6f-443e-af20-257d1cef00a4] Reasoning: Cites a case regarding landlord duties similar to a previous entry, providing context but not significantly different information.
  [ID: 76e7386f-9420-43df-84d4-a0a3e59a2090] Reasoning: Discusses property covenants restricting use to residential dwellings, providing context for land use regulations.
  [ID: b668c681-de33-46f8-b4ce-ea918ff8c75f] Reasoning: Mentions a realtor's experience with residential dwellings, but does not provide substantive interpretive value.
  [ID: d8c1f14f-7cd6-478d-a280-5ed38bb21a42] Reasoning: Describes a construction claim related to a residential dwelling, but lacks deeper legal implications or context.
  [ID: c3170b83-793d-4aeb-97ad-871b0e19dd50] Reasoning: Discusses the measurement of 'loss of use' claims in relation to residential dwellings, providing some interpretive context.
  [ID: eb2df822-5b13-460d-93c1-553f5944b91f] Reasoning: Describes restrictions on constructing residential dwellings based on ownership and permit requirements, providing regulatory context.
  [ID: 1f7df999-c3fa-4ba3-a6af-bf15ff2a85fe] Reasoning: Mentions a proposal for residential dwelling units, but lacks context on its implications or applications.
  [ID: c9940029-71b3-44e6-8486-7e21fe42a9ee] Reasoning: Discusses zoning and planning laws in relation to residential dwellings, but lacks specific interpretive depth.
  [ID: e4646923-0d00-4484-b3ab-c3d337e01f67] Reasoning: Mentions the ability to subdivide lots for residential dwellings, but lacks context on legal implications.
  [ID: 2d10fe17-9402-40a1-9063-382074e037fd] Reasoning: Mentions potential residential dwelling units in a subdivision proposal, but lacks context on its implications.
  [ID: 36be22d4-d6bd-47df-baf4-638bcd18fa79] Reasoning: Discusses a lease and entitlement to gas for a residential dwelling, but lacks broader interpretive context.
  [ID: c7d8093a-f56f-44fc-9850-42b295f834d4] Reasoning: Describes a mechanism for tenants to encourage repairs in residential dwellings, providing some practical implications.
  [ID: 683b1e52-5794-4d73-9cc9-00b6be86676b] Reasoning: Mentions zoning requirements for residential dwellings, but lacks specific interpretive depth or application.
  [ID: 8fcae693-fad6-4625-ad03-a500d9feba2b] Reasoning: Describes observations related to a residential dwelling but lacks legal relevance or interpretive value.
  [ID: cf6bf68e-e0f0-426c-b523-c01cb28c9735] Reasoning: States that a property is a residential dwelling with no commercial activity, but lacks deeper interpretive context.
  [ID: 8d52aa4c-4a44-499d-b8ee-73597583e161] Reasoning: Refers to a loan for constructing residential dwellings but does not provide any interpretive context or application of the term.
  [ID: 1ae5f53a-825a-4238-9f7d-7338daecd6fc] Reasoning: Mentions ownership of a residential dwelling but lacks any interpretive depth or application of the term.
  [ID: 10b5ecc3-d1a8-409c-90e5-2378f0679184] Reasoning: Discusses the obligation to repair damage to occupied residential dwellings due to subsidence, providing context for the term's application.
  [ID: 05eead3a-78ee-43ec-968d-b97a32998a37] Reasoning: Explains the scope of repair for damaged occupied residential dwellings, adding interpretive context to the term.
  [ID: 2c25a9eb-6bbf-413e-88b6-732cb097f215] Reasoning: Details compensation for damage to occupied residential dwellings, providing a clear application of the term.
  [ID: 5a035b29-090f-49d3-b2e4-84b573917c55] Reasoning: Describes a rebuttable presumption of damage caused to occupied residential dwellings, clarifying legal implications.
  [ID: 0858fc20-7d42-4883-8ca0-b4f3f67e2e79] Reasoning: Challenges a regulation regarding pre-subsidence surveys for occupied residential dwellings, indicating legal requirements.
  [ID: 415b4bb6-d119-4d24-a13c-63c718a72cf5] Reasoning: Discusses the permittee's obligations to minimize damage to occupied residential dwellings, providing critical interpretive guidance.
  [ID: d9e2f6e8-6260-4e0a-93b3-926a66d21e9b] Reasoning: Cites a regulation requiring mining companies to minimize damage to occupied residential dwellings, adding context to the term's application.
  [ID: db0a0af7-4c1a-47e3-9ecd-df63cc560c59] Reasoning: Direct quote of a statute regarding compensation for damage to occupied residential dwellings, providing no new interpretive value.
  [ID: d014699f-5f04-4e57-86d3-8efac316d9ea] Reasoning: Direct quote of a statute regarding compensation for damage to occupied residential dwellings, providing no new interpretive value.
  [ID: e56203eb-b82c-4f66-8093-47068839b3ea] Reasoning: Mentions 'home energy' in relation to residential dwellings but does not provide significant interpretive context.
  [ID: 1e7c4c2c-aef0-4397-8812-0ce4db4e47e4] Reasoning: Discusses licensing restrictions related to residential dwellings but lacks depth in interpreting the term.
  [ID: 0325fc1a-bebd-4c7a-81dc-27812b35683d] Reasoning: Mentions a challenge to an ordinance regarding residential dwellings but does not provide significant interpretive context.
  [ID: 4d976c09-686b-453d-8eba-49e9032a9ae8] Reasoning: Mentions restrictions on locating near residential dwellings but lacks depth in interpreting the term.
  [ID: 8b2886be-277e-44f6-853c-0092f4191cbf] Reasoning: States the construction of a residential dwelling but does not provide any interpretive context.
  [ID: bea90473-cbcb-4b7b-b5af-959b1bbaef2d] Reasoning: Discusses regulations regarding setbacks from residential dwellings but lacks depth in interpreting the term.
  [ID: f4e81423-7120-4231-b96b-4660b382cc4b] Reasoning: States that a property was a residential dwelling but does not provide any interpretive context.
  [ID: 80294a52-0d0d-4bb4-8443-0604771dc44c] Reasoning: Lists conditional uses in a zoning context, including residential dwellings, but lacks depth in interpreting the term.
  [ID: 1e04fa42-a112-4b5f-af57-9e9da43e9758] Reasoning: Describes a range of residential dwellings but does not provide significant interpretive context.
  [ID: 94bf8c59-8937-4960-8eff-2e1b2d1d7f51] Reasoning: Mentions ownership of a residential dwelling but lacks any interpretive depth or application of the term.
  [ID: 3a7b0b4e-f579-43d7-bbe0-3ed92ff388cc] Reasoning: States a contract for the construction of a residential dwelling but does not provide any interpretive context.
  [ID: 20658ef9-3045-40a2-8ecc-604a73787c6e] Reasoning: Mentions a warranty deed related to a residential dwelling but lacks any interpretive depth.
  [ID: fba29280-e132-4ab8-883a-b1917ddf63f0] Reasoning: States that the construction of a residential dwelling cannot be reconciled with the sale of goods but lacks depth in interpretation.
  [ID: 3b7fbf33-f90d-4258-8393-c0032642734f] Reasoning: Describes a parcel consisting of a residential dwelling but does not provide any interpretive context.
  [ID: 1d998d43-eccd-4ef2-a2eb-5384991b45d8] Reasoning: Describes a specific case where variances allow construction of a residential dwelling, providing context for how zoning laws can affect property use.
  [ID: fe3b6fe2-8779-4311-b40c-656ad390626c] Reasoning: Explains how participants in a clean and green program can utilize land for residential purposes, adding context to the application of residential dwelling definitions.
  [ID: 96e0dab2-6fca-4973-a664-81af08986f67] Reasoning: Discusses a legal case that clarifies the commercial nature of vehicle storage in a residential dwelling, providing interpretive context on residential use.
  [ID: 6f50dedf-e89c-41b8-ab68-d49c1b97630a] Reasoning: Mentions a specific case of constructing a single-family residential dwelling, but lacks deeper interpretive context.
  [ID: 7d10a6b0-986f-4079-9abd-a5978fc2c371] Reasoning: Discusses limitations on federally related loans for residential dwellings, but does not provide significant interpretive context.
  [ID: 5fd0648f-6dc3-4252-a08c-01ffe95658db] Reasoning: States ownership of a two-family residential dwelling, but does not provide any interpretive context or application.
  [ID: 147f33b6-d729-4178-98ec-7ea35460b284] Reasoning: Mentions disclosure mandates for residential dwellings but lacks deeper interpretive context or application.
  [ID: 3eb84089-c2f4-4b25-b103-6163ff2a6019] Reasoning: Discusses the suitability of a structure as a residential dwelling in a specific case, providing context for legal interpretation.
  [ID: 7a08d09f-844e-4c25-811a-36144de2615f] Reasoning: Describes a property purchase requiring multiple lots for a residential dwelling, but lacks deeper interpretive context.
  [ID: b98a2936-9e66-481f-9a53-4b6f7f98d19e] Reasoning: States ownership of a one-family residential dwelling, but does not provide any interpretive context or application.
  [ID: 897df3e3-7afa-42dd-ae74-47a2c7e2cab9] Reasoning: Describes a criminal case involving unlawful entry into a residential dwelling, providing context for legal interpretation.
  [ID: 043690bb-b2dc-4c8f-ac9c-ab2721a30c42] Reasoning: Discusses a proposal to subdivide property for residential dwellings, providing context for land use and development.
  [ID: c477b7a5-004c-4032-96ea-f0649577154d] Reasoning: Mentions a two-unit residential dwelling but lacks deeper interpretive context or application.
  [ID: 654fcff6-6809-428a-983a-bf82adc3de45] Reasoning: Describes a legal proceeding regarding a variance for a single-family residential dwelling, providing context for zoning law application.
  [ID: 82fe178c-5ffa-4aad-b093-f28e585045fc] Reasoning: States that a building ceased to be used as a residential dwelling, but lacks deeper interpretive context.
  [ID: ff3299d4-51e3-4261-804b-bf9061358665] Reasoning: Discusses restrictions on residential use but does not provide significant interpretive context.
  [ID: c41c84d4-cf24-40c6-bde8-f3fe296abc61] Reasoning: Mentions covenants for residential use but lacks deeper interpretive context.
  [ID: 3c31b0cf-fd12-46b4-b1b6-d72594a79344] Reasoning: States that property may be improved only by a single-family residential dwelling, but lacks deeper interpretive context.
  [ID: bcd86a9f-0de7-4129-9d6b-c862753aa4fe] Reasoning: Discusses installation of HUD-code manufactured homes as residential dwellings, providing context for regulatory application.
  [ID: ff7b7749-a7d5-4cef-af83-41e0036cd26c] Reasoning: Describes the approval process for installing a HUD-code manufactured home as a residential dwelling, providing regulatory context.
  [ID: be7f1661-da39-4ec5-9799-a3801948f613] Reasoning: Mentions landscaping and architectural design in relation to residential dwellings, but lacks deeper interpretive context.
  [ID: 7eb300f9-d5a1-463f-99f5-d052b8d4cc6a] Reasoning: Discusses the purpose of a zoning district in relation to residential dwellings, providing context for zoning law application.
  [ID: 51136cef-c207-4721-8fe6-83c7beed7b7a] Reasoning: States intent for buildings to be compatible with residential dwellings, but lacks deeper interpretive context.
  [ID: a0a80357-d3e8-46bd-b299-bc341f397ec7] Reasoning: Describes a construction contract for a single-family residential dwelling, providing context for contractual obligations.
  [ID: afe0fc37-6c62-4bec-8cad-9f0ca1a443c4] Reasoning: Mentions a contract to build a residential dwelling but lacks deeper interpretive context.
  [ID: 2c50cce9-c69a-4b8d-bee0-7bcc6e5e74dc] Reasoning: This sentence states a general understanding about residential dwellings but does not provide any legal context or application related to the term.
  [ID: 412ad290-bf14-48b9-8d71-2cc5a6e338ed] Reasoning: This sentence simply asserts that an apartment qualifies as a residential dwelling without any further legal context or implications.
  [ID: 96a7fd2a-5b8c-4468-843a-05922d5306ea] Reasoning: This sentence mentions a residential dwelling in the context of a policy but does not elaborate on its legal significance or implications.
  [ID: 71187cce-aa4d-4011-b9b4-63f791c828db] Reasoning: This sentence references a case that discusses liability related to lead-based paint in a residential dwelling, providing a specific legal application of the term.
  [ID: c411a4b1-d114-49d4-ba5c-d4ea89b40be9] Reasoning: This sentence discusses zoning for two-family residential dwellings but lacks depth in legal interpretation or application.
  [ID: 20405ebd-24a6-40e0-95d2-7b4dce1f98c9] Reasoning: This sentence describes a subdivision plan for residential dwelling lots but does not provide legal context or implications.
  [ID: db651105-27f9-49db-be72-b5f2bd28e4d0] Reasoning: This sentence discusses community consensus regarding residential dwellings but does not provide legal analysis or implications.
  [ID: 90b3525f-5acc-4e7d-bcb8-fe77af6a395b] Reasoning: This sentence discusses a complaint related to a residential dwelling, indicating a legal dispute but lacks depth in legal interpretation.
  [ID: b630b6c7-818c-42da-a09f-c02edab424e4] Reasoning: This sentence discusses liability under the Workers' Compensation Act in relation to a single-family residential dwelling, providing a specific legal context.
  [ID: cbcd010e-0ae1-4cfe-91d4-bce4b0aaf61e] Reasoning: This sentence describes a development project involving residential dwellings but does not provide legal context or implications.
  [ID: eabd78fb-7a1a-46e1-a10e-3429c31b3409] Reasoning: This sentence references a case regarding zoning for a foster home, providing a legal interpretation of residential dwelling use.
  [ID: c955e770-49b2-4e38-b6cc-403db5fae0cf] Reasoning: This sentence discusses the legal nature of agreements for residential dwellings, providing a clear legal context.
  [ID: 5e987106-050b-4ad7-9f72-4649767f8a37] Reasoning: This sentence discusses a tax requirement for residential dwellings but does not provide significant legal context or implications.
  [ID: d86a6dc4-e12b-4e18-b183-6ed33891cecb] Reasoning: This sentence discusses permissible uses in a zoning district but lacks depth in legal interpretation or application.
  [ID: f11246e2-e61a-4376-8b0c-dbfd53c74f38] Reasoning: This sentence discusses permitted uses in a zoning district but does not provide significant legal context or implications.
  [ID: 03f280e1-575a-4e30-9ede-bc9727417e8e] Reasoning: This sentence states that a use is permitted as a single-family residential dwelling but lacks depth in legal interpretation.
  [ID: 1dc19b9d-f0a5-4e5b-bf2b-fd514d967cd3] Reasoning: This lengthy sentence provides a detailed description of the surrounding area and its residential uses but lacks a clear legal application or interpretation.
  [ID: bab4102c-16f6-4b5b-a59f-f3518c3d83cf] Reasoning: This sentence describes a farm consisting of a residential dwelling but does not provide legal context or implications.
  [ID: cb2d83e2-a4ba-475a-bcb1-96743907552f] Reasoning: This sentence mentions residential dwellings in a factual context but does not provide legal analysis or implications.
  [ID: ff2cdbef-1f8b-4988-bb68-b62d14ccdeb0] Reasoning: This sentence discusses lead-based paint notifications for residential properties, providing a specific legal requirement related to residential dwellings.
  [ID: 3137cd38-0dec-42c2-9e78-b5c5944dc33e] Reasoning: This sentence discusses federal tax credits for building residential dwellings, providing a specific legal context.
  [ID: 7c36e952-db00-4b4a-9194-84f5e4ea7d33] Reasoning: This sentence discusses zoning classifications for residential dwellings, providing a specific legal context regarding land use.
  [ID: 298249c1-adba-4974-b233-4b6a7c06e034] Reasoning: This sentence discusses building code requirements for residential reuse, providing a specific legal context regarding health and safety standards.
  [ID: 67f6cb0d-cf53-4ec2-9ddd-854f62cffc99] Reasoning: This sentence discusses the benefits tenants receive from occupying residential dwellings, providing context for tenant rights and regulations.
  [ID: 59a556b8-555d-4bed-9158-edb609e0da97] Reasoning: This sentence discusses maintenance assessments for single-family residential dwellings, providing a specific legal context regarding property ownership.
  [ID: ed6e6bf5-8d50-49c4-92f9-dd15777f0ffa] Reasoning: Mentions 'single family residential dwellings' in the context of zoning but does not provide any new interpretive context or application.
  [ID: 7a9733fb-844c-4405-8e23-5e1ff13d704e] Reasoning: Discusses the potential market for residential lots but lacks deeper interpretive analysis or application of the term 'residential dwelling'.
  [ID: bba10d0a-fd89-4563-befc-092b408689e3] Reasoning: States a fee calculation based on residential dwelling units but does not elaborate on the implications or context of this calculation.
  [ID: a6078cd5-e2bd-4646-8ce7-28db2d1f6fbd] Reasoning: Mentions residential dwellings in a restrictive context but does not provide any interpretive depth or application.
  [ID: 31ce854e-4706-42cc-ae83-38046ec62622] Reasoning: Discusses the duty to build a residential dwelling safely, providing context on construction standards but lacks specific legal interpretation.
  [ID: 84c8fb8c-bba6-48c3-8709-b28ab3792071] Reasoning: Mentions the abrogation of a common-law rule for residential leases, providing some legal context but lacks depth in application.
  [ID: 2a62ad51-9d24-4936-af39-7550122284c2] Reasoning: Describes a specific zoning decision regarding residential dwelling lots, providing context on municipal authority but lacks broader interpretive value.
  [ID: ce14ac66-d423-4284-9233-136cc6a5156a] Reasoning: States a prohibition on improving a residential dwelling unit but does not provide further context or implications.
  [ID: b74f59b2-1b97-4e06-97d2-21c9f2b51288] Reasoning: Discusses a proposed ordinance affecting multiple-unit residential dwellings, providing some context but lacking deeper legal analysis.
  [ID: d0c4c160-8f69-4bcd-8bef-deae6e03107d] Reasoning: Mentions open space requirements per residential dwelling unit, providing some regulatory context but lacking interpretive depth.
  [ID: 58a735c5-490d-4ec3-87cc-2f7152f95b86] Reasoning: A simple statement about a contract for a single family residential dwelling, providing no additional context or interpretation.
  [ID: a51689b4-76e6-4658-a23e-db0ae5e267c4] Reasoning: C&B's reliance on a statute regarding residential dwellings provides some context but lacks deeper interpretive analysis.
  [ID: daddee9b-b8a1-4dea-8823-25ea5b12661d] Reasoning: Cites a court's exception for residential dwelling contracts, providing some legal context but lacking depth in application.
  [ID: bdc47751-4e4f-4f24-af2a-06c801e922e3] Reasoning: Describes specific contracts excluded from a statute, providing relevant context but lacking deeper interpretive value.
  [ID: c005a8c8-cb94-42b7-b311-94c3b7605081] Reasoning: Cites a bankruptcy court's interpretation of a statute regarding residential dwellings, providing some legal context but lacking depth.
  [ID: 4f2ea4ee-9ae1-47f9-83e0-7df7db109b9d] Reasoning: Describes a zoning application with specific residential dwelling unit counts, providing context but lacking deeper interpretive analysis.
  [ID: bfd9010f-5e26-41db-9de2-7296391fe840] Reasoning: Addresses a court's observation on zoning requirements for residential dwellings, providing some interpretive context but lacking depth.
  [ID: 1e061972-82de-4842-a246-c912ec9da3d4] Reasoning: Mentions the Planning Board's intention regarding residential dwellings but lacks further interpretive context or application.
  [ID: d0ad2cf6-3bc2-4dd6-af48-85e922fd0c6e] Reasoning: Describes alterations to residential dwellings under specific conditions, providing some regulatory context but lacking deeper analysis.
  [ID: 6f30988f-0cc6-43e2-9d97-c059cc5e0728] Reasoning: Discusses security deposits for residential dwelling units, providing some context but lacking deeper interpretive value.
  [ID: 1d851a1e-b957-4626-aee1-4e3ddfce9301] Reasoning: Cites a statute regarding landlord duties for residential dwelling units, providing some legal context but lacking depth in application.
  [ID: e4ec880d-e6fc-4346-a66b-a60f07b923de] Reasoning: Defines a builder in the context of constructing residential dwelling units, providing some context but lacking deeper interpretive analysis.
  [ID: 35f0ef16-8ad2-4b08-a247-9a397a00871a] Reasoning: Discusses tenant mechanisms for addressing defects in residential dwelling units, providing some context but lacking deeper legal analysis.
  [ID: 5324dabc-7656-4e70-81e8-11ff29750c00] Reasoning: Mentions seasonal residential dwellings but does not provide additional context or interpretive depth.
  [ID: 29b40fec-82b0-471c-9ce2-051a5db27e41] Reasoning: Describes a specific condition for a redemption period related to residential dwellings, providing some context but lacking deeper interpretive analysis.
  [ID: 57cd6de4-b42c-4e07-8f06-2c743d51bfd4] Reasoning: Defines 'agent' in the context of selling or leasing a residential dwelling but does not provide additional interpretive context.
  [ID: 6461d0f7-2de6-49bf-96c8-6642efb24aeb] Reasoning: Discusses the conditions under which an agent may lose immunity related to lead-based paint maintenance in a residential dwelling, adding context to the responsibilities of agents.
  [ID: 5c128c0e-eef9-4f50-855f-609c5e2b46f9] Reasoning: Explains the interpretation of 'agent responsible for the maintenance of a residential dwelling' in a legal context, indicating a specific application of the term.
  [ID: 10b55b1f-55d2-4ab1-aa30-8e31c6167f6c] Reasoning: Contrasts two interpretations of agent responsibilities regarding maintenance and compliance, providing insight into legal arguments surrounding the term.
  [ID: 47b1a48c-24a0-4519-98ec-247433627ac2] Reasoning: Describes the immunity from liability for agents under specific conditions related to lead poisoning in residential dwellings, adding practical implications.
  [ID: 1a36bb27-9d01-4cc6-8ed8-a25a2061868a] Reasoning: Similar to the previous sentence, it discusses liability protections for owners and agents under the same act, providing context for legal responsibilities.
  [ID: d3557223-61d0-47d0-889d-70ccdce48a98] Reasoning: Mentions a specific construction project involving a residential dwelling but does not provide legal context or interpretation.
  [ID: 92796cf0-f5f6-44ad-80c3-9d56271fc0bc] Reasoning: States a historical fact about the duty to install smoke alarms in residential dwellings, lacking interpretive depth.
  [ID: 34cf6773-94e8-4335-9385-123a1384c964] Reasoning: Discusses statutory duties regarding smoke detectors in residential dwellings but does not add new interpretive information.
  [ID: 0d597372-2685-4040-be1b-9ff80ba66f92] Reasoning: Describes a requirement for garbage disposal services in residential dwellings, but lacks legal interpretation or context.
  [ID: 8baa7e72-d2a5-471c-806a-6bf182479ff9] Reasoning: Mentions zoning regulations related to residential dwellings but does not provide specific interpretive context.
  [ID: 590479e8-e905-4ee4-ad9c-441121a0b229] Reasoning: Defines EDU in relation to residential dwellings but does not provide additional interpretive context.
  [ID: c0188b73-a8e6-4ce9-bcd1-5c00ed931059] Reasoning: Describes a development project involving residential dwellings but lacks legal interpretation or context.
  [ID: 04fad385-06fa-4204-8f29-85b77d4e684c] Reasoning: Discusses property tax assessments for residential dwellings but does not provide interpretive context.
  [ID: b0531bce-c3c9-4c4f-8264-44ac9ddf701c] Reasoning: Mentions a potential hazard related to a tower and residential dwellings but lacks legal interpretation.
  [ID: c0161652-6526-48e5-bb5f-7278db1ca4e3] Reasoning: Notes a case that does not involve residential dwelling units but does not provide interpretive context.
  [ID: bbb849de-3a0e-416f-8468-205391e88467] Reasoning: Discusses connection fees for residential dwelling units but lacks interpretive depth.
  [ID: e65757c4-1132-4026-b0ba-d5ce5b7807b1] Reasoning: Mentions the estimated value of a residential dwelling but does not provide legal context or interpretation.
  [ID: 493580bb-b4d7-41bb-9b1c-30cfbe536ded] Reasoning: Similar to the previous sentence, it discusses the value of a residential dwelling without legal context.
  [ID: 5bda53b3-e9c3-4355-89ee-5a6c1ceccfb9] Reasoning: Provides comparative estimates of residential dwelling values but lacks legal interpretation.
  [ID: ad1b16bf-e4df-437f-a8e4-6962e8680d77] Reasoning: Describes a parcel of land with residential dwellings but does not provide legal context or interpretation.
  [ID: bd8d65f1-84ba-4242-ab52-80c772f41c57] Reasoning: Mentions zoning regulations related to residential dwellings but lacks specific interpretive context.
  [ID: 2e463e26-7817-4338-9eb0-f6ecc3ab5212] Reasoning: Discusses home occupations associated with residential dwellings but does not provide legal interpretation.
  [ID: 06857750-2373-4c56-9a94-c947e0580598] Reasoning: Cites a section of the MPC regarding zoning ordinances but does not provide additional interpretive context.
  [ID: 5c888f09-e1a1-4e7e-bdca-90c023feb129] Reasoning: Describes the deterioration of lead-based paint in residential dwellings but lacks legal interpretation.
  [ID: 817a300a-3f48-4d8e-907a-683ced6d773d] Reasoning: Discusses a specific case where the Board's findings regarding a residential dwelling's lot size are challenged, providing context for the application of the term.
  [ID: 67042ed0-e36c-4a19-819b-ee298c2c3836] Reasoning: States a minimum lot size requirement for residential dwellings, but does not provide additional interpretive context or application.
  [ID: 72a95a2f-2aa1-48d1-a4e1-f0ab0436bea8] Reasoning: Mentions the construction of two residential dwellings but lacks depth in legal interpretation or application.
  [ID: 7d920b8c-1962-45fc-a3dd-4293f5a1a3c1] Reasoning: References a case involving a residential dwelling and landlord obligations, but does not clarify legal principles or implications.
  [ID: 25e72238-9114-42a9-a756-35bbf52b17fa] Reasoning: Describes ownership of a residential dwelling in a personal context, lacking legal relevance or interpretive depth.
  [ID: 4a00151d-de9f-467e-ab29-13544df6bb80] Reasoning: Discusses the impact of a residential dwelling on a condemnation proceeding, providing context for legal valuation issues.
  [ID: 92248631-448d-4a88-8d90-6980bbfed0ff] Reasoning: Compares economic waste rules between commercial buildings and residential dwellings, providing interpretive context.
  [ID: 0a3f9a74-fae2-40c5-8ae3-2cf6bdeca5c7] Reasoning: Discusses the definition of residential dwellings in relation to mobile homes, adding interpretive context to the term.
  [ID: 5f2d655d-30fd-41a2-b93c-8787e1ebddd6] Reasoning: Describes renovations to a boathouse to make it a residential dwelling, but lacks broader legal implications.
  [ID: f09293eb-34da-4b53-91f9-fc9f9b5bfbe0] Reasoning: Mentions an ordinance violation regarding the conversion of structures into residential dwelling units, providing some legal context.
  [ID: b6e35b54-8d6d-4c74-af37-b56f00ca047a] Reasoning: Discusses the use of a boathouse as a residential dwelling in a legal context, providing relevant interpretive information.
  [ID: 2aaf3cbf-1f85-4686-a701-eeb95f5aaf13] Reasoning: Mentions the removal of a residential dwelling in a legal context, but lacks depth in interpretation.
  [ID: 0ac6fe8d-029e-461d-b18b-fbfd6443727d] Reasoning: Discusses the LAPD's use of force in relation to residential dwellings, providing context for legal standards.
  [ID: 7a2506ee-c66a-4b89-b9f7-2d690fbd6818] Reasoning: Mentions single-family residential dwellings under government jurisdiction, but lacks interpretive depth.
  [ID: cfdb2347-3b62-431b-b6d2-33c86476fc7f] Reasoning: Describes the purpose of cluster development in relation to residential dwellings, providing some interpretive context.
  [ID: 7b870d8b-487a-4f10-b6fc-029c8355075e] Reasoning: Discusses the use of a residential dwelling for a medical treatment facility, providing context for zoning or use regulations.
  [ID: c9a39464-1887-487c-ae1f-b5e0f59578f2] Reasoning: Mentions traffic generation factors related to residential dwelling units, but lacks broader legal implications.
  [ID: bc1eb001-ec50-476b-8c1c-66aa65b9362f] Reasoning: Describes existing development including residential dwelling units, but lacks interpretive depth.
  [ID: 6097f250-3c92-4b0a-a645-622f68f92245] Reasoning: Discusses future development plans including residential dwelling units, but lacks specific legal implications.
  [ID: 7cb072a1-dfde-4d73-8005-6405ab24b861] Reasoning: Discusses the constitutionality of statutes prohibiting picketing of residential dwellings, providing relevant legal context.
  [ID: f8400958-d467-4640-991f-d81588084700] Reasoning: Mentions conditions under which a residential dwelling may be constructed, providing some legal context.
  [ID: dc4fe1a6-1c4c-42db-9046-d762b06ba49e] Reasoning: Mentions exceptions for projects involving residential dwellings, but lacks depth in legal interpretation.
  [ID: 5cfb29e0-c0b6-46fb-9dfc-1514a5f2dcb7] Reasoning: Discusses compliance with an ordinance regarding single-family residential dwellings, providing some interpretive context.
  [ID: 640b9f09-e0e3-48f8-919e-e488319cf743] Reasoning: Mentions difficulties in securing financing for residential dwellings, but lacks broader legal implications.
  [ID: 019aa40e-f900-44b2-8635-b53a2bfbf1d6] Reasoning: Describes conditions for re-establishing two-family residential dwellings, providing some legal context.
  [ID: c073092a-c33f-4044-a2df-c328bbf7d453] Reasoning: This sentence discusses zoning code requirements but does not provide any interpretive context regarding 'residential dwelling' itself.
  [ID: 118b84dd-c72d-49c0-b64a-86972e31cc2b] Reasoning: This sentence critiques a legislative classification related to residential dwellings, indicating a legal interpretation but lacks depth in explaining 'residential dwelling'.
  [ID: 2d905eab-13bd-4747-94eb-411f7314563b] Reasoning: This sentence provides a specific legislative requirement regarding the disclosure of UFFI in residential dwellings, adding context to the term's application.
  [ID: dbc60eab-df25-4220-a7af-bf5c8bbc6dc2] Reasoning: This sentence describes a practical application of residential dwellings in a specific development context, providing useful information about access and planning.
  [ID: 7a90d7ca-f662-4511-84a4-2f983a0f7750] Reasoning: This sentence discusses the impact of a proposed drainage basin on residential dwellings, providing context about community concerns but lacks depth on the term itself.
  [ID: 9d02a9b8-40b6-4d6c-962d-f98d6cdd8377] Reasoning: This sentence references a legal decision regarding the classification of residential dwellings, providing interpretive context that could clarify legal standards.
  [ID: e4568174-d61d-40d1-8c3b-fad801370802] Reasoning: This sentence defines an accessory apartment as a type of residential dwelling, providing clarity on what constitutes such a dwelling.
  [ID: 964934ce-1d51-4ddc-9006-9004227f19d4] Reasoning: This sentence discusses the financing of residential dwellings, providing context about development but lacks depth on the term itself.
  [ID: 54de6da1-2acd-44c3-a13f-84eabfe6930c] Reasoning: This sentence describes the proximity of antennas to residential dwelling units, which is relevant but does not provide deeper interpretive context.
  [ID: c89bd546-31ad-4cc3-b695-b13be6ba0aef] Reasoning: This sentence describes the zoning context in which residential dwellings are included, but does not provide specific interpretive value regarding the term.
  [ID: d63de23e-9c77-470c-b487-85359cd8fcc8] Reasoning: This sentence discusses zoning requirements for a residential dwelling, providing context but lacking deeper interpretive analysis.
  [ID: 4eabc0ce-500c-44e8-9e29-41501d8e3b81] Reasoning: This sentence discusses a variance application for a residential dwelling, providing context about legal processes but lacking depth on the term itself.
  [ID: 656b2a57-99c9-4ecb-afb2-740f76b9cb6f] Reasoning: This sentence describes the construction of a residential dwelling, providing context but lacking deeper interpretive value.
  [ID: 7bacc0d7-94e8-4bb5-a680-b63de2439345] Reasoning: This sentence states that plaintiffs are contractors for residential dwellings, which is a factual statement with minimal interpretive value.
  [ID: 8712e743-2dde-42de-b797-0486aff2d93d] Reasoning: This sentence describes a contract for the construction of a residential dwelling, providing context but lacking deeper interpretive analysis.
  [ID: 5056f9bb-9bfd-44ed-918a-a955bac7e1fc] Reasoning: This sentence discusses lead paint in residential dwellings, providing context about safety regulations but lacking depth on the term itself.
  [ID: d3b48b68-9105-4f08-a1ed-fdfea3e43ba3] Reasoning: Similar to the previous sentence, this discusses lead paint in residential dwellings, providing context but lacking deeper interpretive value.
  [ID: 2cb7054e-42ec-46bd-bbf1-6f483449bbb8] Reasoning: This sentence discusses exemptions for residential dwellings in development contexts, providing useful information about regulatory frameworks.
  [ID: 2c9b5426-66bb-493f-a431-0bf95e22234c] Reasoning: This sentence discusses the role of a receiver in maintaining a residential dwelling, providing context about legal responsibilities.
  [ID: 058f07d6-a4f4-4b37-9b76-429d5c8114ca] Reasoning: This sentence discusses special permits for constructing residential dwellings in a flood plain, providing context about regulatory requirements.
  [ID: 12953464-8026-44ae-aa1d-942b2c672bb9] Reasoning: This sentence states that construction of new residential dwellings is prohibited without a special permit, providing regulatory context.
  [ID: 983c2543-59ea-40de-96a6-309a8cc57000] Reasoning: This sentence discusses the requirements for constructing residential dwellings in a flood plain, providing important regulatory context.
  [ID: 21d1331e-9390-4687-a718-c59e3593c2bc] Reasoning: This sentence discusses the local building inspector's determination regarding residential dwellings, providing context about regulatory processes.
  [ID: a5dd9feb-e7b9-48b4-89af-db53e65e0e95] Reasoning: This sentence states that an occupant of a residential dwelling receives protection under the Anti-Eviction Act, providing legal context.
  [ID: de138283-769f-4308-9929-efadc23d1d41] Reasoning: This sentence discusses subdivision approval for a residential dwelling, providing context about property development but lacking depth on the term itself.
  [ID: 015818e0-fc9e-4b56-a804-ee56f133b259] Reasoning: This sentence describes a contract for the construction of a residential dwelling but does not provide any interpretive context or application of the term.
  [ID: f4731d6b-e9d6-400a-bb07-e3f817322d7b] Reasoning: This sentence discusses a court's determination regarding an ordinance requiring fire sprinkler systems in new residential dwellings, providing context on regulatory requirements and their implications.
  [ID: edd05914-29eb-4ffd-a147-ce5bcf3a6585] Reasoning: This sentence explains a specific provision regarding mortgage interest on residential dwellings, adding clarity to the application of the term in financial contexts.
  [ID: e6e1eda9-c7d0-4a48-aeb7-e31ab8619e58] Reasoning: This sentence is a direct quote of a statute regarding interest on loans secured by residential dwellings, providing no new interpretive value.
  [ID: 3f4ae528-e102-4e2a-a6ed-1fce89ef99ea] Reasoning: This sentence discusses the Costa-Hawkins Act and its implications for vacancy decontrol in residential dwelling units, providing important context for understanding tenant rights.
  [ID: e31a6123-95e7-471c-8c6d-65db16c97fc5] Reasoning: This sentence is a fragment that does not provide any context or application of the term 'residential dwelling', thus lacking interpretive value.
  [ID: 45f326a6-3386-4c7d-af9f-594eb84613c7] Reasoning: This sentence outlines the types of residential dwelling units permitted for construction for the elderly, providing specific regulatory context.
  [ID: 1fd6da62-6238-4c87-8243-1aba84ca8cd5] Reasoning: This sentence describes a series of events related to the construction of residential dwellings but does not provide any interpretive context or application.
  [ID: 8a6eac11-5754-4a01-b07e-6b449f25eeea] Reasoning: This sentence describes a permit application for building a residential dwelling, but lacks interpretive depth or context.
  [ID: 3d8f50af-82f9-4119-9b5f-ec6787550742] Reasoning: This sentence is a direct quote regarding authorization to occupy a residential dwelling, providing no new interpretive value.
  [ID: 470fdec4-047f-4c8d-809e-af3bc00af85b] Reasoning: This sentence discusses financial obligations related to a residential dwelling but does not provide interpretive context or application.
  [ID: 82e9b787-e094-4794-8d35-82ec074449ed] Reasoning: This sentence is a repeat of a previous quote regarding authorization to occupy a residential dwelling, providing no new information.
  [ID: 6dece15d-85ae-49a4-b481-40cded2a9b99] Reasoning: This sentence describes a partial taking of residential property but does not provide any interpretive context or application.
  [ID: 1cda7c04-48a2-4e7d-bcaa-f1b68eaf098c] Reasoning: This sentence discusses exceptions to a regulatory framework for residential dwellings but lacks depth in its interpretive context.
  [ID: 8a85846f-7c4f-4915-a556-ab5dca483888] Reasoning: This sentence discusses a requirement to prove the use of a parcel for residential dwellings, providing some context for legal interpretation.
  [ID: e3c25099-5b8c-4116-8618-e6a5358936cf] Reasoning: This sentence indicates a lack of evidence for a restriction on the use of a parcel for residential dwellings, which could clarify legal interpretations.
  [ID: af407b07-4b41-45cd-82d4-73375b7dd551] Reasoning: This sentence discusses a zoning appeal related to a building permit for a single-family residential dwelling, providing context for zoning laws.
  [ID: b19f67bc-bf6b-4da4-abe6-e67adafaf1c4] Reasoning: This sentence provides factual information about the area and frontage of a residential dwelling but lacks interpretive depth.
  [ID: 5e8c34c8-8525-4146-abe8-19a69523f689] Reasoning: This sentence discusses development fees for residential dwelling units, providing some regulatory context.
  [ID: 261feb3f-1820-418b-bbbd-69e77f4c4cb3] Reasoning: This sentence addresses a seller's duty to disclose termite damage in a residential dwelling, providing important context for property transactions.
  [ID: cc1eb342-1dcd-4b80-b002-b746dbea5a9c] Reasoning: This sentence states that no deficiency action may be maintained if the trust property is a residential dwelling, providing legal context.
  [ID: 38cb4974-6505-434b-a871-ddda605a9fab] Reasoning: This sentence provides a definition of a residential dwelling in terms of sewer units, but lacks broader interpretive context.
  [ID: b7f46436-2398-4c25-93d8-c7bd0f0cad23] Reasoning: This sentence discusses utility service notifications related to residential dwellings, providing some context for utility regulations.
  [ID: 83e2ce30-edc6-40c0-b9e5-b5deea279179] Reasoning: This sentence describes a utility company's right to apply for receivership related to a residential dwelling, providing legal context.
  [ID: d738dbbb-a59f-4ca3-86fc-759ab197ccbf] Reasoning: This sentence outlines conditions under which service may not be terminated to a residential dwelling, providing important regulatory context.
  [ID: 2f10d1b7-5835-4251-959c-c6853a0c61c3] Reasoning: Describes a court judgment regarding a residential dwelling and its curtilage, but does not provide any interpretive context or application of the term 'residential dwelling'.
  [ID: ae2417ca-e84a-4729-8f0e-17f5cd012305] Reasoning: Mentions the definition of 'residential real property' but does not elaborate on its implications or applications, providing minimal interpretive depth.
  [ID: b7a06b67-416b-491e-998e-f2ad8deaf48e] Reasoning: A direct quote of the definition of 'residential real property', offering no new information or context beyond the statutory text.
  [ID: 78d6cbf1-54e4-48d4-aa8f-a7d6fc3e75ca] Reasoning: Discusses setbacks for residential dwellings in relation to an ordinance, providing context on how 'residential dwellings' are treated under zoning laws.
  [ID: bddab984-3950-4ea2-bde2-9fc00e20b6b4] Reasoning: States a need for residential dwellings but does not provide any interpretive context or application, making it largely redundant.
  [ID: db2ca634-55ee-46e5-bacf-8fc07139c31b] Reasoning: Mentions a property sale contingent on zoning for multiple occupancy residential dwellings, indicating a practical application of zoning laws.
  [ID: cc62a9f9-14bb-415f-9309-b77a47f1ed83] Reasoning: Discusses tax classification favoring ready-for-occupancy residential improvements, providing insight into legislative intent and application.
  [ID: 588423c4-f300-4fef-b0bd-b77e2f4f42e2] Reasoning: Explains how tax incentives are provided for ready-to-occupy residential dwellings, adding context to the economic implications of the term.
  [ID: 60bd1c2c-5aeb-4369-99fc-7c3684966ac9] Reasoning: Identifies a developer of single-family residential dwellings, but lacks deeper interpretive context or application.
  [ID: 32693b9a-b7d3-4b93-ac51-e28b622b539b] Reasoning: Mentions residential dwelling density in a specific context, but lacks depth in explaining its implications.
  [ID: 5eebda04-5ff1-41c3-a6b1-2e10ad35a3a5] Reasoning: Discusses parcelization correlating with residential dwelling density, providing some context but lacking detailed interpretive depth.
  [ID: 614b7146-2759-4446-9ff7-6eb1ca9025c2] Reasoning: Describes improvements made by lessees through construction of residential dwellings, but lacks deeper interpretive context.
  [ID: f68fa3f5-4559-44d3-8659-afcb88b3ca91] Reasoning: Cites a case involving a construction firm of residential dwellings, but does not provide significant interpretive context.
  [ID: e605dd9a-9e06-4191-85b0-88b28830c4c1] Reasoning: Discusses a court's review of a municipal tax on residential dwellings, providing context on legal interpretations of taxation.
  [ID: 0a53e166-c880-4783-9b88-453b17e33ae3] Reasoning: Mentions the location of residential dwellings but does not provide any interpretive context or application.
  [ID: 773eccee-2790-4903-988a-6aad23229591] Reasoning: Discusses community growth and development of residential dwelling types, providing some context but lacking depth.
  [ID: 8582bedb-01de-42c5-98ca-05a22bcf9145] Reasoning: Describes a court's findings regarding a proposed dwelling's compliance with safety and utility requirements, providing practical implications.
  [ID: 3ecfa239-cda7-40bb-bbbf-ef1a491c54b0] Reasoning: Describes the types of residential dwellings in proximity to a property, but lacks deeper interpretive context.
  [ID: fe3bb00a-7633-4c76-9d7d-8c7d91c87b94] Reasoning: Identifies ownership of a residential dwelling but does not provide any interpretive context or application.
  [ID: 9b10b662-417c-4981-90db-10666b635279] Reasoning: Discusses a trial court's decision regarding a variance for a nonconforming lot for residential dwellings, providing context on zoning law applications.
  [ID: 5fbd3f76-0c21-4d59-ae6d-66f8d0d14646] Reasoning: Mentions a loan agreement for purchasing a residential dwelling, but lacks deeper interpretive context.
  [ID: 0c37566e-3c0f-4d75-83f7-56c25456e738] Reasoning: Describes an escrow arrangement for a residential dwelling purchase, but does not provide significant interpretive context.
  [ID: bff992f7-f062-43a3-ba5a-370dfa020c82] Reasoning: Describes zoning requirements for single-family residential dwellings, providing context on regulatory standards.
  [ID: e338f697-cb9b-4b4a-8897-832ee157a7d6] Reasoning: Mentions an ordinance that does not apply to completed residential dwelling units, providing context on regulatory exclusions.
  [ID: 01a5ea2e-9b22-4f32-a69b-f1ecc9f00e0b] Reasoning: Cites insurance coverage for multiple residential dwellings, but lacks deeper interpretive context.
  [ID: eab71b1d-3c34-480c-a943-4d69755f91d8] Reasoning: Describes a Purchase Agreement for a residential dwelling but does not provide any interpretive context or application of the term.
  [ID: 0b4ee72d-c12f-43f5-848b-a32f174734c6] Reasoning: States that plaintiffs are no longer liable for the purchase price of the residential dwelling, but lacks interpretive depth or context.
  [ID: 2d7b8a9d-116c-42f8-b14d-d4153cbf01c6] Reasoning: Discusses a city's regulation of rent for residential dwelling units and references a legislative prohibition, providing context for the term's application.
  [ID: 1abe4ea4-8af9-4430-a2a9-c992a993793e] Reasoning: Explains the city's position regarding an ordinance and its relation to the regulation of rent for residential dwelling units, adding interpretive context.
  [ID: fb52c039-89da-444d-8a9a-022d06af3d3a] Reasoning: Describes a zoning application for changing a commercial use to residential dwellings, providing context for the term's application in zoning law.
  [ID: d40c1535-928a-42f3-ab3b-ecde4dd872f3] Reasoning: Mentions a distance requirement from residential dwellings for oil or gas wells, providing a regulatory context for the term.
  [ID: 8edcb075-62b2-46a7-8dcd-7c9fce2e6bf3] Reasoning: Describes an incident involving a social guest at a residential dwelling, but lacks broader interpretive context.
  [ID: 85851753-1892-42b1-bb50-5086a32ba0fc] Reasoning: Discusses product liability in relation to a leased residential dwelling, providing some interpretive context regarding landlord responsibilities.
  [ID: 0ff86e2f-caa3-419a-b62a-6e8eb60c0804] Reasoning: Cites a case regarding the commercial nature of vehicle storage at a residential dwelling, providing legal context and interpretation.
  [ID: 2e8d39b9-6bf2-40a5-865d-c5e4f1477b3e] Reasoning: Cites a court finding regarding vehicle storage at a residential dwelling, providing legal interpretation relevant to the term.
  [ID: d91c193f-7624-466e-8966-39697a23723e] Reasoning: Discusses public health problems related to residential dwelling density, providing context for the term's implications.
  [ID: 41e9b6c7-279b-4dd3-80d0-22a4387f4865] Reasoning: Argues that a private driveway's classification affects the applicability of certain provisions, providing context for the term.
  [ID: e2f4bf4d-c368-4e63-8f60-1b297a60ac5c] Reasoning: Mentions zoning regulations permitting residential dwellings, providing context for the term's application in land use.
  [ID: d586203b-c692-4602-b1c5-464317274f57] Reasoning: Describes plans to build townhouses as residential dwellings, but lacks deeper interpretive context.
  [ID: 2f35750a-07ad-4bf0-9a7c-04e39b6067db] Reasoning: Cites a statute regarding local ordinances and residential dwellings, but is primarily a quote of the law without additional context.
  [ID: 6fa8bbe5-ebaa-43d3-8154-e636556443e4] Reasoning: Describes a purchase of a residential dwelling but does not provide any interpretive context or application of the term.
  [ID: f419dcef-b38a-4663-9a2d-3c03908ba9af] Reasoning: Discusses the sale of defective drywall for residential dwellings, but lacks deeper interpretive context.
  [ID: aa2ff1a0-29de-4859-88d8-62c2c837b16e] Reasoning: Involves claims related to defective drywall in a residential dwelling, but lacks broader interpretive context.
  [ID: e57d99a6-ee33-4550-a874-5d179454ec96] Reasoning: Mentions plans to develop residential dwellings but does not provide additional interpretive context.
  [ID: 8b3507e7-339e-46da-83a7-2efed226294b] Reasoning: Describes a contract to purchase a residential dwelling but lacks interpretive context or application.
  [ID: 01b0ce81-d437-40d8-aa7a-c43cd2fb4273] Reasoning: Cites a case regarding implied warranties for residential dwellings, providing legal context and interpretation.
  [ID: c26324b5-d0fe-41d6-aefa-77bd29b0b61c] Reasoning: Describes plans to improve lots by erecting residential dwellings, but lacks deeper interpretive context.
  [ID: 519b969b-7417-409d-bbdd-9b21302cf6b9] Reasoning: Compares apartment complex characteristics to residential dwellings, providing some interpretive context.
  [ID: 87564341-368e-475e-96f9-914578b581de] Reasoning: Discusses negligence claims related to a residential dwelling, providing context for the term's application in liability.
  [ID: 570587e5-aa7f-4450-a979-e0a44860181e] Reasoning: Mentions burglaries to residential dwellings but lacks deeper interpretive context.
  [ID: 1c912079-b985-4f51-ac5b-ee50e2ec7212] Reasoning: Discusses whether a foster home qualifies as a 'one family residential dwelling unit' in a specific legal context, providing interpretive application of the term.
  [ID: 9274a6b1-bded-46cc-833b-e072b3e58673] Reasoning: Analyzes the interpretation of 'one family residential dwelling unit' in a zoning resolution, indicating its restrictive application in a specific area.
  [ID: 594e9d81-6961-4f36-9881-3cf9b2de5dc3] Reasoning: Cites a case where a foster home was determined not to be a 'one family residential dwelling unit,' providing a judicial interpretation of the term.
  [ID: 6f775fba-e9a6-4780-b93c-0773e39136cc] Reasoning: Describes the ownership and zoning of lots in a residential area, providing context for the application of residential dwelling definitions.
  [ID: 7f745414-b46f-4986-8566-f631076b3ceb] Reasoning: Details the condition of residential lots and the potential impact of commercial development, illustrating the implications of residential zoning.
  [ID: f892037c-56b1-4f8e-91d7-a7a5e456be94] Reasoning: Mentions the wrongful removal from a residential dwelling, indicating a legal context but lacking depth in interpretation.
  [ID: 5320e052-d82f-4fd1-ac77-f64b7a679fa7] Reasoning: States a liability exemption for owners of single family residential dwellings under the Workers' Compensation Act, providing a specific application.
  [ID: b895c78b-16fb-4767-8f25-1e523735cbd1] Reasoning: Discusses a legal provision applicable to holdover tenants in residential dwellings, providing context for tenant rights.
  [ID: eaa4c1ff-8657-4fc9-a81c-f6fc2c0661fa] Reasoning: Identifies a specific residential dwelling and its owner, but lacks broader interpretive context.
  [ID: e9d67ede-dad9-40b0-9c3a-5cda47a2194a] Reasoning: Mentions remaining residential dwellings in a commercial area, but does not provide significant interpretive value.
  [ID: 782b1c9c-d094-4242-aa1d-77566774ef83] Reasoning: Discusses factors considered in determining residency, providing some interpretive context but lacking depth.
  [ID: 6581b32f-0194-470b-901f-c63023667551] Reasoning: Clarifies legislative intent regarding the application of a provision to single family residential dwellings, providing important context.
  [ID: 29997e29-06aa-4020-9d83-b54a7222eb6e] Reasoning: Indicates legislative intent for tax assessment to apply only to single-family residential dwellings, providing context for interpretation.
  [ID: 6c5913a0-4b09-401d-bf4b-ccc42910ce24] Reasoning: Questions a trial court's decision regarding a zoning variance for a residential dwelling, indicating a legal challenge but lacking depth.
  [ID: aafab640-110b-4062-bb8c-92a6804973b0] Reasoning: Mentions residential dwellings in proximity to commercial areas, but does not provide significant interpretive value.
  [ID: 0c0ea6c8-d0bb-4bbf-a8ac-b72802c1de61] Reasoning: Describes a negligence action related to the demolition of a residential dwelling, providing context for legal implications.
  [ID: c69c07e0-fc0b-47eb-ba98-66ae3f03094a] Reasoning: Indicates that not all land uses in a residence district are limited to residential dwellings, providing important interpretive context.
  [ID: fa1c24e5-a9bb-4e22-ae1b-36a6acabf08c] Reasoning: Discusses a zoning rule applied to residence districts, providing context but lacking depth in interpretation.
  [ID: 2103e709-33ce-4619-9d5b-8a61c7846e75] Reasoning: Questions the application of a rule to residential dwellings, indicating potential legal implications but lacking depth.
  [ID: ac5e894f-a148-4a02-a2e6-3b90a05d8990] Reasoning: Describes a contract for constructing a residential dwelling, but lacks broader interpretive context.
  [ID: 494209b2-2d98-40bc-810d-0615517e12fe] Reasoning: Mentions ownership of residential dwellings but does not provide significant interpretive value.
  [ID: b5f60b1c-1969-4034-986d-f1fbf77b2c92] Reasoning: Describes a zoning change affecting residential dwellings, providing context for legal implications.
  [ID: 0d353483-61f7-4f8a-be68-7e0677b7edc8] Reasoning: Discusses rental value of a residential dwelling in a legal context, providing some interpretive application.
  [ID: de6dd53c-7bc1-4bdd-ab29-61940807e0f6] Reasoning: Mentions zoning classification allowing for residential development, providing context but lacking depth in interpretation.
  [ID: 3057fca7-522e-47b2-9fb2-595bc5ad4b] Reasoning: Describes a specific instance of constructing a residential dwelling but does not provide any interpretive context or legal analysis.
  [ID: e786f45e-9970-4912-a488-718e88f07187] Reasoning: States a fact about the number of residential dwellings on specific lots, lacking any interpretive depth or legal context.
  [ID: 391e3e52-fa21-41ae-98b8-9f356621355e] Reasoning: Mentions a renovation of a residential dwelling but does not elaborate on legal implications or context.
  [ID: 98f01419-754d-46ec-bca5-ce9520399ebe] Reasoning: Discusses a bylaw that prohibits new residential dwellings, providing some context but lacking deeper legal analysis.
  [ID: ff1e9453-c358-4a1d-a2cf-8d515a6b35c0] Reasoning: Describes a jurisdictional decision involving residential lots and units, providing context for legal implications of residential development.
  [ID: b80ff9a6-740c-4e39-8a22-8dae79904727] Reasoning: Analyzes the health hazard implications of a setback regulation in relation to residential dwellings, providing legal context.
  [ID: 54fd9559-3330-454a-aad9-262c53524886] Reasoning: Discusses a regulation regarding landfill siting near residential dwellings, providing context for legal restrictions.
  [ID: 47a50905-1d4a-44f0-91e4-c27a0339adae] Reasoning: Describes the requirements for converting a boathouse into a residential dwelling, providing specific legal implications.
  [ID: d88ba642-5eec-4f1a-9cfd-80788f4710bc] Reasoning: Discusses a court's interpretation of a residential street utility charge, providing context for legal definitions of residential dwellings.
  [ID: 01357931-f47b-446e-9f6c-1f687b1e1d23] Reasoning: Clarifies the definition of a 'residential tenant' in relation to a residential dwelling, providing legal context.
  [ID: 46858603-94f3-44b0-b416-5c772d509c87] Reasoning: Discusses the application of a lockout statute in relation to actual possession of a residential dwelling, providing legal context.
  [ID: 286c7ecf-2d52-4b6c-9658-54d17fdc977e] Reasoning: Explains the legal interpretation of 'occupying' in relation to residential dwellings, providing significant interpretive guidance.
  [ID: c088941e-b2d9-429f-98f7-7bd6ec05a2a1] Reasoning: Reiterates the requirement for a residential tenant to have actual possession, providing clarity on legal definitions.
  [ID: 7b7f6b37-f07b-403c-a532-f3e228ea2e6f] Reasoning: Discusses the common meaning of 'occupying' in legal terms, providing interpretive context for residential dwellings.
  [ID: bc9f9f16-dae5-4305-86dc-a883feef2f86] Reasoning: Mentions the lack of reported decisions regarding lockout petitions, providing context for legal interpretations of residential occupancy.
  [ID: 6f4bd5ae-1045-4a09-8dcf-368e8bc5a385] Reasoning: Explains the implications of an actual-possession approach in lockout cases, providing significant legal context.
  [ID: 9f719478-7ae6-4f58-8c88-8229d4498e72] Reasoning: Reiterates the requirement for actual possession in legal terms, providing clarity on the definition of a residential tenant.
  [ID: 3934bbc0-397b-4c5b-99be-ee3a7a46a27f] Reasoning: Concludes the inapplicability of the lockout statute based on lack of occupancy, providing legal context.
  [ID: e573bab7-ff0c-40e5-a464-f1300c6bef67] Reasoning: Discusses the interpretation of restrictive covenants in relation to residential dwellings, providing legal context.
  [ID: e2696c7d-aef9-4dcb-8000-6d4811dd22b3] Reasoning: Analyzes the use of a garage in conjunction with a residential dwelling, providing legal context for residential purposes.
  [ID: a2ba70c6-87bb-414a-8a4b-26f97d6c94d3] Reasoning: Concludes that a shop is used in conjunction with a residential dwelling, providing legal context for appurtenances.
  [ID: 41510d90-cc4b-4f2a-bfeb-8026de1dbeb5] Reasoning: Describes the relationship between a shop and a residential dwelling, providing context for legal interpretations.
  [ID: b6cc6cec-3dc2-4d61-a735-762db4678b24] Reasoning: Discusses the court's conclusion regarding the residential use of a shop, providing legal context for residential definitions.
  [ID: d592b9d4-e664-42af-9d10-27c91f238f4c] Reasoning: Rejects an argument based on the relationship between a shop and a residential dwelling, providing legal context.
  [ID: a2250cf6-4f0c-452e-9485-362ef922ddb5] Reasoning: This sentence discusses a court ruling regarding the construction of residential dwelling units but does not provide any interpretive context or application of the term 'residential dwelling'.
  [ID: f778471f-970c-49aa-b140-4b41f74dce96] Reasoning: This sentence mentions residential dwelling units in the context of zoning provisions but does not elaborate on the implications or interpretations of 'residential dwelling'.
  [ID: 3e90c86c-4f7a-480a-950e-fcbc54b71cb3] Reasoning: The sentence refers to a court appeal regarding allowable density of residential dwelling units but lacks depth in explaining the term's application or implications.
  [ID: c10c775f-3b38-4f08-9f93-4c048281d42b] Reasoning: This sentence quotes a contract that mentions a residential dwelling but does not provide any interpretive context or application of the term.
  [ID: 61bf04e7-b016-4c14-af03-25799a81886a] Reasoning: The mention of a residential dwelling in the context of an exterminator's inspection does not add interpretive value or context to the term.
  [ID: e33900a0-866f-4290-a4ea-6a9b356c82ad] Reasoning: This sentence states a contractual agreement for the construction of a residential dwelling but lacks any interpretive context or application.
  [ID: 57e67407-170e-45c4-8e76-0aba2942b07c] Reasoning: The sentence discusses a breach of contract related to a residential dwelling but does not provide any interpretive context or application of the term.
  [ID: 2192c348-b941-413a-8132-fa27e0e3eac0] Reasoning: This sentence mentions a contract for the construction of a residential dwelling but does not provide any interpretive context or application.
  [ID: 374df0ea-6551-4eeb-bb6a-f4d4f66484e7] Reasoning: The sentence discusses a purchase agreement influenced by land use plans but does not provide specific interpretive context regarding 'residential dwelling'.
  [ID: 14e1b043-ba62-4b4e-bc12-767aab4f7f8e] Reasoning: This sentence contrasts a commercial lease with eviction from a residential dwelling but does not provide further interpretive context.
  [ID: 60c8a00f-ffd1-46d1-a6e2-4decb8d53593] Reasoning: The sentence discusses a loan for the construction of residential dwellings but lacks interpretive context or application of the term.
  [ID: 998b0cea-8d1d-48fa-9ea1-3687abe00e31] Reasoning: This sentence mentions a loan for constructing residential dwellings but does not provide any interpretive context or application.
  [ID: 5ae55674-6eb2-44f2-88e1-b3010a368777] Reasoning: The final order regarding sewer service for residential dwelling units lacks interpretive context or application of the term.
  [ID: e30efdb1-b629-4f26-967f-21458963285d] Reasoning: This sentence discusses zoning for residential dwelling units but does not provide further interpretive context or application.
  [ID: 19cec0b8-a6c7-4891-8fde-2dc853238862] Reasoning: The sentence outlines an owner's intent to develop residential dwelling units but lacks interpretive context or application.
  [ID: 5ad62070-93be-4a27-bb1a-631a835a699d] Reasoning: This sentence defines residential property but does not provide any interpretive context or application of 'residential dwelling'.
  [ID: 5e6747d5-9636-4939-9b9a-1c1845f7588a] Reasoning: The Board's finding regarding architectural compatibility with residential dwellings does not provide further interpretive context or application.
  [ID: c60ab192-29a5-4344-8d56-9f1a6fd4f45f] Reasoning: This sentence discusses a purchase of real estate with a residential dwelling but lacks interpretive context or application.
  [ID: 1393fe25-dcc3-4db9-bffc-6404ea7370c4] Reasoning: The mention of a residential dwelling in the context of a rifle found in a yard does not provide any interpretive context or application.
  [ID: c390a13a-d12b-46e8-913f-758c8db5c4fa] Reasoning: This sentence discusses the use of residential dwellings as halfway houses but does not provide further interpretive context or application.
  [ID: ba23e4d4-6da4-4863-b929-c8946f0a25a6] Reasoning: The sentence discusses rent increase limitations on residential dwelling units but does not provide further interpretive context or application.
  [ID: dade2c64-1b9e-47f2-91f0-ec52bb395293] Reasoning: This sentence argues for a broader construction of the exemption related to residential dwelling units but lacks specific interpretive context.
  [ID: 16a50243-c3d1-4ef4-b188-47b6f277043d] Reasoning: The commentary on public policy regarding residential dwellings provides some context but does not clarify the term's application or implications.
  [ID: 0883fd24-f987-44dc-9873-75adb57d9641] Reasoning: This sentence outlines restrictions on residential lots but does not provide further interpretive context or application of 'residential dwelling'.
  [ID: 0bb8558b-dc0d-4dcb-98ee-63b11aa3be5c] Reasoning: This sentence discusses classification of lots for residential use but does not provide further interpretive context or application.
  [ID: 6c7339f0-050d-46b3-bf2f-ae651402c852] Reasoning: Discusses the risk associated with screens in residential dwellings, providing context for safety concerns but not directly interpreting the term 'residential dwelling'.
  [ID: 50eb6028-f4f7-4881-a8a5-c623563ff21c] Reasoning: States a fact about the construction of a residential dwelling but does not provide any interpretive context or application.
  [ID: b311255c-0ede-4030-b361-33bdf2d5baf1] Reasoning: A directive to remove a residential dwelling without any context or interpretive value.
  [ID: 623e2d4e-d371-4956-bfd7-7508d72d3489] Reasoning: Injunction against using property for residential purposes, but lacks deeper interpretive context regarding 'residential dwelling'.
  [ID: 38463ee1-8aed-49a8-a809-42f85f624a7b] Reasoning: Mentions increasing residential dwelling units allowed by zoning but does not elaborate on implications or interpretations.
  [ID: 697c10a1-75de-4024-be36-68546f30435a] Reasoning: Simply states 'Residential dwelling unit' without any context or application.
  [ID: fdd0ae10-f855-4f1f-ae55-035fbfeffc99] Reasoning: Describes zoning for single-family residential dwellings but lacks interpretive depth regarding the term.
  [ID: 9c0dc626-d705-44e4-975d-17acc6aa5a11] Reasoning: Discusses the impact of apartment buildings on surrounding residential dwellings, providing some context but not a direct interpretation.
  [ID: 594f1077-4378-49ec-a347-ce049c5cf038] Reasoning: Cites a regulation about parking on residentially zoned property, but does not provide deeper insight into 'residential dwelling'.
  [ID: 269b72f6-1ca9-4482-a80d-e06e807d37f1] Reasoning: States a fact about purchasing a residential dwelling but lacks interpretive context.
  [ID: bb20dc1e-e7ac-4a59-9f7e-3657fed50e28] Reasoning: Mentions the construction of multiple residential dwellings but does not provide interpretive context.
  [ID: d5297417-2cac-4fdc-8c63-9b5948b8fcf4] Reasoning: Discusses a challenge to a minimum lot requirement for residential dwellings, providing some context but not a direct interpretation.
  [ID: bf65771b-8094-4cac-aefd-87772da7ccf7] Reasoning: Cites a case that upheld a minimum lot size for residential dwellings, providing legal context and relevance.
  [ID: 1069e35e-dd97-4838-bf7b-1182c184b0ae] Reasoning: Describes a change in parking requirements for multiple residential dwellings, providing context for regulatory changes.
  [ID: c2cf4b5a-c67f-40af-86bb-442bf5c89c26] Reasoning: Discusses the shortage of decent residential dwellings for low-income families, providing socio-economic context.
  [ID: cb903298-5f58-4a6a-b689-f5fedf937435] Reasoning: Mentions securing a residential dwelling through a trust deed, but lacks broader interpretive context.
  [ID: 3582511b-defd-4276-a9cf-a19941ae76e7] Reasoning: Compares rental periods for residential dwellings but does not provide significant interpretive value.
  [ID: 649e9df1-3487-46ec-968e-0507fa53d6ef] Reasoning: Discusses circumstances affecting a residence's 'newness' but lacks direct interpretive value regarding 'residential dwelling'.
  [ID: 58fa08c6-6a5f-43ad-a3db-7d965c427a52] Reasoning: Mentions zoning regulations for residential dwelling units but does not provide deeper interpretive context.
  [ID: 0e96f1c5-29ed-4339-af14-f859baae42b6] Reasoning: States that plaintiffs own residential dwellings nearby but lacks interpretive depth.
  [ID: f2707906-05f5-438c-b2e9-82528a774a32] Reasoning: Describes a court's injunction regarding a two-family residential dwelling but lacks broader interpretive context.
  [ID: d718151a-7bf5-4059-9585-d03043756063] Reasoning: States that a lot contains a residential dwelling but does not provide any interpretive context.
  [ID: 489e8de9-50a4-4beb-80cf-99efb59e82b3] Reasoning: Discusses a covenant restricting construction of residential dwellings, providing some legal context.
  [ID: 16d956de-41a0-4df0-b9b3-87b61c39367b] Reasoning: Discusses the severability of a waiver regarding residential dwellings, providing legal context and implications.
  [ID: e4ffcc59-ae4f-40e3-a4ab-717b64ba2d42] Reasoning: Discusses covenant violations related to residential dwellings, providing some legal context but not a direct interpretation.
  [ID: 95c9960e-ee5c-4c66-9ff4-f75833ec90b9] Reasoning: This sentence lists various code violations related to single-family attached dwellings but does not provide any interpretive context or application of the term 'residential dwelling'.
  [ID: 8127e2c5-8f10-48d2-bc13-e96af3c2ed0a] Reasoning: Mentions 'residential dwellings' in the context of a subdivision plan but does not elaborate on the implications or legal interpretations of the term.
  [ID: d381707f-ef04-4283-87a9-b83a2d2c59e7] Reasoning: Discusses a court's interpretation of a street width requirement in relation to a subdivision plan involving residential dwellings, providing some context for the application of the term.
  [ID: 77e89b65-7561-40dd-9a39-f42aa6539628] Reasoning: Describes an application for subdivision into residential dwellings but lacks depth in explaining the implications of 'residential dwelling'.
  [ID: 73950f88-ea05-4716-ae4b-b79862ea3611] Reasoning: States that surrounding properties receive water from on-lot wells, which is relevant but does not provide significant interpretive context regarding 'residential dwelling'.
  [ID: 0cc90df5-633d-401d-a493-1521c27f2f03] Reasoning: Mentions residential dwelling units in a mixed-use building but does not elaborate on the legal implications or context of 'residential dwelling'.
  [ID: a1bee167-3174-44ab-92dc-473619f7ac2d] Reasoning: Discusses the obligation to repair damage to occupied residential dwellings due to subsidence, providing a clear application of the term in a legal context.
  [ID: 4e767276-e68d-4b9f-87eb-879cb0d49b6c] Reasoning: Similar to the previous sentence, it discusses the repair of damaged occupied residential dwellings, adding context to the term's application.
  [ID: 9a5dbacf-f0d3-49f9-9ec0-041932647700] Reasoning: Discusses compensation for damage to occupied residential dwellings, providing a legal context that enhances understanding of the term.
  [ID: cccb7d0c-eacb-439c-9f87-91159b16c854] Reasoning: This is a direct quote of the statute regarding compensation for damaged residential dwellings, providing no new interpretive value.
  [ID: 32545836-4bfe-4735-b26f-f29ceba808a5] Reasoning: Mentions the development of federal law regarding damage to residential dwellings but lacks specific interpretive depth.
  [ID: f6952537-492c-405e-910c-9995b187fa15] Reasoning: States there is no allegation of damage to an occupied residential dwelling, which is relevant but does not provide significant interpretive context.
  [ID: f8522bd8-b489-451a-88a2-e765c9b2f5e6] Reasoning: Discusses the obligation to repair or compensate for damage to occupied residential dwellings, providing a clear application of the term.
  [ID: e22bb507-e30b-47e8-ba10-940f777cea55] Reasoning: Discusses the language of PRDs and their requirements regarding residential dwellings, but lacks depth in interpretation.
  [ID: 0f0f6fb6-4c4b-4233-b796-f06584db6d55] Reasoning: Mentions a residential dwelling on a property but does not provide significant interpretive context or application.
  [ID: bceb5f08-231f-4c33-b9d8-c8d484a05037] Reasoning: Discusses restrictive covenants related to residential purposes but does not provide significant interpretive context.
  [ID: 9c4a263a-153f-4332-adb7-8138102b53ca] Reasoning: Discusses the intent of parties regarding restrictions on residential dwellings, providing some interpretive context.
  [ID: 657f5fbc-48cf-49bb-b1d2-b76e433fc3c3] Reasoning: Discusses the firing of a shotgun within a residential dwelling unit in the context of insurance coverage, providing some interpretive context.
  [ID: 6fe4e479-f67c-42b1-8451-ceba6ab39168] Reasoning: Describes a proceeding regarding a use variance for a residential dwelling but lacks depth in interpretation.
  [ID: ba7bcde3-fec3-4f00-beed-ff16e8b8c056] Reasoning: Discusses restrictive covenants related to residential purposes but does not provide significant interpretive context.
  [ID: e2b3556d-1e05-4f0a-889d-50c4c6ff1d43] Reasoning: Mentions the impracticality of converting a building into a two-family residential dwelling but lacks depth in interpretation.
  [ID: df3e7044-85d3-4319-9373-4742c967e220] Reasoning: This sentence discusses the requirement for a special exception to develop residential dwellings, but does not provide any interpretive context or application of the term 'residential dwelling'.
  [ID: db0ef581-30e0-4e02-8bda-386da3e1e139] Reasoning: This sentence provides a definition of 'employee' that includes those working in a residential dwelling, but it does not add interpretive depth regarding the term 'residential dwelling' itself.
  [ID: 9607226f-83ea-4547-b6a2-101ce13d5108] Reasoning: This sentence reiterates the definition of 'employee' from Labor Code section 3351, which includes residential dwellings, but does not provide new interpretive insights.
  [ID: 5bb67f6d-c4ed-4d82-8388-655aad9da9ff] Reasoning: This sentence discusses legislative intent regarding the application of a statute to commercial tenancies, but does not clarify the meaning or application of 'residential dwelling'.
  [ID: d4048236-9bdd-47cd-9ecb-b99a5e21b3f9] Reasoning: This sentence describes a legal case involving a landlord's violation related to a residential dwelling, providing context for the term's application in a legal dispute.
  [ID: 4e7f89fb-5983-467d-9390-2f06c9021190] Reasoning: This sentence discusses the need for a variance to build a residential dwelling due to a utility easement, providing context for zoning and land use regulations.
  [ID: bc9c3f01-0777-48b5-6e907537406d] Reasoning: This sentence specifies requirements for the location and construction of residential dwellings, adding interpretive context regarding zoning and building standards.
  [ID: 65ae31ed-1e99-41b3-8fdc-a168f7d69de3] Reasoning: This sentence outlines detailed provisions for the construction of residential dwellings, providing context for co-ownership and development regulations.
  [ID: 1e7559e2-db07-4ae5-8833-bde808f48849] Reasoning: This sentence states a fact about the construction of a residential dwelling but does not provide any interpretive context or application.
  [ID: 2b7e449d-0927-48eb-8dda-21716d47e97f] Reasoning: This sentence discusses zoning classifications that permit residential dwellings, providing context for land use regulations.
  [ID: 580e87cc-429c-423c-8502-e389965ce600] Reasoning: This sentence outlines a statute regarding the transfer of real property containing a single-family residential dwelling, but does not provide new interpretive insights.
  [ID: d3b5fa99-0cfa-4833-acf6-0daddb058b71] Reasoning: This sentence provides historical context regarding the construction of residential dwellings on specific lots, but lacks interpretive depth.
  [ID: 6519b907-74f6-46bb-b7a7-226f4165f352] Reasoning: This sentence discusses a proposal to combine lots for residential dwellings, providing context for zoning and land use decisions.
  [ID: 1d822369-6d5d-401c-958b-82a0d85ca2a5] Reasoning: This sentence describes a proposal to construct two residential dwellings, providing context for land use and zoning regulations.
  [ID: 4a7f5039-0d86-402a-b7f7-709343869930] Reasoning: This sentence discusses a property owner's argument regarding restrictions on residential dwellings, providing context for legal disputes over property use.
  [ID: 66448463-aeff-423e-871b-f95fb9de5d2e] Reasoning: This sentence is a repeat of a previous one regarding the need for a variance to build a residential dwelling, providing no new information.
  [ID: 9fa34e49-e0f7-4936-a90d-13a04c4291ae] Reasoning: This sentence describes a property in a residential zone that permits residential dwellings, providing context for zoning regulations.
  [ID: 4f5bd74d-dd7e-41f8-a708-d770e5430c78] Reasoning: This sentence discusses an application for a variance to legalize a residential dwelling unit, providing context for zoning and land use regulations.
  [ID: 9745f748-cca5-465a-a0a8-830212b1e063] Reasoning: This sentence discusses density regulations for residential dwelling units, providing context for land use and zoning standards.
  [ID: 5cb9bfaa-2fb7-4d6f-946d-8acb97392134] Reasoning: This sentence distinguishes between commercial and residential leases in a legal context, providing interpretive guidance on the application of the term 'residential dwelling'.
  [ID: 91d28749-ad32-4514-af85-eb2d61039f74] Reasoning: This sentence critiques a table's inadequacy in relating residential dwelling units to population density, but does not provide new interpretive insights.
  [ID: 199711fe-e031-4e1f-bc09-541ef50afc36] Reasoning: This sentence discusses the keeping of pets in relation to the primary use of property as a residential dwelling, providing context for property use regulations.
  [ID: 084bd366-e1bc-41b6-80bd-6a575ca1e49c] Reasoning: This sentence mentions a special exception permit for condominium residential dwelling units, but lacks interpretive depth regarding the term 'residential dwelling'.
  [ID: 4c575b82-4a53-41a5-b92b-c878e9de3db6] Reasoning: This sentence outlines a statute regarding utility service for residential dwellings, but does not provide new interpretive insights.
  [ID: 874b92ba-4be9-4c00-88b6-8be9b318bd6f] Reasoning: This sentence discusses a lease agreement characterized as a residential-dwelling contract, providing context for legal interpretations of residential leases.
  [ID: 1b779770-6aef-42e9-a15d-9f32e2e00cf3] Reasoning: This sentence states a requirement date for owners of residential dwellings but does not provide any interpretive context or application of the term.
  [ID: 457ff00f-da75-47ad-ba04-5359244a0a3c] Reasoning: This sentence discusses an exemption related to residential dwellings but does not elaborate on the implications or context of the term.
  [ID: ca600584-c6ba-4eee-af7f-3aa49529d87f] Reasoning: This sentence mentions residential dwelling units in the context of zoning but does not provide further interpretive depth.
  [ID: 046e9ab8-36d3-4dad-962b-076d6bc2445f] Reasoning: This sentence references court cases interpreting regulations related to residential dwellings, providing context for legal enforcement.
  [ID: be700d9f-1926-4b56-822a-17d8109c75ea] Reasoning: This sentence discusses a reasonable accommodation claim related to zoning laws affecting residential dwellings, providing practical implications.
  [ID: c40b7ce4-b744-4f88-8c0a-853cd893a2be] Reasoning: This sentence outlines restrictions on the use of land around residential dwellings, indicating practical applications of zoning laws.
  [ID: 2490109d-03a1-4621-9773-c293a7f29aa7] Reasoning: This sentence discusses a legal interpretation of a search involving a residential dwelling, providing insight into Fourth Amendment implications.
  [ID: 5c2d7880-18d7-4671-9108-8891303e5b38] Reasoning: This sentence describes a specific instance of constructing a residential dwelling, but lacks broader interpretive context.
  [ID: e7d52d5d-bef1-45b7-8256-337ffa900766] Reasoning: This sentence simply states the type of property without providing any interpretive context or application.
  [ID: 6f8ec078-2e05-4483-ab4f-1b219282e7c0] Reasoning: This sentence discusses a potential challenge to zoning laws affecting residential dwellings, indicating practical implications.
  [ID: fc69477c-3a26-40d1-b408-14227e4a080b] Reasoning: This sentence is a repetition of a previous one regarding reasonable accommodation claims, providing no new information.
  [ID: 5bc13776-7254-4393-b05a-acf93cd253bd] Reasoning: This sentence discusses admissibility of evidence related to residential dwellings but lacks depth in interpretation.
  [ID: ba319b85-1e42-4ef2-912d-96bc0ef87da1] Reasoning: This sentence discusses the impact of residential dwellings on interstate commerce, indicating a broader legal context.
  [ID: 767f199f-d03b-4fa3-bee9-20906c764195] Reasoning: This sentence describes a zoning scheme that differentiates between types of residential dwellings, providing context for zoning regulations.
  [ID: 17687646-de0c-4ffc-be0b-891ce073be0d] Reasoning: This sentence explains zoning district differences regarding residential dwellings, providing clear interpretive context.
  [ID: f4220c18-260f-4f24-8eac-20bc9628ac76] Reasoning: This sentence discusses presumptive use of a residence but lacks broader interpretive context.
  [ID: 36fc0ee7-e024-4195-b673-db0901fb6f38] Reasoning: This sentence reiterates zoning restrictions on residential dwellings without adding new interpretive value.
  [ID: 2410d3d0-c66e-46b9-b615-a91cab55f037] Reasoning: This sentence discusses billing for services related to residential dwellings, providing practical implications.
  [ID: eb30fd0d-893a-41e7-9b13-22650af2e232] Reasoning: This sentence discusses loans secured by residential dwelling units, providing context for financial implications.
  [ID: 3f6e010c-82cc-4af6-ad21-ad75a85f7954] Reasoning: This sentence discusses partnerships owning residential dwelling units, providing context for ownership structures.
  [ID: b68cec29-c360-4357-9f2d-16421d0b8fbe] Reasoning: This sentence discusses a legal challenge related to picketing near residential dwellings, providing context for First Amendment implications.
  [ID: 2a89a74f-a836-47f2-b6df-a76a4aaf0bd6] Reasoning: This sentence discusses the purpose of an ordinance related to residential dwellings, providing context for legal protections.
  [ID: 7b9e9835-8e04-4b85-8041-642e3fb5f7b0] Reasoning: This sentence discusses consumer safety related to residential dwellings, providing context for product liability.
  [ID: 490a4faf-56b3-40ff-a4d1-411f9c0e2030] Reasoning: This sentence is a repetition of the previous one regarding consumer safety and residential dwellings, providing no new information.
  [ID: fe169c80-1f2a-4a5d-bee8-c84aab5ffb59] Reasoning: This sentence describes a business engaged in constructing residential dwellings, but lacks broader interpretive context.
  [ID: 04069b06-3722-4222-bb24-887b96b45e64] Reasoning: This sentence discusses the obligations of the City as an owner of residential buildings under specific laws, providing context on the legal responsibilities tied to residential dwellings.
  [ID: 5e0eab2e-c745-45ac-a8d7-f88d5242a28a] Reasoning: This sentence provides a judicial ruling that clarifies the applicability of housing laws to the City of New York as an owner of residential dwellings, which is significant for understanding legal obligations.
  [ID: a2892029-219b-4344-a1a5-1c89d1eb0e07] Reasoning: This sentence simply states a fact about the construction of a residential dwelling without providing any interpretive context or legal implications.
  [ID: 0a8fb564-e953-4099-b223-43bbae829d3b] Reasoning: This sentence discusses the invalidation of a regulation concerning single-unit residential dwellings, indicating a legal interpretation that affects the scope of the law.
  [ID: f8697c5a-12bf-4ecc-8524-ba722f7ca012] Reasoning: This sentence explains a new enactment that allows municipalities to regulate rentals of residential dwellings, providing insight into the application of the law.
  [ID: a82c2a42-acd0-4fc1-8543-97f0ef173397] Reasoning: This sentence highlights a court's recognition of legislative authority regarding compliance with housing codes, which is crucial for understanding the legal framework surrounding residential dwellings.
  [ID: 20b2a7ac-5266-4ea0-9270-b921779cbd5f] Reasoning: This sentence discusses legislative findings related to the demand for residential dwellings, providing context for the motivations behind housing laws.
  [ID: 3ae608ac-a1e2-4da4-9f3b-ac2a10b9bb74] Reasoning: This sentence states a requirement for fire inspection certificates for multifamily residential dwellings, indicating regulatory compliance necessary for operation.
  [ID: ff24291b-9bc7-4790-a996-a5f1c09f4398] Reasoning: This sentence discusses the exemption of certain builders from contributing to a fund for work on residential dwellings, which provides insight into regulatory frameworks.
  [ID: 58b028fc-4a5e-42b9-8bcc-7427ca3ed7d2] Reasoning: This sentence mentions petitioners owning residential dwellings, but lacks any interpretive context or legal implications.
  [ID: c8660775-b9b7-469b-8350-bb77db1f576f] Reasoning: This sentence quotes a statute regarding the establishment of single-family residential dwellings, which does not provide new interpretive information.
  [ID: ae2320e7-8241-423d-91e6-c1b51e22a092] Reasoning: This sentence discusses the application of the Fourth Amendment to searches of residential dwellings, providing a legal principle that is relevant to the phrase of interest.
  [ID: e2e32580-e37e-4742-89a7-67afbe7ab7d0] Reasoning: This sentence discusses liability under Labor Law for owners of residential dwellings, providing context on legal responsibilities.
  [ID: 38ca0472-c8b6-4b73-a42e-c3fe202be1a0] Reasoning: This sentence discusses the applicability of certain requirements to residential dwellings, indicating a legal interpretation that affects the scope of the law.
  [ID: 4e96b501-c2e8-4e9c-a1f9-fb042f41803a] Reasoning: This sentence states a fact about zoning for single-family residential dwellings without providing any interpretive context or legal implications.
  [ID: 04abebe2-2875-4060-a66f-b5620b7d056a] Reasoning: This sentence lists criteria for urban development, including residential dwellings, but does not provide new interpretive information.
  [ID: 9d30683d-a596-4e27-91db-67a864aa11eb] Reasoning: This sentence repeats criteria for urban development without adding interpretive context, thus providing no new information.
  [ID: 19e3d519-9cf7-4c89-99ad-4be53ffe27de] Reasoning: This sentence discusses the challenges of providing residential dwellings in relation to industrial and commercial development, providing context for housing law.
  [ID: 9b00ec29-d608-4b87-b0fc-36284481872a] Reasoning: This sentence discusses the focus of a statute on the safety and habitability of residential dwellings, providing insight into the legislative intent.
  [ID: d9b99890-76b4-436f-a2d3-a47644fec710] Reasoning: This sentence describes a criminal act involving a residential dwelling, but does not provide any legal interpretation or context.
  [ID: 23be3646-ee7e-4dff-9f42-b0e556aee779] Reasoning: This sentence outlines the elements required to prove theft involving a residential dwelling, providing relevant legal context.
  [ID: d6252ada-916e-4099-8481-e6b480559c51] Reasoning: This sentence discusses the limitations on filing claims against multiple residential dwellings, providing insight into legal procedures.
  [ID: 743a2598-c99e-41c6-8f3c-c5eb65cf7e70] Reasoning: This sentence discusses the conditions under which a property can be used as a residential dwelling, providing relevant legal context.
  [ID: 85843288-1a0d-4ae9-bb95-24e7c704630a] Reasoning: This sentence discusses zoning issues related to a residential dwelling, providing context on legal compliance and property use.
  [ID: b68005dd-39c9-4be8-ad1b-b7e87a3b7ed5] Reasoning: This sentence discusses the unsuitability of a property for residential dwellings due to its location, providing context on zoning and land use.
  [ID: 31a4410b-3611-4bb9-9b88-e8a6e6c60e82] Reasoning: This sentence discusses the limitation of language regarding residential dwellings but does not provide any new interpretive context or application.
  [ID: 688cd889-ac09-48ef-ab4a-33c74175ad50] Reasoning: This sentence describes a specific property but does not add any interpretive value regarding the term 'residential dwelling'.
  [ID: 39de1422-1e64-4122-b7a8-ced4ea491bbe] Reasoning: Similar to the previous sentence, this describes a property without providing any interpretive context or application of 'residential dwelling'.
  [ID: 3329fbca-808e-4361-9faa-74e23f4d0fe1] Reasoning: This sentence discusses the imposition of impact fees on developers of residential dwellings, providing context on how the term is applied in a legal challenge.
  [ID: bae32971-cd39-4006-80b2-deeaf252cfa6] Reasoning: This sentence discusses fees related to residential lots, providing a specific application of the term 'residential dwelling' in a development context.
  [ID: 1accf446-623e-4926-9d3e-a5772511139e] Reasoning: This sentence outlines additional fees for residential lots, contributing to the understanding of financial obligations related to residential dwellings.
  [ID: 3c2a7695-9ce0-44f6-83b9-4fdfa4c05aa3] Reasoning: This sentence reiterates the fee structure for residential lots, similar to previous sentences, and does not add new interpretive value.
  [ID: 9b92611b-055f-4db1-86c8-e3b12b45d757] Reasoning: This sentence repeats the fee structure for residential lots, providing no new information or context.
  [ID: 61deb83c-6401-485c-8448-de078ee417d3] Reasoning: This sentence discusses construction suitability for residential dwellings, providing context on the limitations of certain building practices.
  [ID: 55641adc-e636-41c0-bffc-d2ccae906b96] Reasoning: This sentence explains criteria for obtaining a Multifamily License, which is relevant to the application of 'residential dwelling' in a regulatory context.
  [ID: d8de78b4-6af8-405c-bed1-942508bfd7ef] Reasoning: This sentence outlines criteria for a Single Family Permit, providing context on the regulatory framework surrounding residential dwellings.
  [ID: cf77b552-e9a2-4507-9363-860e07a28ad3] Reasoning: This sentence discusses a legal provision affecting residential dwellings, providing insight into property rights and zoning issues.
  [ID: fbf370f6-872f-4d86-aa6c-13cf0a9cc082] Reasoning: This sentence describes a consumer agreement involving residential dwellings, providing context on leasing practices.
  [ID: 5b2b01a6-1adc-4118-a154-3706c3d79701] Reasoning: This sentence distinguishes between houseboats and floating homes, providing context on definitions related to residential dwellings.
  [ID: d460c306-77e5-4d79-90a7-1107a2b63e10] Reasoning: This sentence discusses a court case regarding copyright and residential dwellings, providing legal context and implications.
  [ID: bdf2dc04-c45c-4cc5-9529-e36573e80e29] Reasoning: This sentence discusses zoning classifications for residential dwellings, providing context on land use regulations.
  [ID: 5dd37a1e-8665-463b-a4f0-16548b712715] Reasoning: This sentence describes a residential dwelling in a legal context, but does not provide significant interpretive value.
  [ID: d13ef943-e281-423a-a538-fd819f4fff62] Reasoning: This sentence discusses criminal convictions related to unlawfully entering a residential dwelling, providing context on legal implications.
  [ID: fbac4264-ccb7-4374-83e9-a281d94490c2] Reasoning: This sentence discusses a fee assessed against residential dwellings, providing context on municipal regulations.
  [ID: 46939a3b-b684-4780-822c-9eb0d7ecb387] Reasoning: This sentence outlines affirmative steps regarding the sale or rental of residential dwellings, providing regulatory context.
  [ID: cff0c588-0d98-482e-8a68-f62141685a0b] Reasoning: This sentence discusses cable television services for residential dwellings, providing context on service regulations.
  [ID: 9cae8f20-c9d0-41b9-a723-4058878dc21d] Reasoning: This sentence discusses a legal case involving residential dwellings, providing context on property use and legal definitions.
  [ID: 0431990e-d7ec-4db0-96ce-d4371595d4cb] Reasoning: This sentence describes a loan for acquiring a residential dwelling, providing context on financial transactions related to housing.
  [ID: 29d8d1ad-af15-45ef-bee3-0644cd1ade39] Reasoning: This sentence discusses lead exposure notifications for residential properties, providing important health and safety context.
  [ID: 4f70d9ea-72e6-45c4-8302-a2ce837c1cbd] Reasoning: This sentence discusses covenants related to residential dwellings but does not provide any interpretive context or application of the term 'residential dwelling'.
  [ID: 10a5a75a-2603-48cd-af9f-1a3e771454fa] Reasoning: This sentence describes a specific application for bulk variances to construct a residential dwelling, providing context on zoning requirements but lacks deeper interpretive analysis.
  [ID: 7bbff03b-0282-4e0f-9ed9-0de8b9effe7b] Reasoning: This sentence discusses the financial challenges of maintaining multiple residential dwellings, but does not provide specific legal context or application of the term.
  [ID: 328e421b-8317-4cf6-9f63-7c82b3f70782] Reasoning: This sentence provides context on the implications of existing residential dwellings in relation to zoning and development, which adds interpretive value.
  [ID: 80126d8a-c2dd-4bb6-b626-feee8609df15] Reasoning: This sentence discusses a legal argument regarding the applicability of a bill to sites with habitable residential dwellings, providing relevant interpretive context.
  [ID: b6649f34-ff1f-48bd-ac4a-79996401ce34] Reasoning: This sentence describes an ordinance affecting rented residential dwellings, providing context on regulatory scope but lacking deeper analysis.
  [ID: ac9d8985-3aca-4b86-b6da-8e8dd64ec3d1] Reasoning: This sentence clarifies municipal authority regarding housing codes and tenant possession, providing significant interpretive guidance.
  [ID: d9bb1c20-9aa8-4b68-9042-fdb4ed849900] Reasoning: This sentence discusses the power of municipalities to regulate rentals of residential dwellings based on safety standards, providing critical interpretive context.
  [ID: d82ce24d-a943-4717-8b2d-a715480adcda] Reasoning: This sentence discusses the enforcement of housing codes through inspections for new rentals, providing relevant legal context.
  [ID: a9f83afe-fa8b-4dff-8143-99707f165e8e] Reasoning: This sentence addresses the authority of municipalities to regulate residential dwellings through certificates of occupancy, providing significant interpretive guidance.
  [ID: 210c7a5d-7f72-4615-9bec-00aafb9ee74f] Reasoning: This sentence states that a statute does not authorize certificates upon a change in occupancy, which is relevant but lacks deeper interpretive context.
  [ID: 05e742ed-1b34-4004-889b-17604a415c2e] Reasoning: This sentence discusses compliance with minimum standards of habitability in rented residential dwellings, providing relevant context but lacking deeper analysis.
  [ID: 6e72abb6-a973-4528-8050-437845ad495a] Reasoning: This sentence expresses concern about rent increases and deterioration of residential dwelling units, providing context but lacking deeper legal analysis.
  [ID: b537383f-732b-46b6-9c1e-9f2c20add2c5] Reasoning: This sentence discusses the intent of regulatory schemes regarding rental residential dwellings, providing relevant context but lacking deeper analysis.
  [ID: 25ff5adb-e821-44c4-b635-fbe34984c649] Reasoning: This sentence discusses a legislative amendment but does not provide any interpretive context or application of the term 'residential dwelling'.
  [ID: 90a2219d-e077-44a5-a1d8-69e2dc7dcd77] Reasoning: This sentence discusses a business license denial due to proximity to a residential dwelling, providing context but lacking deeper legal analysis.
  [ID: 71448047-4e8f-4b9c-ae07-618c54db7a6a] Reasoning: This sentence outlines zoning restrictions related to residential dwellings, providing relevant context but lacking deeper interpretive analysis.
  [ID: 851e7e27-5064-41f5-9eb7-b61a7e3739c6] Reasoning: This sentence discusses a legal action regarding a residential dwelling violating an Agricultural Preservation Restriction, providing relevant context.
  [ID: 714a6da5-e261-49f9-a085-6fb8dc9b5534] Reasoning: This sentence states that the Bagdons constructed a residential dwelling, but it does not provide any interpretive context or application of the term.
  [ID: 0492a21a-bd43-4f25-a67d-0c1a9b7597a5] Reasoning: This sentence states ownership of a two-family residential dwelling but does not provide any interpretive context or application of the term.
  [ID: 3465eb03-936b-4064-860c-17bf7949657d] Reasoning: This sentence describes a purchase agreement for a residential dwelling but lacks interpretive context or application of the term.
  [ID: 3e5b3b9a-60ea-46b6-a0c1-e36b1baae2a5] Reasoning: This sentence discusses a Notice of Intent for constructing affordable residential dwellings, providing relevant context but lacking deeper legal analysis.
  [ID: bd56b8ec-5d89-46a0-9471-f619178be37b] Reasoning: This sentence describes an event involving a residential dwelling under construction but does not provide any interpretive context or application of the term.
  [ID: 96fde08b-b62d-4309-aaf3-23a264064373] Reasoning: This sentence discusses a zoning amendment affecting the minimum lot size for a residential dwelling, providing relevant context but lacking deeper analysis.
  [ID: fe17fd33-e99d-4fb6-8a92-0893ea914f71] Reasoning: This sentence states a conviction for burglarizing residential dwellings but does not provide any interpretive context or application of the term.
  [ID: 1811a78a-c101-4cf0-9581-8a4556f1f374] Reasoning: Describes a zoning enforcement issue related to a residential dwelling but does not provide new interpretive context or application of the term.
  [ID: 301f4cf5-f0ec-470c-a9f5-06c67947768f] Reasoning: Discusses zoning limitations for residential dwellings but does not add significant interpretive depth beyond stating the zoning ordinance.
  [ID: dab6213d-c9b4-47a3-9dc3-9bb927b5bc8f] Reasoning: Cites a case that establishes an implied warranty of habitability for residential dwellings, providing important legal context.
  [ID: d5316317-009b-46a8-b6e5-6fc068775c2e] Reasoning: Outlines prerequisites for the implied warranty of habitability, adding clarity to its application in residential dwellings.
  [ID: 8f338339-5fa5-4321-8004-88443c7043f2] Reasoning: Mentions an ordinance amendment allowing residential dwellings but lacks deeper interpretive context.
  [ID: 84e98a22-d822-4711-b458-26232a224abd] Reasoning: States that the Zablockis maintained their residential dwelling, but does not provide any new legal interpretation or context.
  [ID: 08033853-d3ca-4e52-926c-a280fa7065df] Reasoning: Cites case law regarding business privilege tax and residential dwellings, but does not clarify the term's application.
  [ID: 81f49acf-76a4-4b52-8e76-fd742ae9f55b] Reasoning: Similar to the first sentence, it repeats the enforcement notice without adding new interpretive value.
  [ID: b125dbbd-d5c0-43cb-952f-2b46dcde6f33] Reasoning: Reiterates the enforcement notice without providing additional context or interpretation.
  [ID: 7e3be681-db42-4668-b940-5b126898fb6d] Reasoning: A quote regarding building restrictions that does not add interpretive value to the term 'residential dwelling.'
  [ID: 7087b9a0-7303-46c2-9d86-d03c5530ae62] Reasoning: Defines 'owner' in relation to residential dwellings but does not provide significant interpretive context.
  [ID: d5aecd4d-6173-4cfc-9c7a-caea3a0ec0ed] Reasoning: States ownership of a residential dwelling but lacks interpretive depth or application.
  [ID: 10f3c7c8-2526-4a76-96f7-487cca3a24e1] Reasoning: Discusses tax assessment related to residential dwellings but does not clarify the term's application.
  [ID: f804edef-307d-4c1d-8ed6-69bd6a230a2e] Reasoning: Argues about the primary use of a structure as a residential dwelling, providing some context for its classification.
  [ID: b8de54c6-2c94-4e6d-a5a0-64f1b4a2de3c] Reasoning: Outlines elements of a fraudulent concealment claim related to residential dwellings, adding legal context.
  [ID: 1e444e67-573f-4e0c-8d46-b829371449be] Reasoning: Discusses the erosion of caveat emptor in the context of residential dwellings, providing important interpretive context.
  [ID: 8d3ef0d5-cbf8-4f1e-887a-92ac86eb484f] Reasoning: Cites a seminal case regarding implied warranties in residential dwellings, providing critical legal context.
  [ID: 6cebd093-676e-4f80-94b5-3c42b63b5f82] Reasoning: Describes a court ruling on implied warranties for residential dwellings, adding significant interpretive value.
  [ID: 7848ef4f-c781-4966-a569-a1419b6283e4] Reasoning: Discusses the abandonment of caveat emptor in residential dwellings, providing important interpretive context.
  [ID: e6f6c9de-9291-4c42-aa54-f94627ec60bb] Reasoning: Mentions the need for variances for constructing a residential dwelling, but lacks deeper interpretive context.
  [ID: 1867c0bf-e51a-4991-a8f1-26b96294a49e] Reasoning: Describes a purchase of a residential dwelling but does not provide significant interpretive context.
  [ID: d41c2315-9da3-4578-be14-13afbb2d3504] Reasoning: States zoning restrictions for residential dwellings but does not add significant interpretive depth.
  [ID: ce5f754a-f2af-4601-a151-1c3dd200f409] Reasoning: Defines home energy in relation to residential dwellings but does not provide significant interpretive context.
  [ID: 3823f35b-756a-492b-9fdc-507aa0c7678a] Reasoning: Describes fraudulent conduct related to residential dwellings, providing important context for legal interpretation.
  [ID: 6a7a8b38-27ac-48d7-8d3d-dd21cc98822a] Reasoning: Mentions a potential breach of warranty related to residential dwellings, adding legal context.
  [ID: 7a2017bb-1c2a-43bd-8141-451b26fd5f02] Reasoning: This sentence states that the HIA enforced a restriction on building more than one residential dwelling per lot, but it does not provide any new interpretive context or application beyond the statute.
  [ID: 7c44c259-a250-4919-b29f-3fba94f8d192] Reasoning: This sentence discusses an alleged waiver of restrictions by the HIA regarding residential dwellings, but it primarily reiterates the existing legal framework without adding significant interpretive value.
  [ID: 0e8dd92c-a247-40e2-84e6-b38d99897ce6] Reasoning: This sentence mentions violations of a covenant regarding residential dwellings but does not clarify or expand on the legal implications or applications of the term.
  [ID: b7f15487-170f-4378-ba46-55191a93f97c] Reasoning: This sentence explains the purpose of a provision related to residential dwellings and its impact on neighborhood character, providing context that aids interpretation.
  [ID: 280d8ecf-edbf-4c05-a3bc-111253bb47e5] Reasoning: This sentence discusses a proposed change of use from a residential dwelling to a church, but it does not provide significant interpretive context regarding the term 'residential dwelling'.
  [ID: 944f6d4c-3b5a-421e-8556-693ede25d4b2] Reasoning: This sentence describes a legal action regarding the construction of a dwelling and the alleged waiver of restrictions, but it does not clarify the term 'residential dwelling' in a meaningful way.
  [ID: e7eb264a-0d48-4574-b6d8-afe666c44416] Reasoning: This sentence states that a residential dwelling remains on a lot, but it does not provide any interpretive context or application of the term.
  [ID: 861e21de-96b5-45eb-950c-b6e4f0e50a5c] Reasoning: This sentence explains the HIA's interpretation of a covenant regarding residential dwellings and its purpose, providing valuable context for understanding the term.
  [ID: 212cd890-96a7-4a86-a919-bbf89f1f940b] Reasoning: This sentence clarifies that a pool house is not considered a second residential dwelling, which provides useful interpretive context regarding the term.
  [ID: 729ba63f-b355-48a6-92ce-4ab1b824094d] Reasoning: This sentence reiterates the HIA's enforcement of the restriction on residential dwellings but does not add new interpretive value.
  [ID: b4546cdf-e86f-49e0-b631-f9b9d3abd00e] Reasoning: This sentence states that certain structures are not considered residential dwellings, but it does not provide significant interpretive context or application.
  [ID: 43fbd3d0-52ec-4b07-b701-b85b4dbdafa5] Reasoning: This sentence distinguishes between a residential dwelling and other structures, providing some interpretive context regarding the term.
  [ID: b864e8ef-8a53-41e4-9787-fdf1ab9536a1] Reasoning: This sentence reiterates a legal interpretation regarding the covenant but does not add new interpretive value regarding residential dwellings.
  [ID: de5433cc-9139-4da5-a197-aeaa267d9828] Reasoning: This sentence discusses a legal decision related to the restriction on residential dwellings but does not clarify the term in a meaningful way.
  [ID: 9c1634ea-1d3b-4f34-9ffc-a51022b5f3f1] Reasoning: This sentence explains the purpose of a covenant related to residential density, providing context that aids interpretation.
  [ID: 04dc77eb-348d-41ad-8813-fd67572cf15a] Reasoning: This sentence describes zoning restrictions related to residential dwellings but does not provide significant interpretive context.
  [ID: 6770a823-7f3d-45fa-83dc-fa2fb9aea300] Reasoning: This sentence states a procedural requirement for owners of residential dwellings but does not provide interpretive context regarding the term.
  [ID: 14cdadd9-78a0-4f17-a966-3c5b46344012] Reasoning: This sentence defines 'employee' in relation to residential dwellings but does not clarify the term 'residential dwelling' itself.
  [ID: d26c6c0e-8fa8-41f4-afd5-7a3d603e9662] Reasoning: This sentence discusses vacancy decontrol for residential dwelling units but does not provide significant interpretive context regarding the term.
  [ID: e6976163-2a29-4445-a2b1-3dd298ba1ba2] Reasoning: This sentence states that certain acres are restricted to single residential dwelling purposes but does not provide new interpretive context.
  [ID: 9521a343-8fb0-4061-ab32-1481efd96f6c] Reasoning: This sentence describes zoning regulations for residential dwellings but does not provide significant interpretive context regarding the term.
  [ID: 38c381d8-02f7-4d58-a507-10c9dcdef7c8] Reasoning: This sentence discusses a legal issue related to a residential dwelling but does not clarify the term in a meaningful way.
  [ID: 1377c9d3-ceb4-4f7a-8161-1b9565fb2bc8] Reasoning: This sentence states that a property was purchased to construct residential dwellings but does not provide significant interpretive context.
  [ID: 6d52f55b-43e5-4b1c-a3af-50ccd7c3ff57] Reasoning: This sentence discusses mechanics' liens related to the construction of residential dwellings but does not clarify the term in a meaningful way.
  [ID: 814b0b2b-9ddf-4a7a-8d29-292ed37ff810] Reasoning: This sentence describes a property containing a residential dwelling but does not provide significant interpretive context regarding the term.
  [ID: 4d1cabf9-71c8-4356-bdaf-7fab7f3f4775] Reasoning: Discusses the right to rescind in non-purchase-money mortgages on residential dwellings, providing context on consumer rights under TILA.
  [ID: 7ce67d0d-4c2f-43a8-84e5-9eb6136cc1e6] Reasoning: Describes a range of real estate transactions, including residential dwellings, but lacks depth in legal interpretation or application.
  [ID: 1afa7acf-a8d9-4b0b-808a-2b222ab3ec9d] Reasoning: Cites an ordinance regulating activities at residential dwelling units, providing a specific legal application of the term.
  [ID: 58a2dc64-77c7-4d59-ad03-f1d756fe3857] Reasoning: Clarifies that certain houses are residential dwellings rented by individuals recovering from addiction, adding context to the term's application.
  [ID: 3b3c05d6-e433-4b96-ad98-19b9cc746457] Reasoning: Mentions security interests in loans secured by residential dwelling units, indicating a financial context but lacking deeper legal analysis.
  [ID: 4dc64073-74af-43e2-b68e-fa92f28e0714] Reasoning: Long citation of case law discussing copyright issues related to residential dwellings, but does not directly interpret the term itself.
  [ID: 1d9a3529-b13c-4a64-a05e-d48ac9b3bd1f] Reasoning: References charges for installation in residential dwellings, providing a factual context but lacking interpretive depth.
  [ID: f67a78a4-6ec2-41f3-89dc-dc678c76ce89] Reasoning: Describes a product related to a residential dwelling, but does not provide legal context or interpretation.
  [ID: e5ebe9d8-1c56-4a0a-bb90-5b18d61958c2] Reasoning: Mentions construction of residential dwellings, providing factual information but lacking legal analysis.
  [ID: e6efd41f-3dd3-48dc-9c82-8991bb66ae46] Reasoning: Describes a residential dwelling building agreement, providing context for contractual obligations but lacking deeper legal interpretation.
  [ID: 54769520-277b-498c-b21a-fd7d5b806eb5] Reasoning: Discusses an insurance policy for a residential dwelling, providing context for property protection but lacking legal depth.
  [ID: fcec98f2-ab25-43bc-ac06-6e5d55af2d15] Reasoning: Describes the purchase of a residential dwelling, providing factual context but lacking legal interpretation.
  [ID: d4399673-b5d5-4738-af09-86d3145cbc48] Reasoning: Mentions a mortgage company involved with residential dwellings, providing context but lacking deeper legal analysis.
  [ID: 0caf768a-e5e0-4ba2-ac50-2751837977c7] Reasoning: Cites a regulation concerning adult businesses near residential dwellings, providing a specific legal application of the term.
  [ID: 127f560c-1565-430b-96f6-6877d4f37441] Reasoning: Discusses changes to zoning ordinances affecting residential dwelling units, providing context for legal implications.
  [ID: d143a871-f79c-47dc-aac5-91d75c238f7c] Reasoning: Cites regulations on adult entertainment businesses near residential dwellings, providing a specific legal context.
  [ID: 6b9a688b-cf82-4a68-82ad-5f1e8dc46112] Reasoning: Describes zoning classifications that include residential dwellings, providing context but lacking deeper legal analysis.
  [ID: caa4447f-69b5-48ce-b3af-f8c9a1cc47b8] Reasoning: Mentions development of residential dwellings, providing factual context but lacking legal interpretation.
  [ID: 0ee269d2-1840-4eb9-a9cb-3c6fa2a5e82e] Reasoning: Discusses burglary laws in relation to residential dwellings, providing a legal context that aids interpretation.
  [ID: 2f9a27e2-c296-4090-a533-bc8c1b8c13b8] Reasoning: Cites a Supreme Court decision clarifying that burglary does not only involve residential dwellings, providing critical interpretive guidance.
  [ID: b120ebcd-17db-4ae2-b6a3-496f411aac21] Reasoning: Discusses installation preferences in residential dwellings, providing context for practical applications but lacking legal depth.
  [ID: 07691a7e-5474-4afd-9286-85de9fac084a] Reasoning: Mentions a broad definition of modular homes that includes residential dwellings, providing context for legal interpretation.
  [ID: c83a2b85-ea3b-4ca8-bb66-7649f2f29a13] Reasoning: Describes zoning permissions for residential dwelling units, providing context for legal implications but lacking deeper analysis.
  [ID: ef08e4b2-060b-4c99-8a1e-b630282afa8c] Reasoning: Describes a transfer to a residential dwelling unit, providing context but lacking legal interpretation.
  [ID: 72563403-adaa-48ce-a932-f1198b54f5ef] Reasoning: Describes a specific residential dwelling in a legal context, providing factual information but lacking deeper legal analysis.
  [ID: 0e07edac-83cd-447a-879a-b9ef16365995] Reasoning: Describes a contract for constructing a residential dwelling but does not provide any interpretive context or application of the term.
  [ID: 46e612ea-5e33-4287-8cdc-b53903112f71] Reasoning: Mentions a denial of a building permit for a residential dwelling due to height restrictions, but lacks deeper analysis or implications.
  [ID: d47a60b2-d1a9-4b36-acf9-549aa097a0c2] Reasoning: Discusses a lawsuit regarding deed restrictions on a residential dwelling, but does not elaborate on the legal implications or context.
  [ID: d1583445-dbba-4c4c-a6b0-85afd30e098e] Reasoning: Involves a lawsuit related to a residential dwelling but does not provide any interpretive context or application of the term.
  [ID: 7b0b46ef-9ff4-4934-81a5-8242413b5b79] Reasoning: Defines subdivision and mentions residential dwellings but does not provide any interpretive context or application.
  [ID: d388fd77-2cfd-42cb-904f-308f7be9e831] Reasoning: Mentions counterclaims related to a residential dwelling but lacks deeper analysis or implications.
  [ID: 4054da13-2532-476f-9eb7-ee942b8c17b4] Reasoning: Mentions a request for service related to a residential dwelling but does not provide any interpretive context.
  [ID: 288726e0-f984-474c-b32b-b593bee97f9a] Reasoning: Discusses refuse collection in residential dwellings but does not provide any interpretive context or application.
  [ID: c6d87d90-f627-4b03-bc10-deb8f15f8780] Reasoning: Mentions impacts of building a residential dwelling but does not provide any interpretive context or application.
  [ID: c756f129-9348-47f0-b046-197daf3f1af9] Reasoning: Discusses wetlands designation barring construction of a residential dwelling but lacks deeper analysis or implications.
  [ID: ee57941c-0809-40a2-b081-57f93cab7bbb] Reasoning: Involves a legal inquiry about the capability of land to support a residential dwelling but does not provide interpretive context.
  [ID: af75e1ed-e646-4aa1-b301-e01e60e3b5e2] Reasoning: Mentions a contract for excavating for a residential dwelling but does not provide any interpretive context or application.
  [ID: d5a906cb-a7a0-4d7f-ad4f-7bb1d2c31523] Reasoning: Describes a proposed development for residential dwellings but lacks deeper analysis or implications.
  [ID: 78548b30-e876-4fb5-8352-59d7619d6ac4] Reasoning: Mentions conditions for residential development but does not provide any interpretive context or application.
  [ID: 0be436b7-d74f-4d42-a611-57b6be305f72] Reasoning: Discusses a zoning board's opinion on residential dwellings but lacks deeper analysis or implications.
  [ID: e959208b-7b9f-470d-9b0d-3a155961d07a] Reasoning: Mentions the need to prove customary use of dogs in residential dwellings but does not provide interpretive context.
  [ID: 37d43ed3-6c04-4c74-8fb4-369f6ffe0f08] Reasoning: Discusses requirements for accessory structures in residential dwellings but lacks deeper analysis or implications.
  [ID: 5157a6d8-498b-45f7-8d5f-84cc80cdfdba] Reasoning: Mentions conditions for splitting land for residential dwellings but does not provide any interpretive context.
  [ID: 29cfe841-c430-4040-aed3-8237043e78d8] Reasoning: Mentions a type of location (residential dwelling) in a legal context but does not provide any interpretive context.
  [ID: 5beab844-63bf-460b-a68d-689b27e80843] Reasoning: Cites zoning ordinance provisions related to residential housing but does not provide any interpretive context or application.
  [ID: 1eca57ce-56d8-42ef-9049-c4cdccf6390e] Reasoning: Mentions the presence of a residential dwelling on a property but does not provide any interpretive context.
  [ID: aab7a32b-61d7-41a8-ba71-9bcd0b50d897] Reasoning: States that residential dwellings are the least restrictive use in zoning but lacks deeper analysis or implications.
  [ID: e92fcd6a-b973-4440-9721-78175348686b] Reasoning: Mentions a prohibition on constructing residential dwellings near highways but does not provide any interpretive context.
  [ID: fee7c408-d87b-4ba8-83b9-82883d8620ba] Reasoning: Discusses lien claims related to residential dwelling units but does not provide any interpretive context.
  [ID: 11903cf2-2857-46c9-ba6d-bab3b02cec51] Reasoning: Mentions the number of residential dwelling units in a subdivision but does not provide any interpretive context.
  [ID: 2d5a94cc-eeba-49cb-be64-987d7cf248c0] Reasoning: This sentence describes a specific instance of constructing a residential dwelling but does not provide any interpretive context or legal analysis related to the term 'residential dwelling'.
  [ID: 37ce6438-925c-4e62-b809-72d17533e9e5] Reasoning: This sentence states that the UFFI Act authorized the creation of a trust fund for testing and removal of UFFI from residential dwellings, but it does not elaborate on the implications or applications of this provision.
  [ID: b0fb229a-bc97-43c2-a94f-ea675e394194] Reasoning: This sentence discusses concerns about landfill gas affecting future residential dwellings but lacks deeper legal analysis or context regarding the term 'residential dwelling'.
  [ID: 36cb6cb7-dbc0-43ae-89f8-59bc516563e5] Reasoning: This sentence mentions the permitted use of a parcel for single-family residential dwellings but does not provide further interpretive context or legal implications.
  [ID: ef19b1fb-0744-49c2-9920-9295c8cfaf0d] Reasoning: This sentence describes a search warrant related to a residential dwelling but does not provide any interpretive context or legal analysis regarding the term 'residential dwelling'.
  [ID: 77c52918-ffd0-45c5-9d5d-db1b9784a968] Reasoning: This sentence discusses the warrant's identification of a residential dwelling but does not add any interpretive value or legal analysis regarding the term.
  [ID: afb9d50c-e8c0-4baa-8ce2-dc6905f0a4ba] Reasoning: This sentence quotes the search warrant application without providing any additional interpretive context or legal analysis.
  [ID: b8e47d93-ab3b-47d4-8121-fb041b82397b] Reasoning: This sentence states that police saw nothing to suggest a residence functioned as a permanent dwelling but lacks deeper legal analysis or context.
  [ID: 15d918d3-840b-45a5-ac3a-bc8cf6025232] Reasoning: This sentence mentions buyers contractually bound to build a residential dwelling unit but does not provide further interpretive context or legal implications.
  [ID: 9dbcfb1a-2037-4ba4-8bb6-184911d36aad] Reasoning: This sentence discusses the potential number of residential dwelling units in a development but lacks deeper legal analysis or context regarding the term.
  [ID: d19f286a-87b5-4345-b033-a3bf7ec6b60f] Reasoning: This sentence states an increase in permissible residential dwelling units but does not provide any interpretive context or legal analysis.
  [ID: 2b03ff10-c3fe-4058-aa5c-ad9b7f086abb] Reasoning: This sentence references a legal case regarding the implied warranty in the rental of residential dwellings, providing some context but lacking depth in analysis.
  [ID: 0864c7d0-1131-42e3-b768-79b0630d9ec5] Reasoning: This sentence discusses the duty of a landlord regarding a residential dwelling but does not provide deeper legal analysis or context.
  [ID: c795c266-c4fd-493a-a1c1-fb0d011f89a9] Reasoning: This sentence discusses the impact of industrialization on residential dwellings but lacks deeper legal analysis or context regarding the term.
  [ID: 2e752d95-96db-4722-8a3a-0b665e01a026] Reasoning: This sentence discusses legal redemption rights related to a residential dwelling but does not provide deeper interpretive context or analysis.
  [ID: 5eceafc7-1652-45fb-8488-e2ef141ead29] Reasoning: This sentence describes a class action related to residential homes but does not provide deeper legal analysis or context regarding the term.
  [ID: 3d1f4fc9-876f-408b-a4af-26e42bd35217] Reasoning: This sentence discusses allegations related to the sale of residential dwellings but does not provide deeper legal analysis or context.
  [ID: f24bd866-81eb-4beb-bc37-a6cb3cb78f4a] Reasoning: This sentence discusses the highest and best use of property including residential dwellings but lacks deeper legal analysis or context.
  [ID: 5825283d-14aa-45b7-aa3e-198a6e00431d] Reasoning: This sentence references a legal case discussing police approaches to residential dwellings but does not provide deeper interpretive context or analysis.
  [ID: 47fe454b-2e9e-440a-b5cc-060cb9f04dc8] Reasoning: This sentence states that a house was occupied as a residential dwelling but does not provide any interpretive context or legal analysis.
  [ID: c1aae712-0bc1-40c4-802e-0e04a884d19a] Reasoning: This sentence discusses a standard form for the sale of single-family residential dwellings but lacks deeper legal analysis or context.
  [ID: 57287cf9-827f-4c74-a6c4-458b4e081367] Reasoning: This sentence discusses a contract for the sale of residential dwellings but does not provide deeper legal analysis or context.
  [ID: f2fba07e-56c3-4b72-8055-dfd635d94f8c] Reasoning: This sentence discusses sound exposure reduction to residential dwellings but lacks deeper legal analysis or context regarding the term.
  [ID: bbc8f146-2b71-43e1-ad50-89945186c80d] Reasoning: This sentence discusses legal actions related to residential dwelling leases but does not provide deeper interpretive context or analysis.
  [ID: b32e5791-5e3a-4cdc-811d-7a9f5e5fa053] Reasoning: Mentions residential dwelling units in the context of a legal case involving housing development, but does not provide deeper interpretive context or application.
  [ID: 1264fdf9-770b-4e29-a896-b1905c04cee2] Reasoning: Describes the process of terminating service to a residential dwelling, but lacks interpretive depth regarding the implications of this action.
  [ID: 5ddd7cd8-ff9e-4817-8b4e-74b13d86b0ad] Reasoning: Discusses the sale of lots for residential dwelling units, but does not elaborate on legal implications or applications.
  [ID: 640e4b6e-6c85-4df9-b65b-3ce0f895c06a] Reasoning: Mentions energy sources for residential dwellings but does not provide specific legal context or implications.
  [ID: e297efed-686d-4d8e-9295-c2df0f602a8c] Reasoning: States a limitation on the number of unrelated people living in a residential dwelling, but lacks further context or legal analysis.
  [ID: 6598cc1d-c7fd-41e9-9a60-f28a975b99a6] Reasoning: Indicates a requirement for occupancy of a residential dwelling unit by one family, but does not elaborate on legal implications.
  [ID: 5fca5d8f-f869-44b1-a661-639c5b0e0bd4] Reasoning: Mentions refuse collection from residential dwellings but does not provide interpretive context or legal implications.
  [ID: a5242436-0a23-4e86-9500-38a77ec20af8] Reasoning: Alleges deprivation of rights related to living in a residential dwelling, providing some context but lacking detailed legal analysis.
  [ID: 2f0711e7-5e16-4e8d-96f6-f57378153d8e] Reasoning: Describes a specific property with a residential dwelling but does not provide legal context or implications.
  [ID: fb9b5d14-8a2a-42b6-b3fe-df83d9f76cf5] Reasoning: States that an outbuilding is part of a residential dwelling, but lacks legal context or implications.
  [ID: eded4c1a-de98-4831-8d96-cd4d851698ea] Reasoning: Cites property insurance in relation to maintaining a residential dwelling, but does not provide deeper legal context.
  [ID: 787b9907-eafc-4f12-b674-4d6edfc98300] Reasoning: References court cases interpreting regulations related to residential dwellings, providing some legal context but lacking depth.
  [ID: 7d796240-ff2b-4aee-ac97-ce4b614ceca2] Reasoning: Duplicate of the previous sentence, providing no additional value.
  [ID: 3e85bcc7-6faa-4bbd-a71a-9e1a4316fc05] Reasoning: Discusses the lease of land and purchase of a house for a residential dwelling but lacks legal implications or context.
  [ID: 4957cb00-9b7c-4c0c-99b4-d2f21ac526cd] Reasoning: Describes the construction of residential dwellings by the Salvation Army but lacks legal context or implications.
  [ID: 5d21207f-52f6-4ff6-9e38-2a0aeeff024f] Reasoning: Similar to the previous sentence, providing no additional interpretive value.
  [ID: 6c807d86-1a20-4ab8-adbc-a884f320050f] Reasoning: Mentions zoning districts for residential dwelling units but lacks specific legal implications or context.
  [ID: d50b3de6-fec2-4cf0-8091-5d070573b17f] Reasoning: Discusses lead exposure notifications for residential properties but lacks deeper legal context or implications.
  [ID: 28dcf359-b579-49ce-aa87-c72e977c6ed7] Reasoning: Defines 'home' and 'principal residence' in relation to residential dwellings, providing some interpretive context.
  [ID: e709dafa-0f10-4da2-bbc7-09cc6bba1662] Reasoning: States that nonjudicial foreclosure is not permitted on one-family residential dwellings, providing specific legal context.
  [ID: 92c9df1f-64b3-4aea-9783-2d6860d7f917] Reasoning: Mentions a potential challenge to zoning laws regarding residential dwellings, providing some interpretive context.
  [ID: 9c1eb36e-a822-4612-b07b-5a5a41cf007d] Reasoning: Discusses zoning ordinances in relation to residential dwellings, providing some legal context but lacking depth.
  [ID: 40b1ace4-bb55-44d7-9a99-96ebdf071c73] Reasoning: Mentions a prohibition that may be waived in relation to residential dwellings, providing some legal context.
  [ID: c4512601-313d-430d-9b9d-1f9a86a742e8] Reasoning: Describes an ordinance related to garbage service for residential dwelling units, providing some legal context.
  [ID: 87635658-6f14-4bee-a8d0-9c7a0c74492d] Reasoning: Mentions a project focused on the rehabilitation of residential dwellings, providing some context but lacking depth.
  [ID: c5913c4f-74a8-494d-b01d-d36005c91a51] Reasoning: Describes a specific case involving the construction of residential dwellings but does not provide interpretive context or application of the term 'residential dwelling'.
  [ID: 08bb7c96-a969-4c45-accc-aec03b1fec00] Reasoning: Mentions 'single residential dwelling' in the context of an ordinance but lacks depth in explaining its implications or applications.
  [ID: 64bc90be-023f-456b-8684-824a00db923b] Reasoning: Defines 'occupant' in relation to a single residential dwelling, providing some interpretive context but not significantly expanding on the term's application.
  [ID: 2280e32a-7887-4c35-b5be-9ab2c89a4f61] Reasoning: Discusses the targeted picketing ordinance and its focus on protecting occupants of a single residential dwelling, providing relevant context.
  [ID: 235914bc-2deb-49a4-8517-bfbff097eb55] Reasoning: Explains the limitations on picketing in residential neighborhoods, which adds context to the application of the term 'residential dwelling'.
  [ID: fd94f960-16bb-4589-a12b-8d1b971641e2] Reasoning: Clarifies the ordinance's prohibition on targeted residential picketing without consent, providing important interpretive context.
  [ID: 04d1375a-e958-4a8e-86a5-67d1649bc343] Reasoning: Defines 'targeted residential picketing' in relation to a single residential dwelling, which adds clarity to the term's application.
  [ID: 7cea2502-4260-4bde-83d5-bd52c82a193c] Reasoning: Discusses the ordinance's interpretation regarding the term 'occupant', which adds some interpretive depth but is somewhat limited.
  [ID: 71981e23-5aef-4371-a90b-a0c38187bef6] Reasoning: Mentions the impact of supportive housing facilities on residential dwellings but lacks specific interpretive context.
  [ID: 28d49904-d116-4737-863f-064f7a53f073] Reasoning: Describes a court decision regarding zoning authority and residential dwellings but does not provide significant interpretive context.
  [ID: 6927b4f1-9d30-481b-a2b3-b618b48d88f7] Reasoning: Details a specific permit granted for a residential dwelling but does not add interpretive value beyond the factual description.
  [ID: ef42ccee-f014-477f-b409-1c97c9c94cae] Reasoning: Mentions residential dwellings in the context of financial transactions but lacks depth in interpretation.
  [ID: 4665666d-2aa1-4633-9196-3f96dcb083b4] Reasoning: Describes a legal provision regarding rent increases in residential dwellings but does not provide significant interpretive context.
  [ID: e713481d-f313-45ee-a1e2-338c552a975e] Reasoning: Similar to the previous sentence, it discusses rent increases in residential dwellings without adding interpretive value.
  [ID: a56430a7-cbee-4b95-8e27-9e40933cdbf8] Reasoning: Defines 'Rental Units' in relation to residential dwellings but does not provide significant interpretive context.
  [ID: ae237b84-0860-4070-b67d-a93914b90ee8] Reasoning: Mentions developers of residential dwellings but lacks depth in interpretation or application.
  [ID: e4b020be-56ec-4bd8-ab5c-2d3cb42bb009] Reasoning: Describes the action of erecting residential dwelling houses but does not provide interpretive context.
  [ID: 1743bdc8-9f03-453f-94cc-ecdef3ba4373] Reasoning: Mentions the presence of residential dwellings but does not provide any interpretive value.
  [ID: c4d9ac46-c4f4-49c9-8475-f3148a34ecc8] Reasoning: Describes ownership of a residential dwelling but lacks interpretive context or application.
  [ID: ae048e9a-7837-440f-87ba-cbb941ed51bc] Reasoning: Mentions the doctrine of caveat emptor in the context of new residential dwellings but does not provide significant interpretive value.
  [ID: 7da9324b-126f-472a-9c0f-fc3446e5bd26] Reasoning: Discusses restrictive covenants related to residential dwellings but does not provide significant interpretive context.
  [ID: 8e99c878-c971-4ce4-a464-7f620cf178a9] Reasoning: Mentions safety and welfare considerations in relation to residential dwellings but lacks depth in interpretation.
  [ID: 80df75f4-f3cc-45a2-98ad-4c09d8dd8d58] Reasoning: Cites a case regarding residential dwelling purposes but does not provide significant interpretive context.
  [ID: c466ce01-84ea-4428-a0f7-bf89dc0a71ff] Reasoning: Mentions zoning by-law prohibiting residential dwelling units but lacks interpretive context.
  [ID: 6d74b466-e371-402f-8bec-bcdaac2fcf90] Reasoning: Describes zoning ordinances allowing multi-family residential dwellings but does not provide significant interpretive context.
  [ID: eea027a6-4c64-400b-9aeb-d293f6e6c4f8] Reasoning: This sentence quotes a court's finding regarding a specific property being classified as a residential dwelling, but it does not provide any new interpretive context or application beyond the statute itself.
  [ID: 2327fb4d-7b05-4c51-bc52-42e6d4e3347d] Reasoning: This sentence describes a building with specific features as a residential dwelling, but it lacks deeper interpretive context or legal implications.
  [ID: 01d5268d-170c-4ece-b2fe-1d69425f4ea3] Reasoning: This sentence discusses a legal distinction made by plaintiffs regarding the intended use of a property as a residential dwelling, but it does not clarify the legal implications or context of that distinction.
  [ID: d5cbcb09-235f-4149-865f-550597ddd2d9] Reasoning: This sentence mentions a failure to allege facts regarding a residential dwelling's compliance with statutory duties, but it does not provide new insights or applications of the term.
  [ID: c235af6b-bbf6-4c34-8750-bd24d3f0d64f] Reasoning: This sentence references a trial judge's statement about the classification of a chalet as a residential dwelling, but it does not add interpretive value beyond the statute.
  [ID: 5ca3d027-e96c-4049-b20f-cbe74099841b] Reasoning: This sentence states a transaction involving a single-family residential dwelling but does not provide any interpretive context or legal analysis.
  [ID: 2640e8cb-7518-44f7-89a0-6c78d669ba43] Reasoning: This sentence discusses a breach of warranties related to a newly constructed residential dwelling, providing some context about legal obligations but lacking deeper interpretive analysis.
  [ID: 5d92dcca-7d9f-4298-8682-a4386f4a23eb] Reasoning: This sentence discusses an injunction related to constructing more than one private residential dwelling, which provides some context about legal restrictions but lacks depth.
  [ID: 82668764-e8dc-4e60-a50b-4bfc7d6baca6] Reasoning: This sentence states that ownership status of a residential dwelling is irrelevant to its use, which provides a legal principle but lacks specific application or context.
  [ID: 6ec1e179-ecc6-4425-aeed-e1a57deba987] Reasoning: This sentence describes the characteristics of structures that may qualify as residential dwellings, providing some interpretive context about definitions but lacking specific legal application.
  [ID: d8ffcfc9-b3f5-40ac-acd8-6ff380ff3765] Reasoning: This sentence quotes a property description from a sales contract, which does not provide any new interpretive context or application of the term residential dwelling.
  [ID: 0ea51df1-4881-4959-b775-af18e57b6907] Reasoning: This sentence discusses a redevelopment project involving residential dwelling units, but it does not provide any new interpretive context or legal implications.
  [ID: f55777c6-c068-477c-89f5-7fe2bd2fdb97] Reasoning: This sentence defines a tenant in relation to a residential dwelling unit, providing some context about tenant rights but lacking deeper legal analysis.
  [ID: 460cebcb-91a5-4372-9863-5c0b3466d257] Reasoning: This sentence discusses the duty of a residential dwelling owner to inspect and repair, providing a clear application of legal obligations but lacking broader interpretive context.
  [ID: 77d56f3b-73ad-4083-ba9c-75c7ac9cfefc] Reasoning: This sentence discusses the intended use of loan proceeds for constructing a residential dwelling, providing context about financing but lacking deeper legal implications.
  [ID: 827750b1-fca3-4dce-909c-f4e04ccd3461] Reasoning: This sentence mentions injunctions related to building residential dwellings, providing some context about legal restrictions but lacking depth.
  [ID: 10720e15-e247-4147-9b6a-ada9de728cd1] Reasoning: This sentence describes an observation related to a residential dwelling's construction, but it does not provide any new interpretive context or application.
  [ID: 2e419ad2-439b-438f-a38a-341525f613d3] Reasoning: This sentence defines a mobile home as a type of residential dwelling, but it does not provide any new interpretive context or application beyond the definition.
  [ID: 3244a775-3e58-4f96-828a-392e7c013f78] Reasoning: This sentence discusses zoning classifications related to residential dwellings, providing some context about land use but lacking deeper legal implications.
  [ID: 916cbfb9-c093-4202-b1ad-6f0240b3fca8] Reasoning: This sentence discusses a trial judge's action regarding residential dwelling units per acre, providing some context about legal determinations but lacking depth.
  [ID: c88fdf19-1063-4897-ad91-22f12abcc386] Reasoning: This sentence discusses a negligence action involving a multifamily residential dwelling, providing context about legal responsibilities but lacking deeper interpretive analysis.
  [ID: 348941c9-44f5-4a18-ab53-0138eae337bb] Reasoning: This sentence outlines conditions under which a residential dwelling may be constructed, providing some legal context but lacking deeper interpretive analysis.
  [ID: 2ce1c429-c50a-4a9d-af1f-e3fd659daab0] Reasoning: This sentence discusses restrictions on constructing residential dwellings on certain lots, providing legal context but lacking deeper interpretive analysis.
  [ID: bdba10c0-3e13-4440-a86c-a9f055feaadd] Reasoning: This sentence encourages compliance with an ordinance regarding residential dwellings, but it does not provide any new interpretive context or application.
  [ID: 61840424-191f-4024-9145-125b41f8b5fd] Reasoning: This sentence discusses the implications of a projectile being hurled into a residential dwelling, providing some context about liability but lacking deeper legal analysis.
  [ID: ee9bd307-05e2-4674-b490-64093ceb4ec9] Reasoning: Describes a specific ordinance related to impact fees for residential dwellings, providing context on how the term is applied in local governance.
  [ID: bac8a198-55a6-41be-9dc4-e01bb9c939e0] Reasoning: Discusses a legal action involving the use of residential dwellings for assembly, highlighting the intersection of zoning laws and religious rights.
  [ID: 2201bf1c-51a6-4242-a83e-7bfbab50ca92] Reasoning: Details a court injunction that addresses the use of residential dwellings for religious assembly, providing insight into legal interpretations of zoning codes.
  [ID: 2ac0465f-8da8-4aca-9dab-bdad491e9044] Reasoning: Describes a court order requiring changes to zoning codes to protect the right to assemble in residential dwellings, illustrating the legal implications of such definitions.
  [ID: 7ccc4763-0483-4736-bf96-cfe8187cb538] Reasoning: Summarizes a court injunction that affects the interpretation of zoning codes regarding residential dwellings, providing context on legal enforcement.
  [ID: 62e93325-bcd4-4f60-ae40-e9e56b7b7f58] Reasoning: States a requirement for municipalities to permit residential facilities for handicapped persons, relevant to the definition of residential dwellings.
  [ID: 01ef7a98-cb8f-4ef0-aed3-7ca0f63c36c9] Reasoning: Discusses the permitting process for residential facilities for handicapped persons, relevant to the application of residential dwelling definitions.
  [ID: dcec39c8-eb61-4db2-add2-a31a6ae4dde6] Reasoning: Mentions the ORLTA governing rights related to residential dwelling leases, providing context on tenant rights and legal frameworks.
  [ID: c92d6d8a-bc2b-4f22-9dd5-40265206782a] Reasoning: Discusses actions to ensure safety in residential dwellings, relevant to health and safety standards in housing.
  [ID: 6ba6d10c-5c32-44f0-a7cf-cc45099429bf] Reasoning: Describes the proximity of residential dwellings to a crime scene, providing context on the implications of residential areas in legal cases.
  [ID: 5a84c99d-bac2-4e59-9e0c-56dde1dfca54] Reasoning: Cites a case regarding zoning and residential dwellings, but lacks depth in interpretation or application.
  [ID: dffce560-47f0-4d75-a73b-2434acb4138c] Reasoning: Discusses homestead exemptions related to residential dwellings, relevant to property law but lacks broader interpretive context.
  [ID: 68d9df70-4648-4889-b08e-aae82127376e] Reasoning: Questions regarding creditor remedies related to residential dwellings, relevant but lacks depth in legal interpretation.
  [ID: 96bc9194-a72b-4751-b9e8-5b1e41c8c80d] Reasoning: Inquires about judicial liens on residential dwellings, relevant to property law but lacks interpretive depth.
  [ID: 12363a2c-dd8e-43a6-b2cb-d50eef73af78] Reasoning: Describes a lease agreement for a residential dwelling, providing context but lacking broader legal implications.
  [ID: 11f5da1b-98dc-417d-ae0a-99e980d8c25b] Reasoning: Mentions a contract for the construction of a residential dwelling, but lacks interpretive context.
  [ID: eb597024-398f-48a5-b8d1-e03d7c7f3ab4] Reasoning: Discusses a statutory exception for residential dwellings, but does not provide additional interpretive context.
  [ID: 5ce9fb43-601f-4fbc-8f1b-d85d2f5836ed] Reasoning: Describes zoning designations for residential dwellings, but lacks depth in legal interpretation.
  [ID: 77d35ccc-2156-4b70-b605-9d31e0c6e9ea] Reasoning: Cites various legal sources but does not provide substantive interpretive value regarding residential dwellings.
  [ID: e7132916-e32b-49f3-98b6-9981e691d896] Reasoning: Defines 'visible evidence of mold' in residential dwellings, providing specific context but limited broader application.
  [ID: 7be291af-c66b-42e6-be5a-49023341c41a] Reasoning: Alleges construction issues in a residential dwelling, relevant but lacks broader legal implications.
  [ID: eb5c73f3-fb0d-45ce-b985-411d5dcaf9fd] Reasoning: Discusses the standard of care for builders of residential dwellings, providing context on legal expectations.
  [ID: c9d481e6-bea4-4e1b-a72b-21ede84cb4c5] Reasoning: Mentions prior convictions related to residential dwellings, relevant to criminal law but lacks broader interpretive context.
  [ID: 9280b506-83a2-4546-8bf0-f4f895a2458a] Reasoning: Discusses risks associated with termiticides in residential dwellings, relevant to health and safety regulations.
  [ID: 6a7ab50e-2c77-4132-91f5-b8d1a2ea6003] Reasoning: Describes the Ryan Defendants' history in building residential dwellings, relevant to liability but lacks broader implications.
  [ID: 4d6ad6f3-a880-4e57-84ff-e06002285612] Reasoning: This sentence discusses a court case involving a fee for residential dwellings, but does not provide deeper interpretive context or analysis of the term 'residential dwelling'.
  [ID: de32cf76-c579-4edf-8cc1-73a345314546] Reasoning: This sentence describes property use but does not elaborate on the implications or legal interpretations of 'residential dwelling'.
  [ID: 0e2a49d8-642b-4c65-90fd-6060dd3c603d] Reasoning: This sentence indicates intent to sell lots for residential dwellings, but lacks deeper legal analysis or implications regarding the term.
  [ID: 70f07c9f-c91c-41de-9aff-b481f3e9716c] Reasoning: This sentence discusses a requirement for workers' compensation in the context of constructing residential dwellings, providing some context but lacking deeper interpretive value.
  [ID: a5dee0d3-03e7-44eb-93a5-ba3f1ff8aa7a] Reasoning: This sentence describes a legal complaint regarding the interpretation of an ordinance related to residential dwellings, but does not clarify the term's legal implications.
  [ID: ab9d785c-1b91-4c09-8921-8dd9e42b87e0] Reasoning: This sentence mentions risks associated with purchase money mortgages for residential dwellings but does not provide significant interpretive context.
  [ID: 0f2e0a8e-f552-422c-afeb-af136626877a] Reasoning: This sentence discusses police actions near a residential dwelling but does not provide relevant legal interpretation of the term.
  [ID: 7f91fbe6-1c1a-448f-a7b0-9c75c442ae79] Reasoning: This sentence defines property classes including residential real property, but does not add significant interpretive value regarding 'residential dwelling'.
  [ID: 124ffc5f-76ee-4125-a3fd-f96147667554] Reasoning: This sentence discusses a covenant related to temporary structures and residential dwellings but lacks deeper legal analysis.
  [ID: a58dc3f4-276f-469b-8412-76938d1193b7] Reasoning: This sentence references the Federal Fair Housing Act and its protections related to residential dwellings, providing some context but lacking depth.
  [ID: 52661e35-e3dc-4bb1-b321-5e81cc0481a7] Reasoning: This sentence describes a contract for the sale of a residential dwelling but does not provide interpretive context or legal implications.
  [ID: 47636458-6e52-4dfc-9d12-6871b9bf4a3b] Reasoning: This sentence discusses wastewater discharge from residential dwelling units but does not provide significant interpretive value.
  [ID: be3af3a5-d9dd-4f35-bbd8-572f991fedb4] Reasoning: This sentence outlines a prohibition on requiring escrow services for transfers of residential dwellings, but lacks deeper interpretive context.
  [ID: 8943518e-e439-4202-91a2-21a24adbbd64] Reasoning: This sentence defines 'real estate developer' in relation to residential dwellings but does not provide significant interpretive depth.
  [ID: 6518bb4f-aced-4f22-b70f-a94c8ba5729f] Reasoning: This sentence references several cases involving residential dwellings but does not provide a clear interpretive analysis or application.
  [ID: 51fa4308-85e7-4552-99a5-50c5a3ba0d01] Reasoning: This sentence discusses the allocation of residential dwelling units but lacks deeper legal implications or context.
  [ID: 77a99354-fa00-40b5-a1d7-842e8db239e5] Reasoning: This sentence discusses the definition of 'permanent residence' in relation to residential dwellings, providing some context but lacking depth.
  [ID: 00a6741f-0bc9-4240-a9ce-6ed276cffcef] Reasoning: This sentence describes an insurance policy on a residential dwelling but does not provide significant interpretive context.
  [ID: d58dae61-68a6-4379-84b1-d255c58f568b] Reasoning: This sentence discusses a court ruling related to an insurance policy on a residential dwelling but lacks deeper interpretive value.
  [ID: 7ec0819d-c342-47cf-9028-be9e6c99b3d4] Reasoning: This sentence describes a contract excluding a residential dwelling but does not provide significant interpretive context.
  [ID: c451ed80-9675-4e53-975a-86702d95ad60] Reasoning: This sentence describes a property sale contract excluding a residential dwelling but lacks deeper legal implications.
  [ID: 2344630a-867f-46b7-96d1-a6b94e4d9584] Reasoning: This sentence describes the premises of a residential dwelling but does not provide significant interpretive context.
  [ID: 0789e152-c034-4975-92e3-fee873d17b52] Reasoning: This sentence defines a reasonable expectation of privacy in relation to residential dwellings but does not provide significant interpretive depth.
  [ID: e022b1b2-c34a-4da0-b5c3-da59b1dc23a6] Reasoning: This sentence is a repeat of the previous one, providing no new information or context.
  [ID: 335281b3-b5ec-4024-aec0-a867564e08fd] Reasoning: This sentence is a repeat of the previous two, providing no new information or context.
  [ID: ba5d52ff-ae59-4de5-9ae0-2637e25c9ef8] Reasoning: This sentence discusses the concept of privacy in various locations, including residential dwellings, but does not provide any specific legal interpretation or application of the term 'residential dwelling'.
  [ID: 742c202c-b10e-4cbf-9512-7dafac818e01] Reasoning: This sentence mentions a complaint regarding a defective condition of a residential dwelling but lacks detail on the legal implications or context of the term.
  [ID: fa9d90e3-bf5c-4d58-b21a-b6aca9873b08] Reasoning: This sentence references a case where the city downzoned property affecting residential dwellings, providing some context on how zoning laws can impact residential properties.
  [ID: 00b7d436-5e0c-4f28-bcdb-c86fec979dfc] Reasoning: This sentence describes zoning regulations allowing a specific number of residential dwelling units per acre, which provides context for land use and development regulations.
  [ID: 3dc31f26-7b44-4a7e-aa30-efc3dd8dc212] Reasoning: This sentence discusses a declaration requiring both a residential dwelling and commercial use, indicating a specific legal requirement that affects property use.
  [ID: 438e9559-ddf3-41c5-9a43-d08664989753] Reasoning: This sentence explains an amendment to the definition of a commercial parking facility, which includes residential dwelling units, providing context on how residential properties can be involved in commercial regulations.
  [ID: df14472a-5bba-4d08-a7e0-7794531d1619] Reasoning: This sentence describes a complaint about a residential dwelling purchase but does not provide any legal interpretation or context beyond the basic facts.
  [ID: 31f703b1-8cf3-4e8c-89bb-ca8744aa92aa] Reasoning: This sentence details the alleged defective condition of a residential dwelling, providing specific claims about the dangers posed, which adds context to the legal implications of residential property conditions.
  [ID: 3af42e9e-5b78-479a-85bc-5829b8315c42] Reasoning: This sentence reiterates the complaint about the residential dwelling's condition but does not add new interpretive value or context.
  [ID: 6bec9a74-7b9b-4388-ae5c-258ab51d81fb] Reasoning: This sentence discusses the plaintiffs' lack of knowledge regarding the defective conditions of the residential dwelling, which adds context to the legal argument but is still somewhat repetitive.
  [ID: ee3dbe88-0716-4d4b-a128-aacd243314d9] Reasoning: This sentence discusses a rezoning application affecting residential dwellings, providing context on how zoning changes can impact residential property development.
  [ID: 6f0fd131-0197-4f27-bd55-386e8aba9ea4] Reasoning: This sentence mentions a burglary of a residential dwelling, but it does not provide any legal interpretation or context regarding the term.
  [ID: 322d3271-5a44-4f57-b1f3-e2ac0bd15b49] Reasoning: This sentence discusses the obligation to repair damage to occupied residential dwellings due to subsidence, providing specific legal obligations that clarify the term's application.
  [ID: c0a6a68d-1808-443d-b015-1f95125166b5] Reasoning: This sentence outlines the repair obligations for damaged residential dwellings, which adds clarity to the legal responsibilities associated with such properties.
  [ID: fed32dba-595e-4439-b991-5159360fbbef] Reasoning: This sentence discusses compensation for damage to residential dwellings, providing important legal context regarding the financial implications of property damage.
  [ID: 40965adc-6e55-40b3-895e-57da59bf682b] Reasoning: This sentence establishes a rebuttable presumption regarding damage to residential dwellings, which is significant for understanding liability in property damage cases.
  [ID: ea891834-1c76-4e73-b541-6aaf50c1bf98] Reasoning: This sentence discusses the requirement for a pre-subsidence survey of residential dwellings, which is critical for understanding regulatory compliance in mining operations.
  [ID: 93756fff-f051-4e8a-9199-40a14b758f50] Reasoning: This sentence outlines the obligations of a permittee to minimize damage to residential dwellings, providing important context for legal responsibilities in mining operations.
  [ID: fa2f234a-db3a-4131-a9e0-ded754074f70] Reasoning: This sentence references regulatory requirements for subsidence control plans that include residential dwellings, which is relevant for understanding compliance in mining activities.
  [ID: e3969ae1-ab83-4201-be7c-7111c736502e] Reasoning: This sentence is a direct quote from a regulation regarding compensation for damage to residential dwellings, providing no new interpretive value beyond the statute itself.
  [ID: 4ffa1fea-76b3-404e-806f-cb8a3b6efea2] Reasoning: This sentence discusses the use of pre- and post-subsidence agreements in relation to residential dwellings, which adds context to regulatory compliance but is somewhat repetitive.
  [ID: 8fbc22d1-35b3-45fb-a891-a95439811e29] Reasoning: This sentence is a direct quote from a regulation regarding compensation for damage to residential dwellings, providing no new interpretive value beyond the statute itself.
  [ID: 2d965d58-9859-498c-a7e2-4ab26701992f] Reasoning: This sentence describes duplexes as separate structures with residential dwelling units, but it does not provide any legal interpretation or context beyond the basic definition.
  [ID: 1c3b2318-85e2-4efc-9186-5a2df834b680] Reasoning: This sentence states that defendants contracted to construct a residential dwelling, but it does not provide any legal interpretation or context regarding the term.
  [ID: ec62ec8b-49ba-4357-b15d-a49443489ef0] Reasoning: This sentence discusses a search in relation to a residential dwelling but does not provide any legal interpretation or context regarding the term.
  [ID: 28c234aa-3b3b-45a9-8b7e-bfa523b126e7] Reasoning: This sentence discusses a legal question regarding damages related to a residential dwelling but does not provide any interpretive context or application of the term 'residential dwelling'.
  [ID: 2f1d564d-7dec-4995-a8fe-d25259bfc9ef] Reasoning: This sentence references a case involving a contract to build a residential dwelling, but it does not elaborate on the implications or applications of the term 'residential dwelling'.
  [ID: 804db5a2-a7bb-4f50-ade2-f88c3ed82c9a] Reasoning: This sentence simply states that forty new residential dwellings have been constructed, providing no interpretive context or application.
  [ID: 39d6bf39-57f7-4afe-972c-10778fbb55ba] Reasoning: This sentence discusses zoning changes in relation to residential dwellings but does not provide specific interpretive guidance or application of the term.
  [ID: 6572bc0a-5648-49ad-b367-4a47fde252d6] Reasoning: This sentence mentions the increase in residential dwellings but does not provide any interpretive context or application relevant to the term.
  [ID: aeb55e61-2385-4e23-a9cb-87db6b781e8b] Reasoning: This sentence discusses zoning regulations allowing for residential dwellings but lacks depth in explaining the implications of the term 'residential dwelling'.
  [ID: 3007b65f-d3f4-4be9-a8e1-01fa7eb174d4] Reasoning: This sentence references a case involving taxes on residential dwellings but does not provide further interpretive context or application.
  [ID: 6d17a1c2-5614-435e-9d54-4aeb98f74745] Reasoning: This sentence describes a deed related to residential dwelling uses but does not provide any interpretive context or application of the term.
  [ID: 3617fd80-53fb-4c82-9d29-d75d89773c5d] Reasoning: This sentence states a decision to build a residential dwelling but lacks any interpretive context or application of the term.
  [ID: 69bef4c1-677b-491a-8331-f156940ab035] Reasoning: This sentence describes a property transaction involving a residential dwelling but does not provide interpretive context or application.
  [ID: a1d68476-cc94-4e91-96f1-43203d0c2464] Reasoning: This sentence mentions an assessment for residential dwelling units but does not provide any interpretive context or application.
  [ID: 4d9de1cd-6599-4f33-9e0e-e3347848d4d9] Reasoning: This sentence discusses zoning restrictions for a single-family residential dwelling but does not provide interpretive context or application.
  [ID: d3888f3d-7b92-48a2-982c-25bab00ea464] Reasoning: This sentence describes a malfunction in a residential dwelling's heating system but does not provide any interpretive context or application.
  [ID: 94cf17c4-efa6-4adf-998b-5df043fd9680] Reasoning: This sentence discusses a legal ruling regarding liability for repairs in residential dwellings but does not provide further interpretive context.
  [ID: 09bf65e8-30ee-4a58-bb14-e75a3e11b1fd] Reasoning: This sentence outlines seller disclosure requirements for residential dwelling units but does not provide interpretive context or application.
  [ID: 9bcc097b-501d-4288-8d23-d196efd7336a] Reasoning: This sentence discusses an approval for an increase in residential dwelling units but lacks interpretive context or application.
  [ID: 246e9364-14e8-4e8c-8ba5-aa8cb41d9220] Reasoning: This sentence describes a proposed amendment regarding residential dwelling units but does not provide interpretive context or application.
  [ID: 40dd4d28-bd67-44ba-b3be-2b5457b4987d] Reasoning: This sentence discusses an ordinance approving an increase in residential dwelling units but lacks interpretive context or application.
  [ID: c877ea61-4043-492a-be9d-57ff5ffcbacb] Reasoning: This sentence reiterates the proposed increase in residential dwelling units but does not provide any interpretive context or application.
  [ID: 219b8bb9-b874-4262-89ad-d2cbf1aacea5] Reasoning: This sentence mentions residential dwellings linked to an investigation but does not provide interpretive context or application.
  [ID: d176f63c-c5db-40a2-8634-cf178a0b4f78] Reasoning: This sentence discusses emergency egress provisions for residential dwellings but does not provide further interpretive context or application.
  [ID: 50409c50-c9db-4d08-b10b-c070c8493af6] Reasoning: This sentence mentions potential residential dwelling units in a subdivision but lacks interpretive context or application.
  [ID: f4b7a31a-18eb-4a70-b82f-a10e00ec9037] Reasoning: This sentence defines a consumer cooperative in relation to residential dwelling units but does not provide interpretive context or application.
  [ID: e4771de1-52cd-4932-99c8-9b9c16994bb2] Reasoning: This sentence discusses potential adaptations for apartment owners related to residential dwellings but does not provide interpretive context or application.
  [ID: b4e325f1-2e01-4a45-9549-c54dd2783be6] Reasoning: This sentence defines an EDU in relation to residential dwelling units but does not provide interpretive context or application.
  [ID: c6058842-756e-477f-9e82-435662cbee67] Reasoning: This sentence lists various recorded documents related to residential units but does not provide any interpretive context or application of the term 'residential dwelling'.
  [ID: c2a88fc5-6d23-4ace-ad8f-8676bb9dee0a] Reasoning: This sentence discusses conduct related to a residential dwelling but does not clarify or expand on the legal implications of 'residential dwelling'.
  [ID: 1f1edfd5-a807-4a95-a791-b5d73303d561] Reasoning: This sentence mentions a proposed rule for residential dwellings but lacks detail or context that would enhance understanding of the term.
  [ID: 89fe32dd-df3f-4191-baff-fd4cbb2b6308] Reasoning: This sentence outlines the landlord's duty regarding residential dwellings, providing a clear application of the term in a legal context, thus adding interpretive value.
  [ID: 7f00b021-c139-455c-9e82-435662cbee67] Reasoning: This sentence describes an accessory building related to a residential dwelling but does not provide significant interpretive context or legal implications.
  [ID: 276c51c9-2f97-415f-a22e-eed0ff778b20] Reasoning: This sentence discusses zoning requirements related to residential dwellings, providing context for how the term is applied in land use regulations.
  [ID: 389a0782-ff54-4c76-bb52-c605c8ff39d4] Reasoning: This sentence notes the presence of residential dwellings in an agricultural zone but does not elaborate on the implications or context of this observation.
  [ID: 1099f320-8b7e-4ced-a655-652de1cdf9c2] Reasoning: This sentence reiterates a setback requirement related to residential dwellings but does not provide additional interpretive context.
  [ID: 6cf76017-3315-4572-af44-c809ffed3bc6] Reasoning: This sentence references a legal case that abrogated a common law rule as it pertains to residential dwellings, providing historical context and legal interpretation.
  [ID: f27d50c6-2176-40e2-a985-918fea38bfd7] Reasoning: This sentence connects the duty of a landlord to the statutory warranty of habitability, providing a clear application of the term 'residential dwelling' in legal obligations.
  [ID: 67f73253-917a-475a-a5ca-838fe933e5f8] Reasoning: This sentence discusses the implications of residential dwellings in a rural area but does not provide significant interpretive context.
  [ID: 75fbb740-e9b3-4c93-ac9b-5c4a3f3d020e] Reasoning: This sentence mentions a limitation on the number of residential dwelling units but does not provide further context or implications.
  [ID: 6a65ac92-18de-493f-8d16-6efceb0bbd23] Reasoning: This sentence reiterates a zoning requirement related to residential dwellings without adding interpretive context.
  [ID: 19137881-44d2-4706-a801-5248be8a244e] Reasoning: This sentence is a repetition of a zoning requirement and does not provide new interpretive information.
  [ID: dbea6fb5-f2e9-48d1-a10c-5ea64729012f] Reasoning: This sentence discusses the legal rights of a tenant in a residential dwelling, providing context for the term's application in landlord-tenant law.
  [ID: 772e4a40-2e7f-409a-904d-37f878ec9b83] Reasoning: This sentence discusses the need for septic systems for residential dwellings but does not provide significant interpretive context.
  [ID: 95dcac95-3b8b-419d-801a-ea83c17bb31d] Reasoning: This sentence describes a specific type of residential dwelling but does not provide additional interpretive context.
  [ID: 15c71894-a666-44ab-8e88-4f9ff41a6ed5] Reasoning: This sentence discusses the proximity of a property to residential dwellings but lacks interpretive depth regarding the term.
  [ID: ce9be51b-59a5-4512-9e41-26da00a5bbef] Reasoning: This sentence discusses the burdens of conducting a title search for a residential dwelling but does not provide significant interpretive context.
  [ID: cdb27de2-142a-4b9d-bf47-aa0ef16682dc] Reasoning: This sentence describes a criminal act involving a residential dwelling but does not provide interpretive context regarding the term.
  [ID: 711158da-929d-4d14-8ab6-28254211177a] Reasoning: This sentence discusses criminal activity near residential dwellings but does not provide additional interpretive context.
  [ID: bba82e4d-159e-46c2-bcb7-7abc27e5d092] Reasoning: This sentence discusses zoning for a residential dwelling but does not provide significant interpretive context.
  [ID: f42ac3b9-73be-4ad6-a037-3ee79e3cff64] Reasoning: This sentence discusses a no contact order related to a residential dwelling, providing context for legal implications of the term.
  [ID: 23e0c434-9d4e-46be-ac4c-98035bac3678] Reasoning: This sentence describes ownership interests in a residential dwelling but does not provide significant interpretive context.
  [ID: 5c9526e6-b1b5-4777-89e4-abce7217214f] Reasoning: This sentence references a specific ordinance regarding residential dwellings but does not provide additional interpretive context.
  [ID: ac1b9ae7-1506-41df-b0ff-2c8933f6f98a] Reasoning: This sentence summarizes provisions of a rent control ordinance, mentioning 'residential dwellings' but does not provide any interpretive context or application related to the term.
  [ID: b251c17d-8b07-4dcc-ad6f-9a3592292e9c] Reasoning: This sentence states a landlord's obligation regarding repairs in residential dwellings but does not elaborate on the implications or context of this obligation.
  [ID: 81486bbe-3f5b-448c-a0e3-ff14bd9cf5a0] Reasoning: This sentence references a zoning violation related to a residential dwelling but does not provide further context or implications of the violation.
  [ID: 2b757919-b2dc-49ab-b83e-35d6f1422d14] Reasoning: This sentence mentions a contract for constructing a residential dwelling but lacks any interpretive context or implications regarding the term.
  [ID: 538d4d1e-efcd-437c-bd19-2b81fe5bf5d8] Reasoning: This sentence discusses technical shortcomings related to a proposed residential dwelling but does not provide significant interpretive context.
  [ID: 30773704-b413-4725-aec1-0f137a00f00f] Reasoning: This sentence mentions a conditional use for a single-family residential dwelling but does not elaborate on its significance or application.
  [ID: b07062ae-14c7-4ee4-b198-75d7e6b3bc40] Reasoning: This sentence defines a term related to a home for the aged that includes residential dwelling units but does not provide further interpretive context.
  [ID: fb2ab77c-cace-4bf0-a7ca-bb09554dc2db] Reasoning: This sentence discusses the legalization of loft premises into residential dwellings, providing context about housing shortages and legal frameworks.
  [ID: 2276adf8-5238-46f5-9e73-eb60a420487e] Reasoning: This sentence explains the Loft Law's purpose in regulating loft premises into residential dwellings, providing important context about rights and obligations.
  [ID: d50b9765-5e4c-4c1c-a072-30c48d63017b] Reasoning: This sentence mentions discussions about a construction loan for a residential dwelling but lacks interpretive depth or context.
  [ID: 0e5797b4-fd6d-4386-ac3d-67f677dcd08e] Reasoning: This sentence discusses site plan approval for lots zoned for residential dwelling purposes but does not provide further interpretive context.
  [ID: 8fa615b9-6724-4ca6-a425-cd785306e254] Reasoning: This sentence references a legal case involving a residential dwelling used as a transitional residence, providing some context about legal interpretations.
  [ID: 58f81287-90e4-4220-bde6-b776d45a24a7] Reasoning: This sentence discusses an ordinance's assumptions about college student occupancy in residential dwellings, providing some interpretive context.
  [ID: ed0b449a-8334-41d2-b18a-79f6e86286ec] Reasoning: This sentence discusses the implications of constructing residential dwellings in open-space areas, providing some interpretive context.
  [ID: 8e824a93-f972-4fde-81a0-35d6de8848e3] Reasoning: This sentence describes the surrounding area of a property with residential zones, providing context but lacking deeper interpretive value.
  [ID: 3237238b-58ad-429e-805a-8977eccdb8fb] Reasoning: This sentence discusses the need for use variances to build residential dwellings in a specific zone, providing some context about zoning laws.
  [ID: a668347e-0538-46ae-84f0-4b80a6b9613d] Reasoning: This sentence mentions restrictions on commercial buildings with residential dwelling units but lacks further interpretive context.
  [ID: daaedd61-23e8-4282-a2af-bfee92cd805f] Reasoning: This sentence mentions principles applied to impermissible residential dwellings but does not provide further context or implications.
  [ID: 410cf464-708a-4076-9544-a9bb7fcd11b0] Reasoning: This sentence defines a residential mortgage transaction but does not provide further interpretive context regarding residential dwellings.
  [ID: 6d8dd39f-3f50-4611-b9f4-09ea7222ebce] Reasoning: This sentence discusses a legal action regarding negligent construction of a residential dwelling but lacks interpretive depth.
  [ID: 519a48fa-8195-45ae-b063-09292999fffe] Reasoning: This sentence discusses a vote related to residential dwellings in exclusive farm use zones but does not provide significant interpretive context.
  [ID: 858bad7e-6c54-4ae8-81c3-5c229f5616a0] Reasoning: This sentence is a repeat of the previous one, providing no new information.
  [ID: 9e0e43b6-39ce-45a3-bd4d-19c97395a83e] Reasoning: This sentence summarizes current laws regarding residential dwellings in exclusive farm use zones but lacks deeper interpretive context.
  [ID: a018a083-bfbd-40cc-8f59-14bb63fe1cc7] Reasoning: This sentence is a repeat of the previous summary, providing no new information.
  [ID: a0dcec4c-a9c4-406e-8d8f-e6eb3497d0ba] Reasoning: This sentence discusses waste collection from various types of properties, including residential dwellings, but lacks interpretive depth.
  [ID: 618994f3-3b7a-4a20-a544-c2ade74cf83e] Reasoning: Discusses the highest and best use of property for multiple residential dwelling units, providing context on zoning but does not clarify the legal definition or implications of 'residential dwelling'.
  [ID: 908dea19-6e24-45ae-9607-001a5e3d3e83] Reasoning: Highlights a municipal decision regarding garbage collection from residential dwellings, indicating a potential legal issue of equal treatment but lacks depth in legal interpretation.
  [ID: 69a60c8a-38c3-4448-a000-2ad9b842f597] Reasoning: Identical to the previous sentence, providing no new information or context.
  [ID: 6eb681f2-3db8-45ff-a2e1-be5489ce5116] Reasoning: Cites a statute regarding tenant responsibilities in a residential dwelling, but merely restates statutory language without additional interpretive context.
  [ID: 5378139e-ea65-415f-baf1-be7430f577c4] Reasoning: States a tenant's financial responsibility for damages in a residential dwelling, but does not provide further legal analysis or context.
  [ID: db3eef08-d8d8-4686-b261-f4092ffccbab] Reasoning: Mentions reports of gunshots at residential dwellings, but lacks legal relevance or interpretive depth regarding the term 'residential dwelling'.
  [ID: 9ff0c721-6b87-45a2-a907-cda236b1228f] Reasoning: Describes landlord obligations under a statute, providing some context on responsibilities but primarily restates statutory language.
  [ID: ef9e41ff-52ff-411f-8f2b-ab7d154dcc55] Reasoning: Similar to the previous sentence, reiterates landlord obligations without adding interpretive value.
  [ID: 7bd37a79-b077-472c-a0c2-0d625a5a4328] Reasoning: Restates statutory requirements for landlords without providing additional context or analysis.
  [ID: 610400c8-e381-4816-b5f8-c74386b74fc9] Reasoning: Describes a large condominium complex with residential dwelling units, but does not provide legal context or implications.
  [ID: 217d3736-8d8a-4c39-958d-661662accf4d] Reasoning: States ownership of residential dwellings but lacks legal relevance or interpretive depth.
  [ID: 6f597892-82d7-47f7-a501-b509d48e4b4b] Reasoning: Mentions alterations to a building for residential dwelling use, but does not clarify legal implications or context.
  [ID: 719c23ff-5999-4bbc-91f6-92673b76cd5c] Reasoning: Discusses a redevelopment plan including residential dwellings, but lacks depth in legal interpretation.
  [ID: e7ac3748-4384-478e-b4e8-967f4614b798] Reasoning: Describes a legal context regarding residential dwellings and regulatory implications, providing some interpretive value.
  [ID: a3bcf86e-eb1b-4aeb-b5e2-ab5884de2dff] Reasoning: Discusses a court ruling on garbage collection for residential dwellings, providing context on equal protection but lacks depth.
  [ID: f71e0343-34a7-4ed7-92cf-4a31e2ded83b] Reasoning: Cites a court case regarding municipal garbage collection and equal protection, providing legal context and implications.
  [ID: 469081cf-39ca-4256-984a-bccd99864141] Reasoning: Discusses a legal obligation for the city regarding residential buildings, providing critical interpretive guidance.
  [ID: bc336568-d1ac-44cc-af90-0d90a0df91bd] Reasoning: Mentions burglary in a residential dwelling but does not provide legal context or implications.
  [ID: 23843dda-2d45-425a-b5a2-9e3cc911d803] Reasoning: Discusses a sales brochure implying a safe residential dwelling, but lacks legal depth or context.
  [ID: 70db5bc3-7e32-4669-9c28-0ce51e7dc25b] Reasoning: States that a certain law does not apply to residential dwellings with five or more units, providing some legal context.
  [ID: 5a39c1be-a964-4c28-8e4a-67b99ef4af52] Reasoning: Mentions lease clauses for residential dwelling units, but lacks interpretive depth.
  [ID: 96d6a9ca-766e-488b-891f-9fd2ca9e4ee7] Reasoning: Discusses landfill regulations in relation to residential dwellings, providing some context but lacking depth.
  [ID: 158f3a9b-20e5-4dd2-b3fa-233f1e255d54] Reasoning: Describes a definition applicable to residential dwellings, providing some interpretive context.
  [ID: 48c234f3-975c-4d1e-93cd-5e584b1a01a5] Reasoning: Mentions the proximity of residential dwellings to a lake but lacks legal relevance or interpretive depth.
  [ID: b91459cc-23ca-4d76-bb5c-f5e9a68fbd06] Reasoning: Provides statistical data on residential dwellings but lacks legal context or implications.
  [ID: b6031141-a05c-4fd0-a25f-5bdd4d98ccdc] Reasoning: This sentence discusses the classification of apartments as residential dwelling units but does not provide any new interpretive context or application beyond a general statement.
  [ID: 8c43b831-f4bf-443c-98ec-00a1bfc491e3] Reasoning: This sentence references case law that applies a stricter standard to searches of residential dwellings, providing interpretive context regarding legal protections in such settings.
  [ID: b3514700-726b-44e3-89e8-bb781af32625] Reasoning: This sentence states that the property is zoned for single family residential dwellings but does not elaborate on the implications or applications of this zoning.
  [ID: dcf96f98-7e1f-4786-b229-f330b258a61f] Reasoning: This sentence discusses a factual question regarding the use of a structure in a residential area, but it does not provide deeper interpretive insights or legal principles.
  [ID: 999d60f2-7999-4409-b334-2342a160389e] Reasoning: This sentence outlines the liability of owners of residential dwellings under Labor Law, providing a specific legal application that adds interpretive value.
  [ID: 8349eb63-df6c-483e-a3eb-76a5a4e7f64f] Reasoning: This sentence describes police observations related to residential dwellings but lacks any deeper legal analysis or implications.
  [ID: e4a2e706-bb55-486f-8b22-67abdf122158] Reasoning: This sentence discusses the purpose of a warranty related to residential dwelling units, providing context that enhances understanding of tenant rights.
  [ID: 7f065b7a-be56-47b6-8737-73e13c7c038c] Reasoning: This sentence states that a company was engaged in a residential dwelling construction project but does not provide further interpretive context.
  [ID: 81ffe01f-ea2c-4d95-8055-542e86b024df] Reasoning: This sentence describes the surrounding area of residential dwellings but does not provide any legal context or implications.
  [ID: ece9f98a-aa1b-4f04-abd6-2802f34034d1] Reasoning: This sentence simply states that a plaintiff rented a residential dwelling, providing no additional context or legal interpretation.
  [ID: a30688ec-a7de-4dd0-8fb8-bd5653100d9d] Reasoning: This sentence references a statute regarding the establishment of single-family residential dwellings but does not provide interpretive context or application.
  [ID: 25b012a7-ac63-4dbb-9b39-357034ee472c] Reasoning: This sentence is similar to the previous one, discussing a statute without adding interpretive value or context.
  [ID: 61607142-a0d1-483a-afa2-5711c2d82d31] Reasoning: This sentence defines a residential mortgage transaction but does not provide further interpretive context or application.
  [ID: 2a25bfa8-6917-48dc-8fe4-d2b75167a9f1] Reasoning: This sentence discusses a review of a decision regarding a residential dwelling application, but lacks deeper interpretive insights.
  [ID: 5da91227-b8d4-45d7-9ad1-77d35db5dc72] Reasoning: This sentence discusses the establishment of a single-family residential dwelling in a specific zoning context, providing some interpretive value.
  [ID: f253061a-c1c7-4700-b4d2-0adf3774f717] Reasoning: This sentence discusses the exclusion of certain housing projects from a law, providing context that enhances understanding of residential dwellings.
  [ID: 518c8c26-1369-46d2-adda-c9b774592c13] Reasoning: This sentence discusses case law regarding the conversion of residential dwellings, providing relevant legal context and implications.
  [ID: 308eb31f-dc49-4953-a190-b2e115c721c9] Reasoning: This sentence discusses the incidental use of residential dwellings but does not provide deeper legal analysis or implications.
  [ID: 7aaf0c9b-2964-4d8c-8ca8-14d3b961fdfc] Reasoning: This sentence describes a residential dwelling's physical characteristics but does not provide any legal context or implications.
  [ID: fc96b543-eb94-40f9-ae2e-6c88bbda77e9] Reasoning: This sentence lists residential dwellings among other structures but does not provide any interpretive context or application.
  [ID: 812bf338-8809-4207-8cc4-5aeec1b33e9c] Reasoning: This sentence discusses a complaint related to the demolition and reconstruction of a residential dwelling, but lacks deeper legal analysis.
  [ID: 01a35119-7b03-49be-975a-a7cc7ccee317] Reasoning: This sentence discusses minimum housing standards applicable to residential dwellings, providing some context but lacking deeper interpretive insights.
  [ID: 1dca98c8-c1ce-406d-be7b-93dfa0257eca] Reasoning: This sentence discusses a restrictive covenant related to residential dwellings, providing relevant legal context and implications.
  [ID: 1e54f849-0cf5-480b-97a5-d852a0581762] Reasoning: This sentence discusses the placement of terms in a restrictive covenant but does not provide deeper legal analysis or implications.
  [ID: c0a8e116-7406-4189-89fe-ef088119018c] Reasoning: This sentence discusses a distinction between terms related to residential structures but does not provide deeper legal analysis or implications.
  [ID: 3ad6b6c5-1b51-4cbb-aa97-532f4ca12151] Reasoning: This sentence discusses a court ruling regarding a restriction related to residential dwellings but does not provide any new interpretive context or application beyond the mention of the term.
  [ID: c89d08c9-b75d-44d2-9607-f5b9e49e8517] Reasoning: This sentence mentions zoning regulations that include residential dwellings but does not elaborate on their application or significance, making it largely redundant.
  [ID: e9305263-6472-4f94-a756-a2818209f005] Reasoning: This sentence explains how group homes are treated similarly to single-family residential dwellings in zoning law, providing useful context for understanding the term's application.
  [ID: 3f25f10e-1468-4ba6-aa8b-13a3c4ca63b2] Reasoning: This sentence describes an insurance policy covering residential units but does not provide significant interpretive context or application of the term 'residential dwelling'.
  [ID: af00fa66-aef6-4f14-9834-228abaf23db4] Reasoning: This sentence discusses a specific property sale involving a single-family residential dwelling but lacks broader interpretive context or implications.
  [ID: 28660c11-275a-4512-8a1d-fdf084d3d802] Reasoning: This sentence mentions using a residential dwelling as collateral but does not provide deeper insights into the term's legal implications.
  [ID: 2f80fa3c-6df0-4f00-94a5-466ed166e7dd] Reasoning: This sentence refers to a legal case involving the construction of residential dwellings but does not elaborate on the implications or context.
  [ID: 331d6bff-79ca-4d4a-aa6c-046637ea90df] Reasoning: This sentence mentions the absence of residential dwellings in a specific area but does not provide any interpretive context or application.
  [ID: 2fd11b45-4c74-4d25-8db7-b27ce4d969fa] Reasoning: This sentence states the location of black residential dwellings but does not provide any interpretive context or application.
  [ID: 139f3332-6280-4a4f-8082-6392f7b2aede] Reasoning: This sentence discusses the number and locations of residential dwellings affected by improvements but lacks interpretive depth.
  [ID: 4d37dd62-d20d-409e-b542-d774526bc658] Reasoning: This sentence provides a statistical percentage of black residential dwellings but does not add interpretive context.
  [ID: 8c6f038f-6ea5-4fea-81dd-a5cb5573ea6a] Reasoning: This sentence discusses the parity of black residential dwellings with total percentages but lacks interpretive context.
  [ID: d6d8e279-7e69-4e35-88cd-1c3f00a427bb] Reasoning: This sentence provides a count of residential dwellings in Jasper but does not add interpretive context.
  [ID: 4efdfb67-120d-46b3-9269-b1010d7bedca] Reasoning: This sentence discusses residential dwellings on unpaved streets but does not provide any interpretive context.
  [ID: cd58304c-d4e6-4379-a085-6c3a8dd9495f] Reasoning: This sentence provides a count of residential dwellings fronting streets with sidewalks but lacks interpretive depth.
  [ID: a1814d2c-9e68-4f44-aa7e-2e1114d2ddbf] Reasoning: This sentence discusses residential dwellings fronting streets with curbs and gutters but does not provide interpretive context.
  [ID: 80b9da24-bb2f-4bc1-b26c-1fc65ce88566] Reasoning: This sentence discusses the effective date of regulations for owners of residential dwellings but does not provide significant interpretive context.
  [ID: e1f95759-f9ab-4b87-af4e-cafe7362a000] Reasoning: This sentence states the effective date of regulations for HUD but lacks broader interpretive context.
  [ID: 5b169c2f-5fc9-4f4b-9e85-741365f97497] Reasoning: This sentence discusses service termination to a residential dwelling but does not provide significant interpretive context.
  [ID: 61ad9afd-9764-423e-a12f-fee857ce7576] Reasoning: This sentence outlines the conditions under which service may be terminated to a residential dwelling but does not provide deeper interpretive context.
  [ID: fc9e5df8-d256-4506-ba81-5f2a54c10ab6] Reasoning: This sentence discusses liability under the Massachusetts Lead Law for residential dwellings but does not provide significant interpretive context.
  [ID: 7d42f9d2-8a9a-4460-941b-1a3b92dc3887] Reasoning: This sentence discusses the requirement for a zoning certificate for residential dwelling units but lacks interpretive depth.
  [ID: abed5262-228d-4a6d-8ae7-8dbb929c48fb] Reasoning: This sentence discusses a search warrant related to a residential dwelling but does not provide significant interpretive context.
  [ID: 913cd865-1b6d-47a7-9317-5e460f6591d9] Reasoning: This sentence discusses liability under the Massachusetts Lead Paint Act but does not provide significant interpretive context.
  [ID: 9facc96c-0999-4da4-a5e9-7b888d32ebc5] Reasoning: This sentence states the liability imposed on owners of residential dwellings under specific circumstances but lacks broader interpretive context.
  [ID: 18f0d088-29f4-4ca6-93ce-456eae54a925] Reasoning: Discusses a legal issue regarding a tenant's complaint in a housing project, which involves a residential dwelling lease. However, it does not provide new interpretive context about 'residential dwelling' itself.
  [ID: cac60be7-68b6-41d3-ac21-fce52b629754] Reasoning: This sentence is a quote from a resolution regarding the approval of subdivisions and does not add any interpretive value regarding 'residential dwelling'.
  [ID: a079d67d-012f-40d2-94ea-027ddb7cf890] Reasoning: Mentions a Detroit ordinance regarding adult bookstores and their proximity to residential dwellings, but does not provide deeper insight into the term 'residential dwelling'.
  [ID: 6b6f00f5-d96c-49d3-8bc9-faf758594690] Reasoning: Discusses the liability implications of living in a residential dwelling but does not clarify or expand on the term itself.
  [ID: 08e3e159-18d5-4198-b65e-0f34ba2f9c12] Reasoning: States that no residential dwellings shall be allowed under certain uses, but does not provide any interpretive context.
  [ID: bf383ccd-e02c-4746-af24-2836b66f5ab8] Reasoning: Refers to a legal conclusion regarding a residential dwelling's coverage under a specific statute, providing some context but lacking depth in interpretation.
  [ID: 42020ae5-4eca-487f-8780-a616d166d831] Reasoning: Mentions vacant lots in a subdivision with existing residential dwellings, but does not elaborate on the implications or definitions of 'residential dwelling'.
  [ID: 941a87a3-b158-4a8d-9f49-c3b5fa5190fe] Reasoning: Questions whether a loan for constructing residential dwellings is a business or residential loan, which provides some context but lacks a clear interpretive depth.
  [ID: 01058609-9c82-4e44-96a2-044c0bdb376e] Reasoning: Describes a grant contingent on constructing a single-family residential dwelling, but does not provide further interpretive context.
  [ID: 467338b7-95e0-409f-b11a-2580413c210a] Reasoning: Discusses the construction and sale of residential dwellings by an insurance company, but lacks interpretive depth regarding the term itself.
  [ID: 4a3e6178-6b03-4429-bba2-90eb80e050e4] Reasoning: Cites various cases involving residential dwellings but does not provide a clear interpretive analysis or context.
  [ID: d386c581-91e8-469c-bf1a-b989ef41dbb5] Reasoning: Compares the marketability of a tract to a medium-priced residential dwelling, but does not clarify the term's legal implications.
  [ID: 88c38568-2670-4700-9196-b18cb759b0f1] Reasoning: Mentions a written residential dwelling lease but does not provide any interpretive context or analysis.
  [ID: f32fca3a-bf37-426b-b423-1107441375ff] Reasoning: Describes a police search warrant that failed to mention a residential dwelling, but does not provide further interpretive context.
  [ID: a4696a6e-c753-4d3f-aeb7-ef2c2d5e1c6c] Reasoning: Mentions violations affecting a residential dwelling but does not provide any interpretive context regarding the term.
  [ID: 89b35b4b-2358-4e30-84f6-f5e15d72c55] Reasoning: Discusses variances from requirements related to a residential dwelling but does not provide deeper interpretive context.
  [ID: 2eb19974-cc65-4267-823b-685939277134] Reasoning: Mentions evidence of residential dwellings served by a water main extension but lacks interpretive depth.
  [ID: 40ec0973-23e4-44c0-9fcf-3fb28dc2f521] Reasoning: Discusses a service agreement for residential dwelling units but does not provide interpretive context about the term.
  [ID: 86dbff25-11aa-40db-88b3-9bff9c6c41f2] Reasoning: Mentions a franchise agreement requiring service to residential dwelling units but lacks interpretive depth.
  [ID: 246115ee-541c-48f9-a385-8fc2e9b63580] Reasoning: Describes a decline in residential dwellings due to neighborhood conditions but does not provide interpretive context.
  [ID: 9240dfd3-c161-4ec3-b58c-b1457cb0c458] Reasoning: Discusses a petition for a receiver regarding a residential dwelling but does not clarify the term's legal implications.
  [ID: 9150fc49-c079-44b7-a0bf-da75d71f3e62] Reasoning: Mentions a temporary restraining order related to promotional material for residential dwellings but lacks interpretive depth.
  [ID: 54b9c2e6-6e93-43c9-8dcc-72337f04d034] Reasoning: Refers to a burglary of a residential dwelling but does not provide any interpretive context regarding the term.
  [ID: 8ec4c92f-4d6d-478d-85fe-c8aa88d2dce7] Reasoning: Discusses a legal decision regarding a burglary involving a residential dwelling but lacks deeper interpretive context.
  [ID: cc6f0445-cb65-4bb1-b19a-c7a9a9ba8ee8] Reasoning: Mentions a burglary of a residential dwelling in the context of a legal analysis but does not provide new interpretive insights.
  [ID: 4410d234-81be-456f-bf52-7713c39c2716] Reasoning: While this sentence mentions 'residential dwellings' in the context of construction standards, it does not provide any new interpretive information or application of the term beyond a factual statement.
  [ID: ca8c4e04-4b39-4e9c-b891-41058347e59b] Reasoning: This sentence discusses a proposed development of residential dwelling units but does not elaborate on the implications or legal context of 'residential dwellings'.
  [ID: bd783133-7457-489d-bdfc-3a1828c9c0e5] Reasoning: Similar to the previous sentence, this mentions the number of residential dwelling units in a general plan but lacks interpretive depth or context.
  [ID: 9805c418-2c74-4ff0-b779-855c6a096da0] Reasoning: This sentence provides a legal standard regarding obsolescence depreciation related to residential dwellings, which adds some interpretive context to the term.
  [ID: d0ce8d0e-02be-419e-aef9-54726de2cf02] Reasoning: This sentence discusses zoning requirements related to setbacks from residential dwellings, providing context for how the term is applied in land use regulation.
  [ID: 1da7a50f-ca7b-47d4-afb5-b9a5d890c4b2] Reasoning: This sentence refers to a court order regarding residential dwelling units, indicating legal implications and context for the term.
  [ID: b76ba374-8357-4328-8cbf-41243deedc6b] Reasoning: This sentence discusses land use for residential dwellings in a development plan, but does not provide significant interpretive context.
  [ID: 797a0609-d17d-4dc5-8b69-ca61dac8b3bb] Reasoning: This sentence discusses regulations regarding the calculation of lots for residential dwellings, providing some context for the term's application.
  [ID: 8e1b31e2-aac3-4884-aab7-d22e09893cb0] Reasoning: This sentence defines 'residential development' in relation to residential dwellings, providing a clear legal definition that aids interpretation.
  [ID: 4b14ead6-9562-4b68-953e-253664882f38] Reasoning: This sentence provides a specific legal context regarding employees in relation to residential dwellings, adding interpretive value.
  [ID: f3e7473b-b41d-420d-82a6-2b48dabb994a] Reasoning: This sentence discusses the merger and resubdivision of lots for residential dwellings, providing context for land use regulations.
  [ID: 0c36043d-95ac-45b2-a05e-69801cf020fd] Reasoning: This sentence discusses a court ruling regarding the construction of residential dwellings, providing legal context and implications.
  [ID: de1017bd-ba19-46cf-ba33-8fd6492e3658] Reasoning: This sentence discusses a legal implication regarding residential dwellings and easements, providing context for the term's application.
  [ID: 974ac308-c2d9-49c2-944d-d14a128d6a27] Reasoning: This sentence discusses dimensional requirements for multiple residential dwellings on a single parcel, providing regulatory context.
  [ID: 14345f85-3bb0-4b06-9d22-1cbaab76df5a] Reasoning: This sentence discusses the implications of improper fill material on residential dwellings, providing context for liability and construction standards.
  [ID: 04d2feb6-8f26-4cd1-9c72-efe8c6193708] Reasoning: This sentence discusses zoning regulations for residential dwellings, providing context for land use and development standards.
  [ID: 03b2fe30-92f3-4c2f-85b0-0e4fc74d8a28] Reasoning: This sentence discusses the distinction in land subdivision regulations related to residential dwellings, providing interpretive context.
  [ID: 1abe9464-ea8c-4f6e-8cc1-93d9c24001a8] Reasoning: This sentence discusses the limitations of what constitutes a residential dwelling in a specific context, providing interpretive guidance.
  [ID: 43cd72d6-817c-4b42-a927-617dbfee5975] Reasoning: This sentence discusses landlord rights regarding access to residential dwellings, providing legal context and implications.
  [ID: 517f28d7-b1e4-4e23-85bb-42f5d40f2200] Reasoning: This sentence discusses regulations regarding residential dwellings used as vacation rentals, providing context for regulatory implications.
  [ID: 117454b6-8f26-4cd1-9c72-efe8c6193708] Reasoning: This sentence clarifies that certain industrial zoning regulations do not apply to residential dwellings, providing interpretive context.
  [ID: 4420c1b3-07cd-40c5-bea6-cd74761f0004] Reasoning: This sentence states that certain structures do not qualify as residential dwellings, but lacks further interpretive context.
  [ID: 71030ba1-baba-4097-b49c-dbf292d517c1] Reasoning: This sentence discusses zoning permissions for residential dwellings, providing context for land use regulations.
  [ID: 92bbcb5a-383a-4579-b46d-d709b65b94e1] Reasoning: This sentence suggests a need to examine setback requirements for residential dwellings, indicating a legal context but lacking depth.
  [ID: 40cbb850-4837-4747-8ae6-b3d847db1fcc] Reasoning: This sentence is a vague reference to residential dwellings without any context or application, providing no interpretive value.
  [ID: 06fd1f56-234d-4d6d-90a9-ddb3f0eb562e] Reasoning: Discusses the developer's duty regarding subdivided lots for residential dwellings, providing context on reasonable care and disclosure obligations, which adds interpretive depth.
  [ID: d140a272-3b72-4021-a0a0-b780d8e786f1] Reasoning: Describes a specific residential development project, detailing the construction of multiple residential units, which provides context for the application of the term.
  [ID: bd5ebb5a-6e6a-41ae-9822-de1c48fc3c79] Reasoning: Mentions tests conducted on residential dwellings for formaldehyde, which provides context on health concerns related to residential properties.
  [ID: ab9675bf-ae56-426c-88c5-e5baa09d799f] Reasoning: Raises a policy question regarding liability for latent defects in residential dwellings, which adds interpretive depth to the implications of the term.
  [ID: ec67907f-8a8c-4607-a560-016d8fc4fc95] Reasoning: Cites Judge Wettick's opinion on implied warranties of habitability, providing critical interpretive guidance on legal protections for residential dwellings.
  [ID: 3f29a4c7-d3dc-4bba-96cf-362d59250426] Reasoning: Discusses the legal implications of latent defects in newly constructed residential dwellings, providing insight into negligence standards.
  [ID: 633366a6-058b-4bbf-9ca7-5ddf156c4b6d] Reasoning: Describes a specific transaction involving a residential dwelling, but lacks broader interpretive context or implications.
  [ID: 052b6448-94e9-4c53-b32d-a75de8155a2b] Reasoning: Mentions the Act's impact on attorneys handling residential dwellings, but does not provide significant interpretive depth.
  [ID: 61bc70eb-ac06-45e7-a963-4ec3c2634d42] Reasoning: Discusses the enactment of CRESPA and its implications for transactions involving residential dwellings, providing relevant context.
  [ID: 72654f78-faba-4278-a048-4a4bad5caff4] Reasoning: Describes actions taken regarding a residential dwelling, but lacks broader interpretive significance.
  [ID: 886fb24e-7404-4b70-9624-507943ff010e] Reasoning: Indicates an understanding regarding the potential for building a residential dwelling, but lacks depth in legal interpretation.
  [ID: c7b181b7-4ac6-4970-842d-2f76446f995b] Reasoning: Describes a development agreement involving residential units, but does not provide significant interpretive context.
  [ID: aa714a7b-4e6d-468b-90f8-412358fc71e0] Reasoning: Mentions the existence of residential dwellings in a specific area, but lacks interpretive depth.
  [ID: 67557f04-aae2-4101-9d1d-d05f1bde139f] Reasoning: Provides factual findings related to zoning and residential dwellings, but lacks deeper interpretive significance.
  [ID: 15950cbd-e086-4f73-ac5f-106ae135e502] Reasoning: Describes a rental situation involving a residential dwelling, but does not provide significant interpretive context.
  [ID: 85c3dd3f-fbc0-456b-b355-eda04ba9c500] Reasoning: Details a purchase agreement for residential dwelling lots, but lacks broader interpretive significance.
  [ID: 5e39db9b-1b86-42eb-b512-8fab4c60f029] Reasoning: Mentions a nonconforming use related to residential dwellings, but lacks depth in legal interpretation.
  [ID: e8770b12-41ad-4c42-a9e7-73c591e6b7d3] Reasoning: Discusses the use of a property as a residential dwelling in relation to a variance, providing some interpretive context.
  [ID: e0de9a4d-cdb6-45f3-99a4-90caafe90ea0] Reasoning: Mentions zoning requirements for a residential dwelling, but lacks deeper interpretive significance.
  [ID: 5b52ad11-1159-4b68-8c85-1971421c14d8] Reasoning: Describes ownership of two residential dwellings, but lacks broader interpretive context.
  [ID: 0e3ceb8a-fe03-45f4-8852-c21dff90c73a] Reasoning: Discusses acreage limitations for residential dwellings, providing some context but lacking depth.
  [ID: 71053335-8b17-425d-a668-7bf61c5072a1] Reasoning: Defines cluster housing development in relation to residential dwellings, providing relevant context.
  [ID: 0af8eebc-ba24-4a17-954c-9a869481852a] Reasoning: Mentions permitted uses in an agricultural district, including residential dwellings, but lacks interpretive depth.
  [ID: 05944361-f3b2-460e-b860-b238bde59312] Reasoning: Discusses compliance of a residential dwelling with state laws, providing some context but lacking depth.
  [ID: cf12f2fb-f746-4a37-ac88-f2dcf619c3e1] Reasoning: Mentions immunity related to residential dwellings, but lacks broader interpretive significance.
  [ID: e97226f6-6774-43d5-878e-da3078bbb0af] Reasoning: This sentence discusses a court's interpretation of a warrant's language regarding a residential dwelling, but it does not provide new interpretive context or application beyond the mention of the term.
  [ID: bc181ce9-24e3-4fcb-a21b-fce2225e8d73] Reasoning: This sentence mentions an amendment increasing residential dwelling units but lacks depth in explaining the implications or context of this change.
  [ID: 2d258874-f019-4397-a0c1-479e7e749d24] Reasoning: This sentence defines an EDU in relation to residential dwellings but does not provide significant interpretive context or application.
  [ID: 381e15de-2f9d-4c89-b686-d5cf0919e294] Reasoning: This sentence discusses the impact of toxic chemicals on a residential dwelling, providing context about legal violations and health hazards, which adds interpretive value.
  [ID: 01c5cbaa-0834-4e32-8219-98f037aef6ed] Reasoning: This sentence describes a partnership to construct a residential dwelling but does not provide significant interpretive context or application.
  [ID: 6fe0747f-ca86-4efa-bb93-fd6d95b3bc03] Reasoning: This sentence discusses property assessment for a residential dwelling used for commercial purposes, providing some context about tax implications.
  [ID: 093f76c7-8f38-4b05-9806-8654391fcf44] Reasoning: This sentence defines 'homestead' in relation to residential dwellings but does not provide significant interpretive context or application.
  [ID: d35d071c-40b8-4397-9508-6fe178d69a6a] Reasoning: This sentence describes the construction of residential dwelling units without permits, indicating a potential legal issue but lacking deeper interpretive context.
  [ID: 12f6a1be-0d9e-494c-ba90-924e54840d64] Reasoning: Similar to the previous sentence, this discusses the addition of residential dwelling units without permits, indicating a legal issue but lacking deeper interpretive context.
  [ID: 1027ea66-64dc-4939-9383-37ca998cb298] Reasoning: This sentence discusses the prohibition of converting residential dwelling units occupied by low-income families without replacement, providing important context about housing policy.
  [ID: 2f95f8fd-71c5-4da6-8e17-7e07daa5716a] Reasoning: This sentence discusses liability for workers' compensation in relation to residential dwellings, providing context about legal responsibilities.
  [ID: 24bd052d-a1a8-4b63-bc91-97f5ea957830] Reasoning: This sentence outlines duties of employees in relation to residential dwellings but lacks significant interpretive context or application.
  [ID: f3f997c7-c861-43fa-b79c-0fc1459aa1cb] Reasoning: This sentence discusses zoning for residential dwellings but does not provide significant interpretive context or application.
  [ID: 915e3a91-d941-4d5b-8d19-a70f5244d869] Reasoning: This sentence mentions the consideration of residential dwellings in determining student generation rates, providing some context about planning and policy.
  [ID: 34afff29-1f40-437c-9c4a-d40afb6437e3] Reasoning: This sentence discusses permit requirements for residential dwelling units but does not provide significant interpretive context or application.
  [ID: 08429e56-3149-40e9-bf55-5d15d01cb3b8] Reasoning: This sentence states a lessor's duty to inspect a residential dwelling but does not provide significant interpretive context or application.
  [ID: dd9b593e-989a-4c05-a9e1-acbd52f1f870] Reasoning: This sentence discusses a court case that extended a landlord's liability regarding residential dwellings, providing important interpretive context about legal responsibilities.
  [ID: 30dd0369-87d0-44fb-a8fe-f9d8aecb2959] Reasoning: This sentence describes an application for a permit to build a second residential dwelling unit, providing context about property rights and local regulations.
  [ID: 872071ca-a181-40e1-abe8-4f891077c4ac] Reasoning: This sentence discusses conditions for maintaining a second residential dwelling unit, providing context about property use and local regulations.
  [ID: 815f28a4-eb97-402d-9f4d-9e674700da3a] Reasoning: Similar to the previous sentence, this discusses conditions for maintaining a second residential dwelling unit, providing context about property use and local regulations.
  [ID: ec0e68b9-650d-40af-a2c9-2c99ec35abd3] Reasoning: This sentence discusses building codes related to residential dwellings, providing context about safety regulations and compliance.
  [ID: 046dbd25-d478-4be5-8188-e8eb66da55dd] Reasoning: This sentence references a seminal case regarding landlord duties for residential dwellings, providing critical interpretive guidance on legal responsibilities.
  [ID: c35e7f05-a540-416d-9cb8-4dcf6f0b8d7e] Reasoning: This sentence states ownership of residential dwellings but does not provide significant interpretive context or application.
  [ID: ecd676fc-3754-4149-b802-bb9fbaf139d2] Reasoning: This sentence discusses a lawsuit regarding the construction of residential dwelling units, providing context about legal disputes and zoning issues.
  [ID: bc77c530-cb50-4a74-a053-4c103fc365e7] Reasoning: This sentence discusses the impact of residential dwelling units on school improvements, providing context about planning and community impact.
  [ID: 8026b829-421b-4f11-9f35-9c52ce589de3] Reasoning: This sentence discusses a specific application of the statute regarding loans for residential dwellings, providing context about the exemption based on the date of occupancy. It adds interpretive value by linking the statute to a factual scenario.
  [ID: 88701a86-596a-47ab-95f6-c1265497a698] Reasoning: This sentence is a direct quote of the statute regarding the exemption for loans made prior to January 1, 1976, and does not provide any new interpretive context or application.
  [ID: 8464ea89-06d3-4589-ac86-9ea41a977794] Reasoning: This sentence describes a transaction involving the construction of residential dwellings, providing context about the application of the term in a real estate context, which adds interpretive value.
  [ID: d09ed4d6-bb77-4efb-9e4f-c02e977d4c55] Reasoning: This sentence states that a building was used exclusively for residential dwelling purposes, but it does not provide any additional context or application, making it largely redundant.
  [ID: 89f4a2d5-7979-45bd-9472-8134ce440aa6] Reasoning: This sentence mentions a burglary of a residential dwelling but does not provide any interpretive context or application, making it largely redundant.
  [ID: 8cdc9875-d992-4f12-9040-6a5fcf019707] Reasoning: This sentence discusses zoning for residential dwellings and commercial purposes, providing context about land use regulations, which adds interpretive value.
  [ID: 0534d399-eb8c-4fd6-ae99-c730758889bf] Reasoning: This sentence describes an agreement involving the construction of residential dwelling units, providing context about the application of the term in a contractual setting, which adds interpretive value.
  [ID: 5cfa48f8-e2f6-45b5-a489-65ebc18c59ec] Reasoning: This sentence discusses an ordinance related to occupancy limits on residential dwellings, providing context about legal implications and enforcement, which adds interpretive value.
  [ID: 57c7f938-9d31-49c9-8ccb-02b344f2d412] Reasoning: This sentence discusses the legal scrutiny of an ordinance affecting residential dwellings, providing context about its implications for health and safety, which adds interpretive value.
  [ID: 4ba235bf-61b5-457b-a041-4cb38a25e898] Reasoning: This sentence discusses restrictions on land use related to residential dwellings, providing context about legal limitations, which adds interpretive value.
  [ID: d02e017a-c155-46b7-8629-e14b8f5dbb6a] Reasoning: This sentence describes restrictions on the number of residential dwellings allowed on a lot, providing context about zoning regulations, which adds interpretive value.
  [ID: 5b6bed97-d209-43d6-b5c3-9d7ae21e06c8] Reasoning: This sentence discusses a variance application related to residential dwellings, providing context about regulatory processes, which adds interpretive value.
  [ID: 1c5ee160-3a33-4165-891c-9284ebe33fd5] Reasoning: This sentence discusses a legal requirement for variances related to residential dwellings, providing context about legal compliance, which adds interpretive value.
  [ID: 0d85cd36-d133-4ae2-b39b-f43bd83c0054] Reasoning: This sentence is a direct quote of a statute regarding communications facilities near residential dwellings and does not provide any new interpretive context or application.
  [ID: dca33870-c779-4d87-add0-e9f93420e5b4] Reasoning: This sentence discusses the evolution of a school from a residential dwelling to a larger facility, providing context about the use of residential properties, which adds interpretive value.
  [ID: 20c17dd5-b272-467f-afa9-a2c6026db3d7] Reasoning: This sentence describes a fire at an unoccupied residential dwelling, but it does not provide any additional context or application, making it largely redundant.
  [ID: 53325223-2f59-46c5-abc6-5f0259787cd2] Reasoning: This sentence discusses the requirement for a zoning certificate to construct a residential dwelling unit, providing context about regulatory processes, which adds interpretive value.
  [ID: 2e6b41be-7d2b-49d8-970c-477e2a461c38] Reasoning: This sentence outlines the purpose of an ordinance related to residential dwelling units, providing context about regulatory intent, which adds interpretive value.
  [ID: 34a68e60-87f9-4738-b7c9-529a78591948] Reasoning: This sentence discusses police approaches to residential dwellings and the implications for privacy, providing context about legal standards, which adds interpretive value.
  [ID: e57b4635-3f73-40e8-b0c0-ca766ff37be5] Reasoning: This sentence discusses warrantless police approaches to residential dwellings, providing context about Fourth Amendment implications, which adds interpretive value.
  [ID: c778e705-173e-4c84-af3e-85bc9dedad80] Reasoning: This sentence discusses warrantless entry into areas surrounding residential dwellings, providing context about legal standards, which adds interpretive value.
  [ID: df451e12-4281-4c10-ba91-df1994b0a8d8] Reasoning: This sentence poses a question about residential dwellings but does not provide any context or application, making it largely redundant.
  [ID: 97657693-5cc5-411e-b43c-7af24d9960e7] Reasoning: This sentence discusses the classification of burglary offenses related to residential dwellings, providing context about legal definitions, which adds interpretive value.
  [ID: acec11f9-028d-4676-a8bc-65cfc0b66d6a] Reasoning: This sentence lists prior convictions related to residential dwellings, providing context about legal implications, which adds interpretive value.
  [ID: 3ab7c595-f0a1-4545-bbf7-a73a7e62f7e9] Reasoning: This sentence discusses grounds for suppressing wiretap evidence related to a residential dwelling, providing context about legal standards, which adds interpretive value.
  [ID: 1b53644b-8dfd-4ca1-91e4-87773792c499] Reasoning: This sentence discusses ownership of wiring within residential dwellings but does not provide any interpretive context or application of the term 'residential dwelling'.
  [ID: 0e5b94e1-8f8f-40df-bf27-d4c8872317ef] Reasoning: This sentence states that building of residential dwellings began on certain lots, but it does not provide any interpretive context or application of the term.
  [ID: e98beb20-cd9f-42ac-aed9-3ffa0b9ef926] Reasoning: This sentence outlines specific conditions under which individuals purchased residential dwellings, providing context for the term's application in a legal context.
  [ID: 1aeb1ca2-8057-4967-ac85-da1cc72b640a] Reasoning: This sentence is a repeat of the previous one, providing no new information or context regarding 'residential dwelling'.
  [ID: ab30cfce-d8f7-4d54-a17a-d63031c6f38d] Reasoning: This sentence is similar to the previous two, repeating the same conditions for purchasing residential dwellings without adding new interpretive value.
  [ID: a7413237-e4d7-4343-8073-e9196e6c5c72] Reasoning: This sentence discusses the Fourth Amendment's application to warrantless entry into areas surrounding a residential dwelling, providing relevant legal context.
  [ID: c9f8e828-3dbf-40f0-9d46-65cc24394878] Reasoning: This sentence describes a legal challenge involving a search of a residential dwelling, providing context for the term's application in a legal scenario.
  [ID: abae58d6-594a-4ef3-b0dd-e6c58778dd52] Reasoning: This sentence discusses the examination of an affidavit related to a residential dwelling, providing context for legal proceedings involving the term.
  [ID: 2fcb2b30-5741-4767-adaa-e259ef831a46] Reasoning: This sentence provides a factual statement about ownership of a residential dwelling but lacks interpretive depth or legal context.
  [ID: c820a361-b339-405c-9ba3-d6c841ade5d4] Reasoning: This sentence discusses the issuance of certificates of occupancy for new residential dwelling units, providing relevant context for understanding residential development.
  [ID: 90ec86cc-c54b-4285-8e31-f02fbeb1c156] Reasoning: This sentence references case law regarding implied warranties in the context of residential dwellings, providing important interpretive context.
  [ID: de7bac4f-cddb-42af-b53d-9b792d65b5c1] Reasoning: This sentence discusses the reasonable expectation of privacy in common areas of multi-unit residential dwellings, providing relevant legal context.
  [ID: 7a018897-da55-4fa4-aad5-3f8f7438f052] Reasoning: This sentence discusses unique circumstances affecting privacy interests in multi-unit residential dwellings, providing relevant legal context.
  [ID: 7fc6c653-2ea3-48a8-997d-fcbaa2b209af] Reasoning: This sentence discusses a valid privacy interest in a shared basement of a residential dwelling, providing relevant legal context.
  [ID: 94cb2019-4f5e-48d7-8f85-0b4ee2b1bea9] Reasoning: This sentence discusses the need for clarity regarding the Fourth Amendment's reach over common areas of multi-unit residential dwellings, providing relevant legal context.
  [ID: 2b452e7d-5d7a-473d-9c64-7133b8267846] Reasoning: This sentence discusses lawful activities in residential dwellings on NPS land, providing relevant context for understanding the term's application.
  [ID: 87005923-a48e-4253-948a-b1a1ca594f9c] Reasoning: This sentence discusses zoning regulations related to residential uses, providing relevant context for understanding the term's application.
  [ID: 7551aee0-9487-42a6-bcdd-8cb89cdd4bc0] Reasoning: This sentence discusses a legal challenge to a distance requirement from residential dwellings, providing relevant context for understanding the term's application.
  [ID: d83216aa-0e46-4f8f-966c-f615149717a1] Reasoning: This sentence discusses a court's ruling on a restriction measured from residential dwellings, providing relevant legal context.
  [ID: 448cc4c6-dd22-48d0-af54-35af0664f6f4] Reasoning: This sentence discusses liability for commissions related to the sale of residential dwelling units, providing relevant context for understanding the term's application.
  [ID: 5e2c90ca-75b8-4370-9bef-0fc4ed014894] Reasoning: This sentence discusses a case involving private residential dwelling houses, providing relevant context for understanding the term's application.
  [ID: 61276f2d-739f-4be7-acee-33b921869620] Reasoning: This sentence discusses a court's authority to search a residential dwelling, providing relevant legal context for understanding the term's application.
  [ID: cc6d9c9a-7920-4583-95ba-264bc09e443e] Reasoning: This sentence discusses a zoning ordinance related to residential areas, providing relevant context for understanding the term's application.
  [ID: d2f95f21-57ec-41e8-9235-efdaa9c5d13f] Reasoning: This sentence describes the configuration of residential dwelling units, but lacks interpretive depth or legal context.
  [ID: dcc0f841-1721-4a49-adf6-4b111b6a33c0] Reasoning: This sentence discusses the legality of a search based on the configuration of a residential dwelling, providing relevant legal context.
  [ID: cb4a89be-241e-4c7e-8d48-9c75a253836e] Reasoning: This sentence provides a factual statement about a report involving residential dwellings but does not add any interpretive context or application of the term.
  [ID: ac666846-124f-4ee3-8c25-a9fa3251bdcd] Reasoning: This sentence states that OSHA regulations do not apply to residential dwellings, but it does not elaborate on the implications or context of this distinction.
  [ID: 7c197582-9103-4996-a18b-85987d7ff829] Reasoning: This sentence discusses the potential overlap between residential dwellings and workplaces, raising a legal question but lacks a definitive interpretive conclusion or context.
  [ID: 840121c0-d8be-4264-805a-f2a3bcf4ca89] Reasoning: This sentence references zoning regulations for residential dwellings but does not provide further context or implications of this classification.
  [ID: 053bfc77-f283-434e-8b5e-b01d311f7e72] Reasoning: This sentence describes permitted uses in a zoning context but does not elaborate on how this relates to the statutory definition of residential dwellings.
  [ID: 341dd3ae-e0d4-4b7f-ae1c-b1cf5380d85c] Reasoning: This sentence provides a factual description of a property but does not add any interpretive context regarding residential dwellings.
  [ID: e90951a2-1744-4c16-88cd-040d1ca3707f] Reasoning: This sentence discusses a court's ruling on copyright related to residential dwellings, providing some legal context but lacks depth in interpretation.
  [ID: f6decee5-65b6-46a5-a459-dbf6e0eac6e9] Reasoning: This sentence describes a marital settlement involving a residential dwelling but does not provide interpretive context or implications.
  [ID: 9b2787f8-5b10-44e1-8825-721a2824f1f3] Reasoning: This sentence mentions multiple unit residential dwellings but does not provide any interpretive context or application of the term.
  [ID: c2ebd7b0-1291-47eb-9500-b7c9c3457063] Reasoning: This sentence discusses a legal distinction between personal care homes and residential dwellings, hinting at interpretive implications but lacks depth.
  [ID: b4588c4a-c4f3-4f1b-aaac-8e284788bbec] Reasoning: This sentence discusses a court's evaluation of claims related to residential dwellings, providing some context but lacks detailed interpretive analysis.
  [ID: c4cb187e-fc40-474e-bf8d-017eed9e8e3b] Reasoning: This sentence defines a residential dwelling unit but does not provide any interpretive context or application of the term.
  [ID: b5f75022-f413-4d6e-8a3f-4bb03e52beda] Reasoning: This sentence discusses a promissory note related to a residential dwelling but does not provide interpretive context or implications.
  [ID: 5a3edfac-ad54-4e09-bdff-1eac087cfae7] Reasoning: This sentence references a case involving negligent misrepresentation related to a residential dwelling, providing some legal context but lacks depth.
  [ID: e18a534b-6dfe-4cba-81ab-7cd9a20eb84f] Reasoning: This sentence discusses zoning restrictions related to residential dwellings but does not provide further interpretive context.
  [ID: 5e0391b3-601e-4b95-b0dd-da90855309c7] Reasoning: This sentence lists property lines related to residential zones but does not provide any interpretive context or implications.
  [ID: e51708aa-9f4a-4b6a-b929-af23a055ece1] Reasoning: This sentence discusses a forfeiture case involving a residential dwelling, providing some legal context but lacks depth in interpretation.
  [ID: 3db91791-5418-428f-a506-d9baee277bd5] Reasoning: This sentence discusses zoning for residential dwellings but does not provide further interpretive context or implications.
  [ID: bd6ee103-a08d-4aca-8f78-0e2962f4e3c9] Reasoning: This sentence frames a legal issue regarding residential dwellings in bankruptcy, providing some context but lacks depth in interpretation.
  [ID: c5d74502-4565-4a9d-9a35-6996014d82d3] Reasoning: This sentence discusses shared ownership of a residential dwelling but does not provide interpretive context or implications.
  [ID: f032b6f1-91a2-4bc4-9a82-001981a32f22] Reasoning: This sentence discusses mortgage obligations related to residential dwelling units but does not provide interpretive context or implications.
  [ID: d8d5d3d0-26d9-428f-a3bc-6615a8fb0ab3] Reasoning: This sentence discusses a debtor's eligibility related to a residential dwelling but lacks depth in interpretive context.
  [ID: 8e5b952e-d9f3-4473-9f0d-46da205e8c63] Reasoning: This sentence mentions a residential dwelling in the context of a legal restriction but does not provide further interpretive context.
  [ID: 4b2eddd4-6284-43c5-9106-d0a7cc73605a] Reasoning: This sentence states that definitions relate to residential dwellings but does not provide any interpretive context or implications.
  [ID: 84db9b69-347f-45a2-883c-130977242707] Reasoning: This sentence describes a conversion of a residential dwelling into a sales office, providing some context but lacks depth in interpretation.
  [ID: afdcc35e-e263-44ac-9f48-d05f2716123a] Reasoning: Describes a specific case where a farmhouse, originally a residential dwelling, was converted into a sales office. This provides context on how a residential dwelling can be repurposed, which adds interpretive value.
  [ID: cdb22804-942f-40d3-b61d-f50ee5068b3e] Reasoning: Discusses the unsuitability of soil for a residential dwelling, which highlights practical implications of the term in terms of health and safety standards. This adds context to the definition of a residential dwelling.
  [ID: 1d30231a-5d7d-4e18-ade8-9e3368a7a8c4] Reasoning: Cites a case where a residential dwelling was deemed not suitable for Chapter 11 bankruptcy, clarifying the legal context in which residential dwellings are treated differently from business assets.
  [ID: de9c6dcf-b416-4602-944e-e43fe8145fa6] Reasoning: Refers to a legal case that clarifies the application of contracts related to the construction and sale of residential dwellings, providing insight into legal interpretations of such contracts.
  [ID: 3e9e4217-0937-42ac-97cf-1dc430cb6813] Reasoning: Mentions zoning ordinances that restrict occupancy in residential dwellings, which provides context on how residential dwellings are regulated in specific districts.
  [ID: 006cda80-6d02-4451-b141-878c0092a783] Reasoning: Discusses regulations regarding the placement of storage wells in relation to residential dwellings, which adds context to the legal implications of residential dwelling locations.
  [ID: 22ea9785-a18f-42b6-a690-5b5bea661141] Reasoning: The City admits that adding a second kitchen does not change the classification of a residential dwelling, which clarifies legal interpretations of property use.
  [ID: a54439a9-a97b-432e-a3c1-ddd3c3cc6b78] Reasoning: Similar to the previous sentence, it clarifies that adding a kitchen does not automatically convert a single-family dwelling into a multi-family dwelling, providing legal clarity.
  [ID: 7391e4e7-ba12-4342-804d-0e7337342111] Reasoning: Reiterates the City's position on kitchen additions and their impact on dwelling classification, which adds little new information compared to previous sentences.
  [ID: 556246a2-a029-4717-822f-f26c03c33273] Reasoning: Mentions a residential note secured by a mortgage on a residential dwelling, but does not provide additional interpretive context.
  [ID: 0c14d141-3a11-407f-9890-decea7d4ae67] Reasoning: This sentence is a fragment of a contract and does not provide any interpretive context or application of the term 'residential dwelling'.
  [ID: 797a8428-82ea-429e-b2a9-87a94c6997d1] Reasoning: Discusses a payment for constructing a residential dwelling, but lacks interpretive depth regarding the term's application.
  [ID: 41ea3bcb-5186-4d38-992b-a1962087a2d6] Reasoning: Mentions the debtor's expertise in constructing residential dwellings, but does not provide additional context or application.
  [ID: 942802e1-84ea-4785-875c-0fbb58c1236c] Reasoning: Describes an agreement to construct a residential dwelling, but lacks interpretive context or application.
  [ID: b865fc53-387a-409f-a2e0-7594176989fa] Reasoning: Discusses a legal case involving lead-based paint in a residential dwelling, providing context on health and safety implications.
  [ID: 92ff6fe0-b594-46a1e-ffc7a5950356] Reasoning: Cites a case regarding the duty to disclose termite damage in a residential dwelling, which adds significant interpretive value regarding seller obligations.
  [ID: cfa77b95-5c71-4237-b9de-e082ad49e129] Reasoning: Discusses the application of an exemption to mobile homes as residential dwellings, providing clarity on legal interpretations.
  [ID: e733d7d7-1141-461f-aebf-bc55700773df] Reasoning: Mentions the highest and best use of a property as a residential dwelling, but lacks deeper interpretive context.
  [ID: f7746ec0-266a-4e6d-85f9-fcbc958aaf80] Reasoning: Discusses zoning restrictions related to residential dwellings, which provides context on regulatory implications.
  [ID: 2452022a-74dc-429c-8c5e-d3e42d891936] Reasoning: Describes a debtor and developer's ownership of residential dwellings, but lacks interpretive depth.
  [ID: ae03751c-7e65-4ab2-849b-050cacaf406c] Reasoning: Mentions the liquidation of properties including residential dwellings, but does not provide additional context.
  [ID: 29839cd2-8fe0-4c90-a469-a288ff5ea298] Reasoning: Describes defendants copying a floor plan for a residential dwelling, but lacks interpretive context.
  [ID: 896e852b-da36-4a92-b9b6-f9d64b6d76ad] Reasoning: Mentions reproduction of architectural plans for residential dwellings, but does not provide additional interpretive context.
  [ID: feb8074e-ee6e-409f-b63c-fe7398dc6085] Reasoning: Discusses copyright issues related to architectural plans for residential dwellings, but lacks deeper interpretive context.
  [ID: ad2d9794-0843-4da8-bea0-a7bab19a8f03] Reasoning: Mentions the application of an Act to residential dwellings, but does not provide additional interpretive context.
  [ID: 2fd83266-db7f-41c5-9b96-ae68e5f5162a] Reasoning: This sentence provides specific distance requirements for hog farms in relation to residential dwellings, which adds context to the term's application in local ordinances.
  [ID: a93a07f9-9d9c-464b-9289-63504d7717c6] Reasoning: This sentence discusses the likelihood of a legal argument regarding the preemption of a residential dwelling restriction, providing insight into legal interpretations and implications.
  [ID: 94d3d299-e800-4148-b58e-813eafaf233b] Reasoning: This sentence simply states a requirement for hog farms to be a certain distance from residential dwellings, which does not add new interpretive value.
  [ID: 0326d959-da3f-4020-9c33-86cab2ba302a] Reasoning: This sentence mentions sending a notice to the occupant of a residential dwelling affected by disconnection, but it does not provide deeper interpretive context.
  [ID: 2a747fe6-cc88-43c6-b16e-6f65231fd411] Reasoning: This is a direct quote of a statute, providing no new interpretive value.
  [ID: 4129713f-dd6e-42f3-a323-542b0731218c] Reasoning: This sentence references previous residential dwellings built by a petitioner but lacks context or application that would enhance understanding.
  [ID: fa0b653b-5465-4563-b707-ca1ce4f88d76] Reasoning: This sentence discusses a city's comprehensive plan for rehabilitation of residential dwellings, providing context for the term's application in urban development.
  [ID: b150bc12-6cdb-4846-8340-8815956bba06] Reasoning: This sentence discusses the reasonable use of land for a residential dwelling, providing interpretive context regarding land use and legal expectations.
  [ID: 2a3a9bf5-b735-4833-a9dd-8ce0ec372e3e] Reasoning: This sentence identifies a group of purchasers of residential dwellings, but it does not provide additional interpretive context.
  [ID: 203e02b9-e597-4713-8d34-490317e34b8e] Reasoning: This sentence states a fact about property acquisition but lacks interpretive depth regarding the term 'residential dwelling'.
  [ID: 00196885-85fd-4e6d-a2a0-dce7f1e813d8] Reasoning: This sentence discusses lead exposure risks in residential properties, providing context for health and safety regulations related to residential dwellings.
  [ID: f7359d40-16ef-41af-bc43-9ba0f4d946dd] Reasoning: This sentence discusses the impact of methane gas on property use, providing context for legal disputes involving residential dwellings.
  [ID: 6d464586-bae9-43e7-9ae1-e23ff5f10e7a] Reasoning: This sentence provides specific distances from residential dwellings, which adds context to zoning and land use regulations.
  [ID: 656383c8-fcad-4a14-abe4-1e49b38a5430] Reasoning: This sentence discusses the purchase of residential dwelling units for student housing, providing context for real estate transactions and their implications.
  [ID: 7096903f-c0f8-49e1-9c6f-c03233f9a9b1] Reasoning: This sentence states a requirement from a lease regarding the construction of a residential dwelling, but lacks deeper interpretive context.
  [ID: 93725743-4289-47f3-8c31-8e2453c2d01e] Reasoning: This sentence discusses the jurisdiction of a court over a mortgage loan for a residential dwelling, providing context for legal proceedings.
  [ID: a341e1d4-bbe3-4375-8831-e3dee8a5dc1f] Reasoning: This sentence discusses obligations to repair or compensate for damage to occupied residential dwellings, providing context for liability and property law.
  [ID: 199ec25a-f243-4e40-b7cb-37a11c329d29] Reasoning: This sentence discusses the scope of repair for damaged residential dwellings, providing context for property law and obligations.
  [ID: 43ec7b46-b42f-45ea-81f1-66c08bfc8f0d] Reasoning: This sentence discusses compensation for damage to residential dwellings, providing context for property rights and legal obligations.
  [ID: 5e81411c-b62c-44a5-a6dd-bfea72ef27a7] Reasoning: This is a direct quote of a regulation, providing no new interpretive value.
  [ID: 518c2411-51d0-4a52-907d-258db79d7a1e] Reasoning: This sentence discusses the right to rescind a mortgage transaction related to residential dwellings, providing context for consumer protection laws.
  [ID: 8b913acd-6d85-43fb-bf13-8675145e0962] Reasoning: This sentence states a requirement for single-family residential dwellings in a neighborhood, but lacks deeper interpretive context.
  [ID: 66b5c1d3-009e-428c-9d80-4b1031a1949d] Reasoning: This sentence defines 'improved property' in relation to residential dwellings, providing important context for understanding property classifications.
  [ID: 4f4ec3d0-d86c-41e5-bfa9-912455dc3a4d] Reasoning: This sentence states a fact about the construction of a residential dwelling but does not provide additional interpretive context.
  [ID: a43e8eac-fd4a-4bcb-81bf-5e5abe53dcd9] Reasoning: This sentence discusses the purpose of housing codes in preventing overcrowding and blight, providing context for the regulation of residential dwellings.
  [ID: 2ecbbd81-3733-46d6-bcb8-ad3d40639158] Reasoning: Describes a specific development plan that includes a maximum of 675 residential dwelling units, providing context on permissible uses under local zoning laws.
  [ID: edae00d2-0281-49d7-af6f-07a2d16c92e6] Reasoning: Mentions compliance with laws regarding the mix of residential unit types, which adds context to the limitations on residential dwellings but lacks deeper interpretive analysis.
  [ID: 29f4c814-06f6-4c6a-9d29-1989888adaa2] Reasoning: Discusses a Memorandum of Understanding related to residential dwelling units, indicating procedural steps for project approval, which adds context but lacks depth.
  [ID: 3af5df9f-6d2e-453f-bd85-5a29aebc39b7] Reasoning: Details a specific vote on a PUD rezoning application that limits residential dwelling units, providing insight into local governance and planning decisions.
  [ID: 2636b5fd-90ba-4bbe-a5c3-3406fc9e10ba] Reasoning: Highlights the limitations imposed on the number of residential dwelling units and the binding obligations of the Petitioners, which adds context to the legal implications of the agreement.
  [ID: 15f83d85-b22e-4928-b0df-0a271238150b] Reasoning: Reiterates the maximum number of residential dwelling units permitted, which is somewhat redundant but emphasizes the agreement's terms.
  [ID: 0f473412-e9b5-489e-bfa6-924491c183b2] Reasoning: Discusses the implications of limiting the project to 675 residential dwelling units, providing context on the trade-offs involved in the development agreement.
  [ID: c6b4001c-98bb-4db4-a0d2-b96710cf8ff3] Reasoning: States that limiting the number of residential dwelling units is a detriment to Petitioners, which provides insight into the negotiation dynamics but lacks depth.
  [ID: ac09740e-00c6-4fd2-9db4-c58d3242fbab] Reasoning: Mentions limitations on building permits as a detriment to Petitioners, which adds context but is somewhat repetitive of previous points.
  [ID: f025e33c-acd7-4adb-adac-8cc5537b9735] Reasoning: Duplicate of a previous sentence regarding the Memorandum of Understanding, providing no new information.
  [ID: 01759ece-cde4-4067-8996-8b7e38d69eed] Reasoning: Discusses physical limitations on constructing a residential dwelling, which provides practical context but lacks broader interpretive significance.
  [ID: de1e3e58-c9de-4303-8d8b-939da912e159] Reasoning: Describes plans to build residential dwellings, which is a factual statement without interpretive depth.
  [ID: 81442395-2c2b-46bf-9bb7-dad2274d29d4] Reasoning: Mentions seeking loans for residential dwellings, which is a factual statement without interpretive depth.
  [ID: e85f708f-4365-4cde-b1f8-b2093a6ec476] Reasoning: Discusses risk of loss related to construction loans for residential dwellings, which is a factual statement without interpretive depth.
  [ID: a01ad68f-9bce-4431-b563-d6b772813af9] Reasoning: Questions the use of construction loan proceeds for residential dwellings, which is a factual inquiry without interpretive depth.
  [ID: 25e1aba6-78d3-4d3b-b596-f7d51b7d9bb9] Reasoning: Discusses conditions for establishing single-family residential dwellings in farm zones, providing relevant context but lacking deeper interpretive analysis.
  [ID: e2be3b45-e22f-4711-a749-fe4108210496] Reasoning: Mentions the justification for entering a residential dwelling to render assistance, which provides context but lacks broader legal implications.
  [ID: 118688f9-5f66-4ccd-84cb-359acc1706cd] Reasoning: States a rental situation involving a residential dwelling, which is a factual statement without interpretive depth.
  [ID: c688b8ea-ca6e-49ba-963f-3adebf835c35] Reasoning: Discusses a defense based on eviction laws related to residential dwellings, which provides relevant legal context but lacks depth.
  [ID: 7dfb1126-be7f-4aac-af56-85392f27f748] Reasoning: Cites a case regarding economic losses from latent defects in residential dwellings, providing relevant legal precedent that aids interpretation.
  [ID: 64b85526-823e-4c6d-aba5-b5e8af92088b] Reasoning: Mentions opposition from owners of residential dwellings, which provides context on community dynamics but lacks deeper interpretive significance.
  [ID: 9e8eb00e-af8b-4084-847e-6eb86fbfc3fa] Reasoning: Discusses zoning laws related to residential dwellings, providing relevant legal context but lacking deeper interpretive analysis.
  [ID: 9cfec983-f195-402a-b734-8a6edb74dec1] Reasoning: Reiterates conditions for establishing single-family residential dwellings, which is somewhat redundant but emphasizes zoning requirements.
  [ID: 1754317e-5110-4095-b69d-43eeda8ec0b2] Reasoning: Mentions the need for county permission for single-family residential dwellings, which provides context but lacks depth.
  [ID: 2fae227f-30a2-45e1-a0e3-a4f01a98a938] Reasoning: Discusses the classification of residential dwelling units within an apartment complex, providing relevant context but lacking deeper interpretive analysis.
  [ID: dbc23560-d60e-4fb2-9f79-ef9b54567b68] Reasoning: This sentence discusses covenants related to property use but does not provide any new interpretive context regarding 'residential dwelling' beyond what is already implied in the statute.
  [ID: a7259d1c-f37d-457d-904f-7f449cd3d24f] Reasoning: This sentence mentions the replacement cost of a 'residential dwelling' but does not elaborate on the term's legal implications or context, making it largely redundant.
  [ID: 2cc4d400-a3a5-478b-a7fa-4ab13469f920] Reasoning: This sentence provides a factual statement about a payment for a 'residential dwelling' claim but lacks any interpretive depth or context.
  [ID: 27a5885b-682b-45f7-9973-233b0d16e428] Reasoning: This sentence interprets the statute by explaining how temporary vacating affects the status of a 'residential dwelling', providing useful context for legal application.
  [ID: 21cc5d59-ad1b-4f5d-bd84-1a546dd5afd6] Reasoning: This sentence states that certain lots are designed for 'single residential dwellings' but does not provide further interpretive context or application.
  [ID: 45255c6f-eb06-43f4-92e0-0ffade38604d] Reasoning: This sentence suggests a potential exception for 'single family residential dwelling' use but lacks detailed interpretive context.
  [ID: f8f24e9a-bf9b-4204-a674-221dbb252241] Reasoning: This sentence discusses conditions under which 'single-family residential dwellings' may be established, providing some interpretive context.
  [ID: 28556852-7107-4da9-8e4d-4b7c7b8bf255] Reasoning: This sentence refers to tax exemptions for 'residential dwelling units' but does not elaborate on the implications or context of the term.
  [ID: 46a0c11b-87da-4452-81c2-8e0a2628e3d0] Reasoning: This sentence discusses a motion related to 'residential dwellings' but does not provide any new interpretive context.
  [ID: e18e6f37-f96f-43eb-b2c9-3fc54b50ee3c] Reasoning: This sentence restricts land use to 'private residential dwelling' but does not add interpretive context beyond the statute.
  [ID: f2569dc4-fdb2-48af-ae0a-4968d58bbe7e] Reasoning: This sentence discusses notice of restrictive covenants related to 'private residential dwellings' but lacks further interpretive context.
  [ID: 78ce4c40-7b7e-4f68-8fe2-55c9f3b540dd] Reasoning: This sentence reiterates restrictions on land use for 'residential dwelling' but does not provide new interpretive insights.
  [ID: 84891ec5-6e7d-4db7-bbb8-c54b2ccd4286] Reasoning: This sentence interprets the term 'residential dwelling' in the context of sentencing guidelines, providing useful legal context.
  [ID: 5ea5bcd3-4944-43b8-b3e8-f27cffbaf033] Reasoning: This sentence discusses the issuance of a certificate of occupancy for a 'residential dwelling' but lacks deeper interpretive context.
  [ID: 527205f4-b8a7-4272-bf60-8852fa72e90c] Reasoning: This sentence discusses the revocation of a certificate of occupancy for a 'residential dwelling' but does not provide new interpretive insights.
  [ID: 66f12e02-01bf-4b36-8912-c30899ae319b] Reasoning: This sentence discusses exemptions for individuals making drawings for 'single family residential dwelling' but lacks deeper interpretive context.
  [ID: 5e63a32b-9107-430e-a412-f992e001cfc1] Reasoning: This sentence classifies a property as a 'residential dwelling' but does not provide further interpretive context.
  [ID: eee7698a-53ad-4e90-8a4a-195cfbfd3293] Reasoning: This sentence discusses regulations regarding landfills near 'occupied residential dwellings' but does not provide new interpretive insights.
  [ID: 413f21f3-c0f4-4774-9a53-2771be7a4e5a] Reasoning: This sentence reiterates a regulation about landfills near 'occupied residential dwellings' without adding interpretive context.
  [ID: d9c95120-713f-41d8-9221-27228fa16a62] Reasoning: This sentence discusses a waste management project near 'occupied residential dwellings' but does not provide new interpretive insights.
  [ID: 0a0e8a22-71d8-401e-8427-de91be56ff8c] Reasoning: This sentence describes a lease-purchase agreement for a 'single family residential dwelling' but lacks deeper interpretive context.
  [ID: 0e40613e-9620-4833-b7b4-5fa6c507a2a2] Reasoning: This sentence mentions a 'low-rise residential dwelling code' but does not provide further interpretive context.
  [ID: d821c069-1564-49c7-a05d-e3f1497ee178] Reasoning: This sentence discusses operating a business in a 'two-family residential dwelling district' but does not provide new interpretive insights.
  [ID: 0a5ef3bc-90fd-4d0c-94af-c41cbd499cc2] Reasoning: This sentence discusses vacant lots without 'residential dwelling' but does not provide new interpretive insights.
  [ID: eaceb7ae-3727-41cc-9ab7-6004040b464e] Reasoning: This sentence discusses regulations regarding landfills near 'occupied residential dwellings' but does not provide new interpretive insights.
  [ID: d9c95120-713f-41d8-9221-27228fa16a62] Reasoning: This sentence discusses a waste management project near 'occupied residential dwellings' but does not provide new interpretive insights.
  [ID: d4400e5b-3209-4feb-a18c-cf89a0da22e0] Reasoning: Describes a property with a single residential dwelling but does not provide any interpretive context or application of the term.
  [ID: 63346a54-5700-4238-97e6-f9c5af175efc] Reasoning: Mentions residential dwellings in a factual context but lacks any interpretive depth or application.
  [ID: 8bbd93af-b5d2-49a0-91ad-50737770a483] Reasoning: Provides a specific example of a residential dwelling involved in civil forfeiture proceedings, adding context to the term's application.
  [ID: a6ad5cb6-2fd3-49d0-a9fe-762c1f69d4fa] Reasoning: Discusses a legal dispute regarding the use of property as residential dwellings, providing context for the term's application in legal settings.
  [ID: 6fc16f46-bdf2-4638-a5bb-29284229b4c8] Reasoning: Mentions an ordinance related to picketing at a residential dwelling, but does not elaborate on the implications or context.
  [ID: c0ca504d-d6a5-41f3-973c-a22ba0af92c0] Reasoning: Cites a code defining targeted picketing at a residential dwelling, but does not provide further interpretive context.
  [ID: a5207118-bc38-410b-a856-c07b3c70fba8] Reasoning: Quotes an ordinance regarding picketing near a residential dwelling, which is redundant and lacks interpretive value.
  [ID: 072baede-e67f-48ae-a8c6-b3d626202c89] Reasoning: Discusses the elimination of residential dwellings as permitted uses, providing context for zoning and land use implications.
  [ID: ec22002a-7e0b-4ec1-8919-9c0fc5c394b7] Reasoning: Provides a valuation context for a residential dwelling, which adds some interpretive value regarding property assessment.
  [ID: feb39106-426f-4603-96ed-e223441c072f] Reasoning: Describes a property for insurance purposes, which adds context to the term 'residential dwelling' in a practical application.
  [ID: cfc58fd3-98bb-41bf-a6ca-552425de570c] Reasoning: Similar to the previous sentence, it describes a property for insurance, providing context for the term's application.
  [ID: 97fc8a8f-79dc-465e-9ac5-57a746f19ba0] Reasoning: States that a picnic site contained no residential dwellings, which is a factual statement with no interpretive value.
  [ID: 4cb0d140-4469-4591-bc9f-47a33d5a9457] Reasoning: Mentions promises related to residential dwellings but lacks specific legal context or application.
  [ID: 6b5e6df2-7522-4882-9ec8-fd3451e166c9] Reasoning: Describes adjacent properties with minimal context regarding residential dwellings, lacking interpretive depth.
  [ID: 512ea123-82bc-4394-9e4d-82ad7aafb158] Reasoning: Discusses a municipal ordinance regarding apartment projects near residential dwellings, providing relevant legal context.
  [ID: da1cbf0b-74a4-4a60-ad78-8c56aacc2a15] Reasoning: Mentions the rejection of a project due to proximity to residential dwellings, providing context for zoning regulations.
  [ID: e85b87b4-254e-40da-86df-e0283c1e53c5] Reasoning: States a regulation regarding the location of apartment projects near residential dwellings, which is relevant but somewhat redundant.
  [ID: 4bb2e69a-c5d1-4d47-bfbb-25bd2a9f912d] Reasoning: Describes the measurement of distance for zoning purposes related to residential dwellings, providing relevant legal context.
  [ID: 285e2cf7-0310-4725-9b27-5a5074488878] Reasoning: Describes a commercial and residential dwelling but lacks interpretive context or application.
  [ID: 90220235-390c-4f5b-8806-b32b06f37bf5] Reasoning: Defines 'Developer' in relation to residential dwelling units, providing some context for the term's application in real estate.
  [ID: 0f31133c-463d-44fb-b6c5-3e9a8bbd2427] Reasoning: Describes ownership of a multi-family residential dwelling, but lacks interpretive context or application.
  [ID: bd4ec1c0-017c-40be-b3fa-5f1e62a49081] Reasoning: Mentions individuals or corporations who built residential dwellings, but lacks specific legal context or application.
  [ID: 37801ff0-cd5a-4254-92e0-798a90f31553] Reasoning: Cites a court case involving a residential dwelling, providing some legal context but lacks depth in interpretation.
  [ID: 111193da-5e52-463f-92a8-dadb7e62ffe9] Reasoning: Mentions a prohibition on renting residential dwelling units without a business license, providing relevant legal context.
  [ID: 7e42e05a-ff91-43ef-8961-915924208529] Reasoning: Discusses regulations regarding loans secured by residential dwellings in flood hazard areas, providing important legal context.
  [ID: dacb62c2-a4e1-4f77-9aa7-6ea0a45abb3f] Reasoning: Discusses the application of Chapter 11 in relation to a debtor-occupied residential dwelling, providing context on legal proceedings involving such properties.
  [ID: c2e2b9c0-5745-4110-8e6a-695dfdc45a7d] Reasoning: States the existence of a single-family residential dwelling on a property but does not provide further interpretive context or application.
  [ID: 6bc62f63-2e94-49a6-8c0c-1631fc3622e6] Reasoning: Mentions the absence of a statute regarding the removal of a residential dwelling, but lacks depth in explaining implications or applications.
  [ID: 8dd29116-c7f0-4186-bdcc-f304e159349b] Reasoning: Notes that comparable sales included residential dwellings, but does not elaborate on the significance or implications of this fact.
  [ID: b6c28a03-b439-4c98-aba2-7b4b6a7445ee] Reasoning: Indicates the requirement for insurance coverage on a residential dwelling, but does not provide further interpretive context.
  [ID: 9a59b2c7-92b5-4e1f-8da8-9f3a5ba83752] Reasoning: Discusses the market conditions affecting residential dwellings and their impact on a development plan, providing valuable context for understanding the term's application.
  [ID: 1227651b-e2a6-4adf-b7bb-67d55991e3aa] Reasoning: Describes a search warrant for a residential dwelling, but lacks interpretive depth regarding the implications of this action.
  [ID: 869a61ac-994e-4172-82ee-53076a43334c] Reasoning: States ownership of a one-family residential dwelling but does not provide further context or implications.
  [ID: 29838d60-3c8c-4d7c-9960-d739ee6554cd] Reasoning: Describes a legal complaint regarding a residential dwelling and fraudulent conveyance, providing context for legal interpretation.
  [ID: 593f3363-4454-41a8-90c8-61c7220573e9] Reasoning: Mentions the size of a residential dwelling but does not provide further interpretive context.
  [ID: 1615476e-78a1-45ce-9838-4e5be759547a] Reasoning: Clarifies the intended use of Chapter 11 in a business context, specifically excluding residential dwellings, which is critical for understanding the statute's application.
  [ID: ad3a34ab-7c03-41b4-8e77-e7afc0ca0012] Reasoning: States that the plaintiffs' lots have residential dwellings but lacks further interpretive context.
  [ID: 3e00f593-c91b-457b-b829-05ab2255d09c] Reasoning: Discusses the effective date of requirements for owners of residential dwellings, but lacks depth in explaining the implications.
  [ID: e7582590-33e9-4a42-9ec1-befa7af3e65f] Reasoning: Mentions zoning regulations related to residential dwellings but does not provide further interpretive context.
  [ID: 951e55a2-2ee6-4202-868a-be9b01145fe1] Reasoning: Describes lease terms for a residential dwelling but lacks interpretive depth regarding its implications.
  [ID: 46680a16-ce9c-434c-aa0b-b5b317777e90] Reasoning: Cites case law involving residential dwellings but does not provide further context or implications.
  [ID: 1be29ad8-4607-409c-b3d9-ac0a85b5fda7] Reasoning: States ownership of a residential dwelling but lacks further interpretive context.
  [ID: 8e658ac7-f6dd-4cea-bb7d-daac395b95f8] Reasoning: Discusses a residential picketing ordinance, providing context on legal restrictions related to residential dwellings.
  [ID: f9084351-627e-42bd-a101-2ec31ee0db2e] Reasoning: Compares open field cases to residential dwellings, but lacks depth in explaining the implications of this comparison.
  [ID: 3d8abfec-e968-4deb-8211-328c25d17d2c] Reasoning: Mentions promises related to residential dwellings but does not provide further interpretive context.
  [ID: 359a1c5c-a76c-4a47-8d98-452d91f6ab10] Reasoning: Reiterates the business context of Chapter 11 in relation to residential dwellings, providing critical interpretive guidance.
  [ID: ec629627-c963-4032-909a-39137437a0d0] Reasoning: Mentions proceeds from the sale of a residential dwelling but lacks further interpretive context.
  [ID: b220b6e2-653e-4023-a450-17e34891602f] Reasoning: Describes zoning classification for residential dwellings but lacks interpretive depth regarding its implications.
  [ID: a6aa58b9-01a5-4bbf-8d3b-04f20fb8018c] Reasoning: Questions the classification of loans for constructing residential dwellings, providing context for legal interpretation.
  [ID: c8e7cd70-8399-4da8-8c50-ce0859ec826c] Reasoning: Contemplates property without residential dwellings at the time of the loan, but lacks depth in explaining implications.
  [ID: 035067f2-762c-4e0a-85c1-656bdb8984fc] Reasoning: This sentence states a prohibition on residential dwellings without providing any context or application, making it a mere repetition of statutory language.
  [ID: 03d50873-70ce-4844-9864-ed501aa5798b] Reasoning: This sentence mentions the construction of residential dwellings but lacks detail on legal implications or context, providing minimal interpretive depth.
  [ID: 06aa033d-3ad2-4d31-8149-3419fa9095b4] Reasoning: This sentence provides a valuation of a residential dwelling but does not explain its legal significance or context, offering limited interpretive value.
  [ID: e0f5c55d-9e2d-47f8-a487-70078b0c3eb1] Reasoning: This sentence discusses implied warranties of habitability in relation to residential dwellings, providing important legal context and application.
  [ID: 6ef5e3c1-244d-49cd-a1a3-4535e61448c2] Reasoning: This sentence addresses a legal objection related to a residential dwelling's title and its implications for a homestead exemption, providing relevant legal context.
  [ID: 30981ad3-5db5-4ba1-b2d3-a8e99432a213] Reasoning: This sentence discusses a homestead exemption claim related to residential real estate, providing context for legal interpretation.
  [ID: 73c4725b-0908-4a8e-9d82-1da1707cfc37] Reasoning: This sentence defines a floating home as a type of residential dwelling for tax purposes, providing specific legal context and application.
  [ID: bd57731d-5241-4e2c-9d9f-ffe2a02a24e5] Reasoning: This sentence states the types of residential dwellings contemplated by a property owner but lacks depth or legal context, offering limited value.
  [ID: c8d04c6d-7d5d-4695-99f3-32d21eef6586] Reasoning: This sentence discusses a police search of a residential dwelling, providing context for legal interpretations of privacy and search rights.
  [ID: bdb3f150-fa22-4980-ad0b-699ac64c5f0e] Reasoning: This sentence describes the plaintiffs' intent to build a residential dwelling, but lacks legal context or implications, offering minimal value.
  [ID: 41d4f208-4a23-45f6-92ee-f5c51ffc71fa] Reasoning: This sentence mentions a warrant for a search of a residential dwelling, providing context for legal procedures but lacking deeper interpretive value.
  [ID: e8036127-5373-4b67-99a6-d7c02763b098] Reasoning: This sentence discusses the abrogation of a common-law rule regarding landlord liability for residential dwellings, providing significant legal context.
  [ID: d9ed5753-242b-45a3-a8b8-c5a42bf7012d] Reasoning: This sentence describes a property sale excluding a residential dwelling, providing context for real estate transactions but lacking deeper legal implications.
  [ID: 29a526da-6d60-43a4-b01f-e3da0d4f6aee] Reasoning: This sentence describes a planned development with residential dwellings, providing context for real estate development but lacking legal depth.
  [ID: a97968e5-69a7-4019-856d-a9e120b6db3e] Reasoning: This sentence discusses compensation for damage to occupied residential dwellings due to subsidence, providing important legal context and implications.
  [ID: 33737546-4fbd-402d-a9dc-52d7bae0b362] Reasoning: This sentence provides a definition of an EDU based on wastewater produced by a single-family residential dwelling, offering specific interpretive context.
  [ID: 03f507ed-62d3-4efa-a542-a833b6fca778] Reasoning: This sentence discusses the prohibition of picketing a residential dwelling, providing context for legal interpretations of public assembly and property rights.
  [ID: 2ea79c04-f6f0-4241-913b-cdcdcec60bbd] Reasoning: This sentence states that a building was a residential dwelling at the time of a search, but lacks deeper legal implications or context.
  [ID: a3e0dc17-c7f9-46cc-9c4d-eb4395988d1c] Reasoning: This sentence discusses legal sections related to the exhibition of films viewable from residential dwellings, providing specific legal context and implications.
  [ID: 4a1660be-7375-4511-868b-523a19ffe7a7] Reasoning: This sentence states the number of residential dwellings abated under a grant but lacks interpretive depth or legal context.
  [ID: 7828e9e4-51a2-4db4-8ea5-9e092ebde2fd] Reasoning: Similar to the previous sentence, this one states another number of residential dwellings abated but lacks depth or context.
  [ID: 0a9df829-5f9b-4c86-b928-e8dfbf995eee] Reasoning: This sentence discusses a citizens group and their concerns regarding residential dwellings but lacks specific legal context or implications.
  [ID: 63e74060-553c-4dc4-a890-1c4e6b31097a] Reasoning: This sentence seeks actions to ensure safety in residential dwellings, providing context for legal obligations and public health concerns.
  [ID: 4c0492ee-a3fb-44ca-a1b6-00c9ca3db84b] Reasoning: This sentence reiterates the need for ensuring safety in residential dwellings but lacks additional context or legal implications.
  [ID: 8d5c463a-8286-4f64-9124-b8bf71f999c0] Reasoning: This sentence states that the area consists of residential dwellings but lacks depth or legal context, offering minimal interpretive value.
  [ID: a487f9fe-6f51-4c9d-92e6-dff01717a441] Reasoning: Describes a personal injury incident at a residential dwelling but does not provide any interpretive context or application of the term.
  [ID: d6b7b67e-2391-4318-a8d9-9f793e698e4f] Reasoning: Mentions a residential dwelling in the context of a warrant but does not elaborate on its legal implications or relevance.
  [ID: 5fce4770-2258-467d-98d8-f58e87181ac0] Reasoning: Addresses a legal contention regarding nursing homes as residential dwellings, providing a clear interpretive context.
  [ID: aad75fe4-e91b-43bf-8c2e-277f76a1cc56] Reasoning: Cites a specific case where the definition of 'residential dwelling' was considered, providing valuable context for its legal interpretation.
  [ID: 319c2f18-e9eb-4cb9-a9a9-19f02e037492] Reasoning: Confirms the Appellate Court's ruling that nursing homes do not qualify as residential dwellings, clarifying the term's scope.
  [ID: 58854b8a-c938-483d-b363-edb8b8217037] Reasoning: Explains the Appellate Court's reasoning regarding what constitutes a residential dwelling, adding significant interpretive value.
  [ID: 9c6f89d4-6dd1-4853-b229-3d4fe25ed9dc] Reasoning: Discusses the valuation of residential real property but does not provide specific interpretive context for 'residential dwelling'.
  [ID: 9d5133f7-ee75-4e2e-944c-523fe5f4b706] Reasoning: Mentions a reference library's note on residential dwellings but lacks depth in legal interpretation or application.
  [ID: f7f38a8e-5294-4851-a529-ac477436cbf5] Reasoning: Describes a facility's proximity to residential dwellings but does not provide legal context or implications.
  [ID: 015523e8-8d3f-4039-ad73-c929b9d193f7] Reasoning: Discusses the classification of land associated with residential dwellings but lacks interpretive depth.
  [ID: 602bde45-a502-4a99-b794-03482fe7e05c] Reasoning: Cites a statute regarding residential property but does not provide additional interpretive context.
  [ID: 64d29d1e-113e-473d-89d8-ef3028b20ada] Reasoning: Mentions an ordinance restricting occupancy of residential dwellings but lacks depth in legal interpretation.
  [ID: 8c9b5333-191b-4665-8c54-66e220315bfd] Reasoning: States an inability to determine accessibility to residential dwelling areas but does not provide legal context.
  [ID: 79bf3f18-6c86-42f3-b761-a42fe765de27] Reasoning: Describes plaintiffs engaged in construction and sale of residential dwelling units but lacks interpretive context.
  [ID: 79f9021a-be94-4769-89ca-7d70f4d89ae7] Reasoning: Mentions zoning for commercial use and residential dwellings but does not provide legal interpretation.
  [ID: ac48e09a-3e08-4448-8503-84ee2c071d87] Reasoning: Discusses a property sale for residential dwellings but lacks legal interpretive context.
  [ID: 8068e221-1425-417a-bbad-3b97ecee135b] Reasoning: Cites case law that provides a definition of 'residential dwelling' in a specific legal context, adding significant interpretive value.
  [ID: 1c9aae47-d859-4bad-a353-72113c7eee4c] Reasoning: Describes a policy regarding inspections of residential dwellings but lacks depth in legal interpretation.
  [ID: f6679df2-2b95-4921-a1d5-a85e01b8d318] Reasoning: Mentions modification of a residential dwelling into a rehabilitation center but does not provide legal context.
  [ID: 413a4d49-1e50-4db1-8c32-ff8262ecda7e] Reasoning: Describes a lien related to the construction of a residential dwelling but lacks interpretive context.
  [ID: 75871e00-1f8d-4e58-b272-8ce7861a56d1] Reasoning: Similar to the previous sentence, it discusses a lien for materials for a residential dwelling without adding interpretive value.
  [ID: 8e8882b8-2c09-4369-a1b1-25546bf0c5d7] Reasoning: Mentions work started on a residential dwelling but does not provide any legal interpretation or context.
  [ID: 367f6481-5151-4d76-8077-f86844872609] Reasoning: Describes a legal situation involving mortgages and a residential dwelling but lacks interpretive context.
  [ID: 02441d65-926d-48d0-93be-402929adc9e0] Reasoning: Cites case law discussing statutory language but does not specifically address 'residential dwelling' in a way that adds interpretive value.
  [ID: 68c317ee-7270-49ae-ac88-dfaf6c3f19a1] Reasoning: States that no residential dwelling unit was located on the property but does not provide legal context or implications.
  [ID: c1aa1c9d-6fbd-4ce9-ab2a-0f6862c39971] Reasoning: Provides a factual statement about the number of residential dwelling units but does not add interpretive context or application.
  [ID: 9eac5bb9-1b74-411a-8ddf-8037813a96bb] Reasoning: Describes duties related to a residential dwelling but does not provide significant interpretive depth or context.
  [ID: a9f1f692-677c-42f4-962e-65e1c5520a6e] Reasoning: Addresses a legal issue regarding the implied warranty of habitability for subsequent purchasers, providing context for the application of the term 'residential dwellings'.
  [ID: aa6e0a21-ae5f-446f-8bc7-0a928692778c] Reasoning: Clarifies that subsequent purchasers can maintain an action against builders despite lack of privity, which is a significant legal interpretation of 'residential dwellings'.
  [ID: 30874301-8401-4fba-b0d1-dbed2aff2c3a] Reasoning: Discusses the consumer/investor distinction in relation to residential dwellings, but lacks depth in legal interpretation.
  [ID: 68de1ef6-f6cf-4831-91c5-ba27418d69b0] Reasoning: States that the implied warranty of habitability extends to income-producing residential dwellings, providing important interpretive context.
  [ID: 429edda5-f4d0-4373-be89-5a5d44ec7e0c] Reasoning: A direct quote of a court's holding, which does not add new interpretive value beyond the statute itself.
  [ID: 14af14a1-9ca9-462b-a33d-a7d4c314aae7] Reasoning: Describes a personal situation involving a residential dwelling but does not provide legal context or interpretation.
  [ID: 6df3d9da-8d5e-490a-851b-d8d9c3a5d3f9] Reasoning: Mentions a public hearing for residential dwellings but lacks depth in legal interpretation or application.
  [ID: ac6f2db4-175c-4e22-bc44-fb5e2256c7fb] Reasoning: Discusses an appeal related to residential dwellings but does not provide significant interpretive context.
  [ID: 85bad03b-a18f-4e22-a09e-97c7afc77e59] Reasoning: Describes a factual scenario involving the purchase of a residential dwelling but lacks legal interpretation.
  [ID: a108fa3f-6ea1-4c28-be6a-a7586e98c2e6] Reasoning: Discusses the restrictions on a subdivision related to residential dwellings, but does not provide significant legal interpretation.
  [ID: 07d705cd-da2d-4f24-bfcf-625f7d25b671] Reasoning: Describes a construction violation related to a residential dwelling but lacks interpretive depth.
  [ID: 26fb84b2-7d04-4ded-9ef7-c39cf3cc63ca] Reasoning: Mentions physical damage to a residential dwelling but does not provide legal context or interpretation.
  [ID: e47841fd-3f3c-476b-8122-5cbb5d2374b1] Reasoning: Discusses the implied warranty of safety in relation to residential dwellings, providing some interpretive context.
  [ID: 56ec8867-6182-4e28-a4d6-47ff7e810b49] Reasoning: States a court's finding regarding a residential dwelling but does not add new interpretive value.
  [ID: 335be6f3-914c-4748-abff-a4203cde3ded] Reasoning: A repeat of a previous sentence regarding duties related to a residential dwelling, providing no new information.
  [ID: cfff7fc8-a41b-41e6-bcc6-7c7fcb62e350] Reasoning: Mentions home occupation regulations related to residential dwellings but lacks depth in legal interpretation.
  [ID: 2faef9a3-37f4-42c8-ba3a-d5f1b8b0a17f] Reasoning: Lists various properties acquired during marriage, including residential dwellings, but does not provide legal context.
  [ID: 3362fe2f-9902-48a1-80c6-2e5cca570bec] Reasoning: Describes a development plan that includes residential dwellings but lacks interpretive depth.
  [ID: 14a48b99-f8e3-4b5d-9d38-e944bb4cdab5] Reasoning: Discusses funding for constructing residential dwellings but does not provide significant legal interpretation.
  [ID: f6d0461f-1a24-4c29-afb1-a136b6f4fcd5] Reasoning: Poses a hypothetical question about residential dwellings but does not provide any interpretive value.
  [ID: 18d4fc51-5cc4-4a8e-b33c-833918f73b56] Reasoning: Describes a contract for constructing a residential dwelling but lacks legal interpretation.
  [ID: d053dd62-6cb2-45d5-af2f-7e767c5cd9f9] Reasoning: Mentions a business involved in building residential dwellings but does not provide legal context or interpretation.
  [ID: ad932961-afa9-42ad-97b8-c72ee8dbca03] Reasoning: Cites case law related to building codes for residential dwellings, providing some interpretive context.
  [ID: f4b0ec05-5c5d-48dc-b16d-7bafc867ac4b] Reasoning: This sentence provides a factual statement about the types and numbers of residential dwellings in Garden City but does not add any interpretive context or legal analysis.
  [ID: 1e7cdb08-5931-4367-b126-00b4d0ee8758] Reasoning: This sentence discusses a specific legal finding regarding the construction of residential dwellings, providing context on regulatory limits but lacks deeper interpretive analysis.
  [ID: d87da5ec-be9b-4794-b0f9-93a3e567656b] Reasoning: This sentence describes a legal action regarding the construction of residential dwellings and their utilities, indicating a conflict with easement terms, which adds some interpretive context.
  [ID: 2c9d4444-3fcd-4d19-8cd6-af2d951cac46] Reasoning: This sentence mentions residential dwellings in the context of a construction project, but it does not provide significant interpretive value or legal analysis.
  [ID: 554d7541-3925-4e3b-af24-88df22d146aa] Reasoning: This sentence discusses the safety and security of residents in multiple residential dwelling units, but it does not provide specific legal context or analysis.
  [ID: 64f516f8-d4f3-4ff5-9e85-d62d998fd85b] Reasoning: This sentence describes a specific type of residential dwelling used for recovery, but it lacks broader legal context or implications.
  [ID: a1ba2eed-3739-461c-8c32-9faa61374a85] Reasoning: This sentence discusses the scope of electrical distribution systems in relation to residential dwellings, but it does not provide significant legal interpretation.
  [ID: 5fe9c244-3942-4247-8074-dd41db07bc5d] Reasoning: This sentence references a court case involving a residential dwelling and the legality of a search, providing some interpretive context regarding legal standards.
  [ID: 53a871ad-7bf4-492f-a8b1-2a01034b9b42] Reasoning: This sentence discusses a court ruling on zoning ordinances related to residential dwellings, providing important legal context and implications.
  [ID: 744eaeb6-1f79-49c1-b57d-96f205369e75] Reasoning: This sentence discusses a court's ruling on a zoning restriction related to residential dwellings, providing relevant legal context and implications.
  [ID: 57db2951-ee5d-4e6d-8594-f487c68bcb58] Reasoning: This sentence is a direct quote of a construction requirement for residential dwellings, providing no interpretive value.
  [ID: c45933a9-2b22-4839-a4f4-a31d10efa992] Reasoning: This sentence discusses the conditions under which warrants can be obtained for inspections of residential dwellings, providing important legal context.
  [ID: 1716e003-994e-41bf-9881-73fe935c0955] Reasoning: This sentence provides a general statement about the existence of residential dwellings in urban and rural areas but lacks specific legal context.
  [ID: 4fc67b9d-1550-4693-93b5-14051893cf36] Reasoning: This sentence contrasts urban and rural residential dwellings, providing some context but lacking deeper legal implications.
  [ID: f82a7c86-42b3-4a0d-baf7-d8c373f63b50] Reasoning: This sentence raises a legal question about the duty to disclose termite damage in a residential dwelling, providing significant interpretive context.
  [ID: 9dee105a-44be-4a57-a6e4-939dca364431] Reasoning: This sentence continues the discussion on the duty to disclose material facts in residential dwellings, adding to the interpretive context.
  [ID: 90ec38dd-e46b-4746-8755-f81aaceb225c] Reasoning: This sentence discusses the purpose of a housing authority in relation to low-income residential dwellings, providing relevant context.
  [ID: d20136ff-04aa-4b9e-ab2c-f338ddc0f699] Reasoning: This sentence presents a legal issue regarding whether a nursing home qualifies as a residential dwelling, providing significant interpretive context.
  [ID: 7e2668a4-4064-467a-bcbb-7ce14fddf758] Reasoning: This sentence is a direct quote from the statute regarding liability for utility costs in residential dwellings, providing no interpretive value.
  [ID: cce18cd4-67d1-4e44-9d5d-a1ef76021f14] Reasoning: This sentence states that the term 'residential dwelling' is not defined in the statute, which is relevant but lacks depth in interpretation.
  [ID: 34c14886-ce93-42e7-8337-2229ee38f98b] Reasoning: This sentence discusses the task of determining whether a nursing home is a residential dwelling, providing relevant legal context.
  [ID: 32ce207a-2ce4-4e14-98b5-978bb6669c56] Reasoning: This sentence discusses a trial court's determination regarding a building's classification as a residential dwelling, providing significant interpretive context.
  [ID: b8b9b7a9-0ab9-4f9c-8d62-44347dbb59fe] Reasoning: This sentence discusses the distinction between commercial health care facilities and residential dwellings, providing relevant legal context.
  [ID: ac256bfc-4d95-4e69-ba19-f8c46d309d5e] Reasoning: This sentence is a direct quote from the statute regarding utility service liability for residential dwellings, providing no interpretive value.
  [ID: d289912b-4273-48f7-8273-623b8401e6ba] Reasoning: This sentence discusses a zoning board's decision based on site conditions and surrounding development, providing relevant context regarding residential dwellings.
  [ID: 5742cb10-94cf-4019-b1bf-19ac15dd72a4] Reasoning: Mentions a special exception permit for condominium residential dwelling units but does not provide any interpretive context or application of the term.
  [ID: 3e42dd45-799d-49e6-90ba-9c19e24f7483] Reasoning: Describes a four-unit residential dwelling but lacks any interpretive depth or application of the term.
  [ID: 4d6eb9a1-955f-438f-98a8-fa49da7afed0] Reasoning: Cites a constitutional provision that includes 'all residential dwelling units' but does not add any new interpretive context or application.
  [ID: a89938ab-a7cc-471b-bff5-4033e61a3461] Reasoning: Explains how 'residential real property' is valued for assessment, providing context on the implications of the term 'residential dwelling units'.
  [ID: ab283468-ecda-4aa8-b53d-c66a6f2a9688] Reasoning: Discusses how a parcel may qualify for residential classification, providing a clear application of the term 'residential dwelling unit'.
  [ID: 46b6e53c-377e-4f71-8aa4-e60efdfdce6d] Reasoning: Clarifies the requirements for a parcel to qualify for residential classification, emphasizing the necessity of a residential dwelling unit.
  [ID: da537c85-fd70-4761-b3ea-2f8dd436f949] Reasoning: States that a particular avenue for residential classification is inapplicable due to the absence of a residential dwelling unit, providing interpretive context.
  [ID: 19d63cb8-230c-4dd1-af2c-b74a9351f7ff] Reasoning: Discusses the valuation of property used as a residential dwelling unit for tax purposes, adding depth to the understanding of the term.
  [ID: 9376bdcf-1d48-4699-a2de-21bf92c9704b] Reasoning: Mentions categories of property assessment but does not provide significant interpretive context regarding 'residential dwelling'.
  [ID: b5f313fb-5bf0-4877-b6ec-f882fa20665a] Reasoning: States that a property is classified as residential property other than a residential dwelling, but lacks interpretive depth.
  [ID: f00ff702-108d-47a1-afd6-1c553b787e0a] Reasoning: Cites a commentator discussing the Colorado Security Deposit Act in relation to residential dwelling units, but lacks depth in application.
  [ID: 10063e46-184b-4d31-869e-4a278b64c298] Reasoning: Describes legislation regarding the conversion or demolition of residential dwelling units, providing context on protections for low-income families.
  [ID: f3b7581e-53ac-45bd-8c1a-c9618b108d1c] Reasoning: Discusses the legal protections surrounding the curtilage of a residential dwelling, providing interpretive context on its significance.
  [ID: c1b5aa04-b28c-4808-85e1-6410edb3dc28] Reasoning: Mentions potential residential dwelling units in a commercial context but lacks interpretive depth.
  [ID: 474e9431-bd3d-49c3-b4c8-e836a4efe8c7] Reasoning: States that certain protections apply to single-family residential dwellings but does not provide further interpretive context.
  [ID: 04ea65cb-5fc3-4aaf-9458-5f52769c1284] Reasoning: Identifies ownership of residential dwelling units in a condominium but lacks interpretive depth.
  [ID: 70a53500-53a3-48bc-b68c-f904c7d49551] Reasoning: Describes issues related to the condition of property for residential dwellings but lacks interpretive context.
  [ID: 89213fb6-534b-4fd9-bc9e-ced47489f3c7] Reasoning: Discusses a breach of contract related to the construction of a residential dwelling project, providing some context but lacking depth.
  [ID: 5170b89e-d46e-4f25-ae3e-3181610f5936] Reasoning: Details failures in engineering services related to a residential dwelling project, providing context on the implications of the term.
  [ID: 810fe879-17d1-46d3-bc9d-929d90c9f6b9] Reasoning: Cites a municipal code regarding the number of dogs allowed per residential dwelling unit, but lacks interpretive depth.
  [ID: b76838d7-812b-4a03-9808-ce121f1a979f] Reasoning: States residence in a multifamily residential dwelling but does not provide interpretive context.
  [ID: 161a9d3e-f1ad-410e-bb5e-27c699712764] Reasoning: Describes a property that includes a residential dwelling but lacks interpretive depth.
  [ID: 0cf87b21-5200-4bd1-81bd-27577687b661] Reasoning: Mentions anti-deficiency statutes in relation to residential dwellings but does not provide further interpretive context.
  [ID: bb6f423f-cf54-4f9c-b11f-d2efc92aaf3e] Reasoning: Repeats the prohibition against waiving protections in foreclosures on residential dwellings without adding new information.
  [ID: 6cf1f5b7-ce6f-4314-bfbe-d0cd5a9fc161] Reasoning: Mentions applications for a residential dwelling but lacks interpretive depth.
  [ID: 8e993f20-e592-4c21-8bdc-a72dfd810c83] Reasoning: Discusses the application of a restrictive covenant in relation to residential use, providing context on how residential dwellings are interpreted in legal terms.
  [ID: b35d565b-f5b6-493e-8fbc-70a9baf5b1f6] Reasoning: Clarifies the classification of a shop as a residential use in conjunction with a residential dwelling, which adds interpretive context to the term 'residential dwelling'.
  [ID: 8e8c59d5-b741-4ffe-9d4d-116e5ace79db] Reasoning: Focuses on the occupancy of a residential dwelling, which is relevant but lacks depth in interpretation or application.
  [ID: 4cc38504-e174-4759-a028-dcca40da0678] Reasoning: Discusses limitations on occupancy in a residential dwelling, providing insight into legal interpretations of occupancy regulations.
  [ID: defd75bd-b3e2-472c-8435-dcd43ddcb89f] Reasoning: Describes the existence of a single-family residential dwelling on a specific lot, but does not provide additional interpretive context.
  [ID: 02a54e1d-33cc-414a-a31b-4ec91852c1a3] Reasoning: Mentions qualifications of an expert in residential dwellings, but does not provide substantive interpretive value regarding the term itself.
  [ID: 0a4ca14a-6396-4336-8354-48fd861a59ff] Reasoning: Discusses the classification of adult foster care homes in relation to residential settings, providing context on regulatory interpretations.
  [ID: d7f57d21-7e13-4f82-ab99-ae1c8fd722ea] Reasoning: Describes the condition of a parcel with a former residential dwelling, but lacks interpretive depth regarding the term 'residential dwelling'.
  [ID: 1ce69ba1-6f32-4c0a-b03c-7b9aecefd172] Reasoning: Lists fees associated with residential dwellings, but does not provide any interpretive context or application.
  [ID: c02b8f33-5aa3-494d-b4c7-b6519fd04d23] Reasoning: Cites a case that discusses the impact of apartment buildings on areas of residential dwellings, providing some interpretive context.
  [ID: 227667f8-a589-4d7c-9778-7ff0e03f8a3d] Reasoning: Describes a legal case involving the construction of residential dwellings, providing context on zoning and land use.
  [ID: ef642542-91ee-4007-b3e4-e1e680142e78] Reasoning: Cites a legal provision regarding recyclable materials, but does not relate to the term 'residential dwelling'.
  [ID: 0652cba5-86af-4c53-a8b4-51775b8cb1f0] Reasoning: Mentions a requirement for fire-extinguishing systems in new residential dwellings, providing regulatory context.
  [ID: 2452c646-9496-4692-bc58-9d664bda2262] Reasoning: Discusses local government authority regarding fire sprinkler systems in residential dwellings, providing interpretive context.
  [ID: 907a46eb-1bee-4a9c-a22e-8689f9ef084d] Reasoning: Defines a 'home builder' in relation to residential dwellings, but lacks depth in interpretive context.
  [ID: aefd296b-2d10-4433-8085-fa96f2b152cd] Reasoning: Discusses emergency egress requirements for residential dwellings, providing context on safety regulations.
  [ID: f6421f02-b580-4560-9117-3012172f48c6] Reasoning: Mentions subdivision of land for constructing residential dwellings, but lacks interpretive depth.
  [ID: 69207f95-a753-476b-a511-fd9d7e9e74bb] Reasoning: Discusses a personal covenant related to a residential dwelling, but does not provide significant interpretive value.
  [ID: 2a489f7f-b471-468d-8596-a3aee12517da] Reasoning: Describes the subdivision of an unrestricted lot for constructing a residential dwelling, but lacks depth in interpretation.
  [ID: b45e5d22-0788-451a-a062-9dccec4ee23f] Reasoning: Similar to the previous sentence, discusses subdivision for residential dwellings but lacks interpretive depth.
  [ID: 33577cfd-9021-41fe-a476-9eddb6d52bf5] Reasoning: Mentions a multi-use building with residential dwelling units, but does not provide significant interpretive context.
  [ID: 2304391f-c505-43c7-8f94-d818f7c7c472] Reasoning: Cites a legal provision regarding residential dwelling units, but does not provide additional interpretive context.
  [ID: 0be0875f-e0d3-48e7-9420-4ed59d8f06e3] Reasoning: Describes a legal case involving a breach of lease for a residential dwelling, but lacks depth in interpretation.
  [ID: bbbb0d66-ff1d-4e56-810a-e22680a71045] Reasoning: Details a lease agreement for a residential dwelling, but does not provide significant interpretive value.
  [ID: a12d31d3-a339-4c52-9a8d-d94724849049] Reasoning: Mentions the number of commercial establishments serving residential dwellings, but lacks depth in interpretation.
  [ID: 33303d18-5325-4554-8bdb-a29b0878db60] Reasoning: Describes the condition of lead-based paint in a residential dwelling but does not provide new interpretive context or application.
  [ID: a12e9b55-a554-4f75-8440-305561b05395] Reasoning: Discusses a legal determination regarding the number of residential dwellings, providing context on how the term is applied in a specific case.
  [ID: 0815e8a0-5255-4e26-84e1-6388b2a3bbfc] Reasoning: Mentions residential dwelling loss in the context of insurance claims, but lacks depth in legal interpretation or application.
  [ID: 27063267-7cfa-436c-a273-3aa0b5c65187] Reasoning: States that an amendment applies only to residential dwellings in New York City, but does not elaborate on the implications or context.
  [ID: b57e6372-b362-4f06-a97e-5d4fcf0c151c] Reasoning: Describes a zoning ordinance related to residential dwellings, providing context on land use regulations but lacking deeper legal analysis.
  [ID: 668ea8ad-cb06-42cf-b6a1-5660dbd2abbf] Reasoning: Mentions a lending association focused on residential dwellings but does not provide significant interpretive context.
  [ID: 816c77d6-a87f-48ff-afa2-20106f8db092] Reasoning: Cites a statute regarding tenant rights in residential dwellings, providing specific legal rights but lacks broader interpretive context.
  [ID: 6343fff1-edca-4b0e-850c-73dcc67f0510] Reasoning: Discusses a trial judge's finding related to the capability of land to support a residential dwelling, providing context for legal determinations.
  [ID: 4f27cde1-8bc6-4d0c-b1cf-8b3e762a5f0e] Reasoning: Mentions a tenant's right to cure breaches in residential dwellings, providing specific legal context but lacking broader implications.
  [ID: 5bef96d9-2dc6-4fd1-a60d-753ade84e20d] Reasoning: Similar to the first sentence, it describes lead-based paint conditions without adding new interpretive value.
  [ID: 1dddea01-050f-43e1-a0b4-25946db2d8b9] Reasoning: Discusses the argument regarding lead-based paint as pollution, providing a legal perspective on environmental implications.
  [ID: 9a0b3f16-4560-440e-bbaf-4a31f0b1e00e] Reasoning: Mentions proximity to a residential dwelling but lacks substantive legal context or implications.
  [ID: af690816-c4f6-4450-a255-3bb1335a15df] Reasoning: Describes a legal proceeding involving residential dwelling units, providing context for tax law implications.
  [ID: cd24bd8c-7b00-4b14-95a6-3c521abd4cad] Reasoning: Describes a criminal act involving entry into a residential dwelling, providing context for legal interpretations of property crimes.
  [ID: adc519bd-8210-439b-895e-0caaabde0de9] Reasoning: Lists various structures on a property including a residential dwelling, but lacks interpretive depth.
  [ID: df9a16aa-43c1-4bf7-8620-7813dc83234b] Reasoning: Cites a definition of subdivision that includes residential dwellings, but does not provide new interpretive context.
  [ID: 81d37948-f00c-4ffd-830a-62e3993cd5db] Reasoning: Repeats the definition of subdivision without adding interpretive value or context.
  [ID: 1da99448-549b-4d74-b07c-30c5c764be2f] Reasoning: Discusses changes in a project involving residential dwelling units, providing context for development regulations.
  [ID: 6327ec56-5256-4705-a073-11dc28cabb90] Reasoning: Mentions requirements for water supply to residential dwellings, providing context for property development regulations.
  [ID: 31a4a9a9-7171-48ca-83b5-4c2ab609291d] Reasoning: Discusses the doctrine of caveat emptor in the context of residential dwellings, providing important legal implications for sellers.
  [ID: 7a2a37fc-3803-4c02-9645-9b29181f0375] Reasoning: Describes conditions under which a builder-vendor has a duty to disclose defects in residential dwellings, providing critical legal context.
  [ID: 2825a633-7932-4418-8853-f2387df7dcb3] Reasoning: States that a builder-vendor has a duty to speak in certain situations regarding residential dwellings, providing important legal implications.
  [ID: 54e97dce-4c8e-48f0-b4a3-99c18aa1b04f] Reasoning: Mentions zoning requirements for satellite dishes on residential dwellings, providing context for local regulations.
  [ID: 21bd140b-d79b-4961-ab6d-44a51f87ff1b] Reasoning: Describes a property application involving residential dwellings, providing context for land use and zoning.
  [ID: b255952c-a08c-4f15-b1a8-72b3ea17cb94] Reasoning: Cites a legal precedent regarding the vendor's duty to disclose defects in residential dwellings, providing critical interpretive guidance.
  [ID: 40049ca5-ac0d-473e-8fce-a9760a21690d] Reasoning: This sentence compares the burden of ingress and egress to a residential dwelling with that of busy restaurants, providing context but lacking specific legal interpretation or application.
  [ID: 5bda67c5-456e-4690-9e41-b4b7c3c97ae2] Reasoning: Mentions residential dwellings in the context of zoning regulations, but does not provide deeper interpretive context or legal implications.
  [ID: 15e070ae-c8ef-46e4-a6ec-49e06140d047] Reasoning: Discusses holdover tenants in residential dwellings and provides specific legal procedures, adding significant interpretive value regarding tenant rights.
  [ID: ba87f84a-7dc1-46e5-8bcc-593775aea902] Reasoning: States the existence of a residential dwelling inhabited by specific individuals, but lacks legal context or implications.
  [ID: 8dfbc888-a595-4277-8eb3-bf6d98222559] Reasoning: Describes billing practices for residential dwelling units, which is relevant but does not provide deeper legal interpretation.
  [ID: 7e0f927c-9039-4189-a681-ce0b28d8f604] Reasoning: Discusses the developer's duty regarding subdivided lots for residential dwellings, providing important context for construction standards.
  [ID: e8af006b-dfb7-4fee-827b-346a02fd765d] Reasoning: Cites a case where the construction of a residential dwelling is linked to possession rights, providing legal context and implications.
  [ID: 39d57f3a-ac30-4f56-89f4-945be2d0b15e] Reasoning: Describes the construction timeline of a residential dwelling, but lacks legal significance or interpretive depth.
  [ID: 20442cbe-89df-491d-92e3-6e2cd414adf6] Reasoning: Mentions the right to construct a single-family residential dwelling, but does not elaborate on legal implications or context.
  [ID: 68d5e7df-faa9-42b9-924b-6c3b6035e874] Reasoning: Describes a specific type of residential dwelling but lacks any legal context or implications.
  [ID: ee84c357-a13d-43a6-8005-e95a6a251e74] Reasoning: Discusses the implied warranty in the rental of residential dwellings, providing significant legal context and implications for landlords.
  [ID: 9714df61-63b8-4851-b649-545af09ff664] Reasoning: Cites a study estimating car trips generated by residential dwellings, which is relevant but lacks deeper legal interpretation.
  [ID: 7f9649b9-23e3-4e2e-8796-dc7f4081c600] Reasoning: Mentions landlord-tenant relations regarding retaliation in residential dwellings, providing important legal context.
  [ID: 4e03435f-341c-47bd-825b-9b040e0bba7c] Reasoning: Cites a statute regarding animal waste facilities near residential dwellings, providing legal context but lacking deeper interpretive analysis.
  [ID: 00ef8179-aba1-4ec0-b002-d810a5147227] Reasoning: Describes conditions for tapping into a water system for residential dwellings, relevant but lacking deeper legal implications.
  [ID: 0dcdc351-27bb-4452-912a-27d0f86a962f] Reasoning: Lists activities not customary to a single-family dwelling, providing legal context through case law but lacking a direct application to the statute.
  [ID: e9b2cbc0-747d-4c60-8711-b31be65a13cd] Reasoning: Mentions the proximity of a water tower to residential dwellings, relevant but lacking legal implications or context.
  [ID: b11751ab-05d3-450d-87ea-3bef8932fa6d] Reasoning: Discusses the feasibility of expanding land use for residential dwellings, providing context but lacking deeper legal implications.
  [ID: 0a68f6bb-9cc4-44f6-8093-88f1ab0b6bfa] Reasoning: Mentions plans for constructing multifamily residential dwellings, relevant but lacking legal context or implications.
  [ID: f7346fcc-8ddd-4f4c-903e-1a0753aa487c] Reasoning: Cites a case regarding the prohibition of beer sales near residential dwellings, providing legal context and implications.
  [ID: 92624e64-2327-4569-bdca-7ea38b003984] Reasoning: Explains the statute's authorization for local bodies to prohibit beer sales near residences, providing significant legal context.
  [ID: 2118afb1-6b9b-47a5-bf90-9eda0e7fa1cb] Reasoning: Describes a case where a residential dwelling's proximity affects a beer permit, providing legal context and implications.
  [ID: 2a224e44-f35e-4afb-846d-16676f335e26] Reasoning: Mentions a statute allowing counties to restrict beer sales near residential dwellings, providing legal context and implications.
  [ID: f70711e2-da4a-4bfd-9591-6360924c7585] Reasoning: Discusses a case regarding defective construction of residential dwellings, providing significant legal context and implications for damages.
  [ID: 5179dd72-8511-4420-9057-e23a7a10b2c6] Reasoning: Describes the qualifications and experience of a home inspector, providing context for standards in residential construction but lacking direct legal implications.
  [ID: 4beed143-b938-45bb-8e92-b4ccb1d40d65] Reasoning: This sentence provides a factual statement about a specific residential dwelling but does not add any interpretive context or application related to the statute.
  [ID: e1dbc09c-561f-403c-a7b3-8519becccf33] Reasoning: Similar to the previous sentence, this mentions a residential dwelling in a factual context without providing any legal interpretation or application.
  [ID: 8bcfa70f-a0d5-4a22-a63f-dd65572d1cf3] Reasoning: This sentence describes a proposed development project consisting of residential dwelling units but does not provide any interpretive context or legal analysis.
  [ID: 05767286-f49b-4287-a671-824c84923e63] Reasoning: This sentence states that a purely residential dwelling is not 'used' in commerce, but it lacks context or application to the statute, making it redundant.
  [ID: 0f9f2414-16d2-4539-9740-e4ced162c291] Reasoning: This sentence discusses the division of property into residential dwelling lots but does not provide any legal interpretation or context related to the statute.
  [ID: b827f0bc-8662-40ed-8fa2-71c33a5405c0] Reasoning: This sentence references the enforcement of residential dwelling safety provisions but does not clarify how these provisions relate to the statute, rendering it redundant.
  [ID: c936dc18-3eb8-40e5-8921-7e41f8b149cc] Reasoning: This sentence discusses rental practices related to residential dwellings but does not provide any interpretive context or application to the statute.
  [ID: 45d7028d-8ff1-4d70-b196-fc5153366b0f] Reasoning: This sentence mentions Freddie Mac's activities related to residential dwellings but lacks any interpretive context or application to the statute.
  [ID: 661760f2-dad6-4676-9fce-bcde126c48d3] Reasoning: This sentence lists various legal questions related to lead hazards in residential dwellings but does not provide any direct interpretive context or application to the statute.
  [ID: 43cd578f-710a-4aca-bdcf-e97a1cfade8c] Reasoning: This sentence discusses regulations regarding monopoles and antennas in relation to residential communities but does not provide any interpretive context related to the statute.
  [ID: f46a6c05-c14d-4aa8-ae20-ef1936a15f5d] Reasoning: This sentence discusses a defendant's expectation of privacy in a residential dwelling but does not provide any interpretive context or application to the statute.
  [ID: 02616f82-9f14-47dc-9919-6189390c0281] Reasoning: This sentence discusses a hypothetical situation involving residential dwellings but does not provide any legal interpretation or application to the statute.
  [ID: e574cd73-bec0-4873-bebd-26dfe59b6663] Reasoning: This sentence discusses a court's decision regarding illegal aliens and residential dwelling leases but does not provide any interpretive context or application to the statute.
  [ID: bb2708a2-3cba-486d-ab1a-bbdde6dca59b] Reasoning: This sentence reiterates the court's interpretation of the harboring provision but does not provide any new interpretive context related to residential dwellings.
  [ID: dfbf4584-8039-4686-895c-f9e0b3ebee5c] Reasoning: This sentence states that properties were developed as residential dwellings but does not provide any interpretive context or application to the statute.
  [ID: 10d685ad-a21e-450e-8948-6fb3953d4692] Reasoning: This sentence discusses a zoning law example but does not provide any interpretive context or application to the statute.
  [ID: f710b2c1-0664-433d-ba1c-d11e2fd963fe] Reasoning: This sentence provides an example of a reasonable accommodation claim related to zoning laws but lacks direct interpretive context related to the statute.
  [ID: 04b08759-c895-4645-8e6f-381b72f1600d] Reasoning: This sentence defines a detached residential dwelling unit but does not provide any interpretive context or application to the statute.
  [ID: fe5c8a81-1840-4981-bd07-6f8cb952759a] Reasoning: This sentence discusses a court's injunction related to religious discrimination in residential dwellings but does not provide any interpretive context or application to the statute.
  [ID: 694d52b5-edc1-404f-b2d5-000da8404b25] Reasoning: This sentence discusses a zoning code amendment regarding assembly in residential dwellings but does not provide any interpretive context or application to the statute.
  [ID: e2be4acc-63bb-4e4f-bba8-53ade2db7319] Reasoning: This sentence states that individuals reside in a residential dwelling but does not provide any interpretive context or application to the statute.
  [ID: 10bd27d6-fb14-476c-b0f2-2448a305b6e6] Reasoning: This sentence discusses a prohibition related to polluting industries near residential dwelling units but does not provide any interpretive context or application to the statute.
  [ID: d3d76fe7-8d69-43f4-adde-f9bc337184dc] Reasoning: This sentence discusses mortgage agreements related to residential dwellings but does not provide any interpretive context or application to the statute.
  [ID: 0b4ae0d9-4ca1-4927-bcc5-538c4e4a6e5f] Reasoning: This sentence discusses disclosure requirements for owners of residential dwellings but does not provide any interpretive context or application to the statute.
  [ID: 69bcccc3-1f7a-4bcd-a382-3cd6f41a70cf] Reasoning: This sentence discusses requirements for owners of more than four residential dwellings but does not provide any interpretive context or application to the statute.
  [ID: 4a17abc2-5071-4d9a-b735-13543f6304b3] Reasoning: Discusses the classification of garden-type apartment houses in relation to residential dwellings, but does not provide new interpretive context or application of the term.
  [ID: 9054ede0-8bf3-47be-bd6b-81a5349ce781] Reasoning: Mentions a case that struck down an ordinance affecting residential dwellings, but lacks depth in explaining the implications or reasoning behind the decision.
  [ID: 77275436-8186-4a28-89fb-acd789d610ae] Reasoning: References a rational basis for distinguishing between apartment complexes and residential dwellings, but does not elaborate on the legal implications or context.
  [ID: cd4615c1-9907-42d7-9a52-355b29a92b6f] Reasoning: Mentions a one-family residential dwelling but does not provide any interpretive context or application of the term.
  [ID: 488e510b-6906-4a45-a5da-970cc3b96245] Reasoning: Discusses breach of warranty in the context of a residential dwelling sale, but does not clarify the term's application or significance.
  [ID: f23fead7-3f52-4efa-9649-a367a977d8a6] Reasoning: Describes a property dispute involving a residential dwelling but lacks interpretive depth regarding the term's legal implications.
  [ID: a6a61097-bbbf-4a56-85f9-4ff405a30024] Reasoning: States that a search consented to by the owner of a residential dwelling is constitutionally proper, but does not elaborate on the implications.
  [ID: bed5e490-ccc7-4f28-850e-22c7943b12fe] Reasoning: Mentions a two-family residential dwelling but does not provide any interpretive context or application of the term.
  [ID: efdc5605-e598-4af6-82a9-d78c4ec109b2] Reasoning: Discusses a complaint regarding defects in a residential dwelling but does not clarify the term's application or significance.
  [ID: b4e358fc-13b8-4f02-bcc5-cbc1c0c911a9] Reasoning: Mentions a condition regarding antennas near residential dwellings but does not provide interpretive context or application.
  [ID: 20fa1848-cab9-4319-b5c7-f1aaaa16cc58] Reasoning: Describes a zoning board decision related to residential dwellings but lacks depth in explaining the implications or reasoning.
  [ID: 71f2c92d-3ad2-495c-b9bd-ecbcdf918610] Reasoning: States that a lessee of a residential dwelling is a member of the consuming public, but does not elaborate on the implications.
  [ID: c90dc893-88d8-4278-8c66-1613c2d22e4c] Reasoning: Describes a neighborhood with a mixture of residential dwellings but does not provide any interpretive context or application.
  [ID: 9354a165-ba2d-474b-aa09-69338e6908a0] Reasoning: Mentions a zoning change affecting residential dwellings but does not provide interpretive context or application.
  [ID: 982cee48-8030-4dc7-aebe-511e2ac4ef7c] Reasoning: Describes surrounding property uses including residential dwellings but lacks interpretive depth regarding the term's legal implications.
  [ID: a1fa0e66-2fd2-46df-a4b0-ed72d0213016] Reasoning: Mentions residential dwellings of varying sizes but does not provide any interpretive context or application of the term.
  [ID: 2a107965-29cb-4466-bf68-9b9949218502] Reasoning: Discusses discrimination based on the type of residential dwelling but does not clarify the term's application or significance.
  [ID: bab999ca-e472-4132-a4c6-0f632d74ffc7] Reasoning: Mentions provisions regarding the construction of a residential dwelling but does not provide interpretive context or application.
  [ID: 243cbf9b-af46-4ab8-aa76-af5282d7b9ef] Reasoning: Mentions the transfer of interests in residential dwelling units but lacks depth in explaining the implications or reasoning.
  [ID: 4a9f9374-247b-4c74-828d-f732f9874303] Reasoning: Describes a development scenario involving residential dwelling units but does not provide interpretive context or application.
  [ID: a54b86b0-25ff-486e-9f41-0912c25ef0fd] Reasoning: Discusses land subdivision regulations and the construction of a single-family residential dwelling but lacks interpretive depth.
  [ID: 96fc342a-0024-49c6-856b-259865aed047] Reasoning: Mentions a residential dwelling covering lots but does not provide any interpretive context or application of the term.
  [ID: c5c948ac-214a-43d3-8ccc-0a4d93c04a0f] Reasoning: States that the ordinance exempts residential dwellings but does not elaborate on the implications.
  [ID: 90e86d41-6443-420c-a197-ace0e885e08f] Reasoning: Mentions a request for a receiver to collect sums from owners of residential dwellings but lacks interpretive depth.
  [ID: 1d6feb0e-0cbd-4ca5-9767-d56bbc7db2f1] Reasoning: Discusses a trial court's determinations regarding a residential dwelling but does not clarify the term's application or significance.
  [ID: 9371e881-e278-4b32-9373-8d282cdf146e] Reasoning: This sentence describes a factual situation involving a residential dwelling but does not provide any interpretive context or application of the term.
  [ID: bd6ac4d6-2914-4a01-a252-36e25b2b5ef1] Reasoning: Similar to the previous sentence, this one recounts a factual event involving a residential dwelling without adding any legal interpretation or context.
  [ID: 6138d019-2021-4495-ad8b-bc047c1ae5bd] Reasoning: This sentence states that a building was rented as a residential dwelling but does not provide any additional interpretive value or context.
  [ID: df2042c8-1624-4a1c-8249-ee27affb702e] Reasoning: This sentence discusses an ordinance related to residential dwellings but does not explain its application or provide interpretive context.
  [ID: 84550dd4-dd0b-497f-8e59-8c3cb560a551] Reasoning: This sentence mentions the plaintiff's business related to residential dwelling houses but lacks any deeper legal analysis or application.
  [ID: 06ad9387-8e11-4342-b991-eaf4daa050af] Reasoning: This sentence discusses property tax abatement for conversions to residential dwellings, providing some context but lacking deeper interpretive analysis.
  [ID: ac676f8a-946a-4817-bc29-70bc8c8e7d54] Reasoning: This sentence explains a legal situation where a tenant's use of a property suffices to classify it as a de facto residential dwelling, adding interpretive value.
  [ID: 94082590-0a17-4e1a-8d10-dd4858f699ec] Reasoning: This sentence states the number of residential dwelling units in a building but does not provide any interpretive context or application.
  [ID: 4fa05501-6be4-4260-b381-cbe90a696e3e] Reasoning: This sentence discusses rent stabilization for residential dwelling units, providing some context but lacking deeper interpretive analysis.
  [ID: 3d2efaa8-6c04-4c9e-afa1-f67c01a233d2] Reasoning: This sentence discusses restrictions on contracts for residential real estate but does not provide deeper interpretive context.
  [ID: f6a92fd6-0b52-432e-b45c-14787a184f56] Reasoning: This sentence mentions enforcement issues related to a parking tax on residential dwellings but lacks specific legal analysis or application.
  [ID: 5ce3f62c-ba0d-41d5-b488-30b19f83bb5d] Reasoning: This sentence states that residential dwelling units were not treated uniformly before an ordinance, but does not provide further interpretive context.
  [ID: ace619f0-97f9-4dc4-80e0-11a07480052a] Reasoning: This sentence discusses a uniform sewer rate for residential dwelling units, providing some context but lacking deeper interpretive analysis.
  [ID: f47bfd47-1e44-44b1-8033-1d0d4ef6fa09] Reasoning: This sentence describes a factual situation involving a residential dwelling under construction but does not provide any interpretive context.
  [ID: bbe471fd-8e24-4e1c-8545-0940dd5f7e7b] Reasoning: This sentence discusses the composition of residential dwellings in a municipality but lacks deeper interpretive context.
  [ID: 50588781-0a1a-4ef9-8011-d2a3440eb46d] Reasoning: This sentence discusses the unconstitutionality of excluding certain classes from occupancy of residential dwellings, providing some interpretive value.
  [ID: a887b0d9-edd7-41c0-aa61-2c8ce94e180f] Reasoning: This sentence states that there is no limitation on the number of occupants in a residential dwelling, but lacks deeper interpretive context.
  [ID: 6c202bda-2114-437f-8b1a-4fac26e561b8] Reasoning: This sentence discusses a municipality's right to limit occupancy of residential dwellings, providing some interpretive context.
  [ID: e98e9dc5-0a7e-42b0-8340-59fc2b054904] Reasoning: This sentence describes a contract for constructing a residential dwelling but does not provide any interpretive context.
  [ID: c46c0591-c8e2-4111-b6a4-c79685c37515] Reasoning: This sentence describes large-scale residential developments but lacks deeper interpretive context or application.
  [ID: 06cb39be-857f-40d2-b03d-1a2a594bf679] Reasoning: This sentence discusses provisions in the Building Code related to residential dwellings but does not provide deeper interpretive context.
  [ID: 35639861-e337-4139-b847-af3694c687da] Reasoning: This sentence provides a factual statement about the population and number of residential dwellings in a township but lacks interpretive depth.
  [ID: 4c8cfde8-3fcf-4d51-83b1-5295b68e6cf5] Reasoning: This sentence discusses the constitutionality of singling out residential construction but lacks deeper interpretive context.
  [ID: 98a7ea8a-0f3b-425e-a36a-4214697a091c] Reasoning: This sentence discusses the omission of certain residential dwellings from classification, providing some interpretive context.
  [ID: da21bd42-3d19-47c0-bdf0-f03f43ee2934] Reasoning: This sentence discusses legislative intent regarding the exclusion of certain residential properties, providing some interpretive context.
  [ID: 6fedb2b6-28b6-43b6-b3e5-7b85224e6c45] Reasoning: This sentence discusses a legal interpretation of 'residential dwelling' in the context of a case, but it primarily focuses on the constitutional implications rather than providing a clear application or explanation of the term itself.
  [ID: 36815b2f-2a2f-4a83-aba0-6b9fc529e929] Reasoning: This sentence mentions the term 'residential dwelling' in relation to a legal argument but does not provide any substantive interpretation or application of the term.
  [ID: 6020179f-4d9b-4ae0-b33c-68241535ac35] Reasoning: This sentence discusses the negotiation of access for animal husbandry but does not provide any relevant context or application regarding 'residential dwelling'.
  [ID: cac71a79-0c27-4484-9135-9e7c8a23d931] Reasoning: This sentence describes a subdivision plan that includes residential dwellings, but it does not elaborate on the implications or applications of the term 'residential dwelling'.
  [ID: 3fcbcd72-db7d-474a-baf4-d655c362f5ef] Reasoning: This sentence provides a factual statement about a rental situation but lacks interpretive depth regarding the term 'residential dwelling'.
  [ID: 5ccf3f35-250d-4298-83c3-1fd9bff40b60] Reasoning: This sentence discusses the percentage reduction method in relation to residential dwellings but does not provide a clear application or interpretation of the term itself.
  [ID: 84278785-6c8e-41ed-8151-6e8f0e311b49] Reasoning: This sentence quotes a legislative amendment regarding taxes on residential dwellings, which does not add interpretive value beyond the statutory text.
  [ID: fdfedd3b-36a1-4afb-92c9-8fe3a920b1fb] Reasoning: This sentence states that an implied warranty exists in the rental of residential dwellings, but it does not provide further context or application of the term.
  [ID: be4d1ba2-f7b3-4f18-877c-fc018207faa4] Reasoning: This sentence discusses a breach of the implied warranty of habitability in the context of a residential dwelling but does not clarify the term's application.
  [ID: 1ad4983d-44f9-4648-bd35-9db93d8aba28] Reasoning: This sentence reiterates the existence of an implied warranty in the rental of residential dwellings without providing new interpretive insights.
  [ID: bb02627f-9f06-49b1-bca5-6418948d3a7c] Reasoning: This sentence discusses the contractual relationship between landlord and tenant in the context of residential dwellings but lacks depth in interpreting the term.
  [ID: 65c785e6-0e1c-41db-844c-abfc8694c240] Reasoning: This sentence states a restriction on occupancy of a residential dwelling but does not provide further interpretive context.
  [ID: 817786b9-a7eb-4582-b0bb-e296b8875b00] Reasoning: This sentence states that an implied warranty exists in every lease for a residential dwelling unit, but it does not elaborate on the implications of this term.
  [ID: e06c00c4-b6d5-4b6d-bcf7-a188c851bc43] Reasoning: This sentence discusses a fee related to residential dwelling units but does not provide a clear application or interpretation of the term.
  [ID: 88705eff-7d4d-43c6-8b7d-08ee4c782203] Reasoning: This sentence describes how a residential dwelling unit fee is assessed but does not provide interpretive context regarding the term itself.
  [ID: 7ac9a8ef-3470-44d3-92be-795c572a7174] Reasoning: This sentence discusses the construction of residential dwellings in relation to an easement but does not clarify the term's application.
  [ID: 9dff1f59-826b-4a63-968b-ccf720321757] Reasoning: This sentence describes a structure containing residential dwelling units but does not provide further interpretive context.
  [ID: e43ae7b3-9dc8-4142-b8b0-79c80fd7e8f4] Reasoning: This sentence discusses permissible uses within a dwelling but does not provide a clear application or interpretation of 'residential dwelling'.
  [ID: 601e1ed7-0cba-433a-a0e4-07c365d61493] Reasoning: This sentence states that the exterior appearance of a home will be maintained as a residential dwelling but lacks interpretive depth.
  [ID: d56e8c9b-aa45-4da2-b15e-1250596b8c10] Reasoning: This sentence states the intent to construct a multi-family residential dwelling but does not provide further context or application.
  [ID: 9b68cb9c-e345-4f46-afa6-a2c2112883b1] Reasoning: This sentence describes a residential dwelling that included an office but does not provide interpretive context regarding the term.
  [ID: 082046fb-7802-4c6e-98f4-8aeecd5f2ef8] Reasoning: This sentence discusses a setback requirement for residential dwellings but does not provide further interpretive context.
  [ID: 245d86e2-f0d1-4c6b-8b45-bcbdccc229cf] Reasoning: This sentence states that a residential dwelling was destroyed by fire but does not provide any interpretive context.
  [ID: 66efae24-3c9c-4b46-b9b3-41ac8414a877] Reasoning: This sentence states that a lease of a residential dwelling is treated as a contract but does not provide further interpretive context.
  [ID: e1f02112-1ad7-469a-8264-e615ea64dc22] Reasoning: This sentence discusses the development of lots as single family detached residential dwellings but does not provide further interpretive context.
  [ID: ba3eb8b2-5c94-4a57-9382-49034a90c610] Reasoning: This sentence discusses the severance of a case involving claims related to damage to residential dwellings, but it does not provide any interpretive context or application of the term 'residential dwelling'.
  [ID: 30fd6920-d9d8-4d44-ae1e-27d76b583a2b] Reasoning: This sentence defines 'residential real property' in relation to residential dwellings, but it merely restates a definition without adding interpretive depth or context.
  [ID: d39e86a9-a8ab-4838-ba66-80bc4ad77808] Reasoning: This sentence reiterates the definition of 'residential real property' and its relation to residential dwelling units, providing no new interpretive insight.
  [ID: a5e99f7a-b9a7-457c-9bb9-a34ec4c35de8] Reasoning: This sentence quotes a provision regarding taxation and residential dwellings, but it does not provide any additional context or interpretation.
  [ID: 20eddfaa-ee6b-494d-8f2e-b28abb5df6e8] Reasoning: This sentence mentions a constitutional challenge related to residential dwellings but does not elaborate on the implications or interpretations of the term.
  [ID: c99d4186-4c19-427c-b2b9-610b93bc369c] Reasoning: This sentence discusses the exclusion of RVs from the definition of residential dwellings but does not provide further interpretive context or implications.
  [ID: 4a09599a-084e-4cd6-adac-6df0202994d1] Reasoning: This sentence provides a citation of legislative history regarding residential dwellings but does not add interpretive value or context.
  [ID: 4be763f7-d15e-463b-b075-f561deeccbda] Reasoning: This sentence discusses the Texas Constitution's provisions regarding taxation of personal property used as residential dwellings but does not provide new interpretive insights.
  [ID: dc4bb3aa-0eb4-49e3-a548-b604b45ceea9] Reasoning: This sentence states that personal property not used as a residential dwelling is exempt from taxation, but it does not provide further context or interpretation.
  [ID: ea9c57fc-4bb0-40fe-8f21-799128b75d9b] Reasoning: This sentence describes a legal action regarding the construction of a residential dwelling but does not provide any interpretive context.
  [ID: 37ca1972-5426-4633-ae6a-fbbeca1b66b2] Reasoning: This sentence outlines a developer's plans for constructing residential dwellings but lacks interpretive depth or context.
  [ID: d3098b7d-0a99-4db7-b071-2c8f03fa5162] Reasoning: This sentence discusses a condition precedent for constructing residential dwellings but does not provide additional interpretive context.
  [ID: 7b8fb561-e1b1-4536-acdd-897789a59031] Reasoning: This sentence references case law related to accessory uses to residential dwellings but does not provide new insights or interpretations.
  [ID: f8545b55-0068-4894-9acf-fec58bb7700a] Reasoning: This sentence discusses a trial court's finding regarding a property as a single-family residential dwelling but lacks interpretive depth.
  [ID: 87566544-9261-4382-aac3-d58e00856f95] Reasoning: This sentence describes a home occupation within a residential dwelling but does not provide additional interpretive context.
  [ID: 95fd9eef-ed24-4b11-b5e3-69924c819274] Reasoning: This sentence states a prohibition on taxing the construction of residential dwellings but does not provide further interpretive insights.
  [ID: b40362b6-df08-4115-bd8e-604936bfa5c0] Reasoning: This sentence discusses the application of definitions to residential dwellings but does not provide new interpretive insights.
  [ID: bbf7e4d2-ae9c-4459-8f3d-83cc60a3205f] Reasoning: This sentence mentions planned residential dwellings but does not provide any interpretive context or application.
  [ID: e40af24d-b95c-4b52-b206-b782f462deaf] Reasoning: This sentence discusses the charging of electricity for multiple-dwelling residential units but lacks interpretive depth.
  [ID: 58886841-3091-4352-b087-333782f1f00b] Reasoning: This sentence states that the act governs rental agreements for residential dwelling units but does not provide further interpretive context.
  [ID: a9ce961a-175b-46ab-a3e8-c155c1a5b60b] Reasoning: This sentence describes an agreement to construct a residential dwelling but does not provide additional interpretive context.
  [ID: d525fb98-4103-4b90-8548-f016a5dc3ed8] Reasoning: This sentence discusses community concerns regarding a proposed residential dwelling but lacks interpretive depth.
  [ID: 216a1021-d6cc-498b-8801-ee46a3bd6c42] Reasoning: This sentence discusses a zoning board's requirements for a residential dwelling but does not provide new interpretive insights.
  [ID: d83a8659-cf5e-456e-8c2d-d12a9648cee0] Reasoning: This sentence discusses land classifications but does not provide any new interpretive context regarding residential dwellings.
  [ID: 59b701f0-3dcd-4c3f-a491-c37738ca9a60] Reasoning: This sentence raises a legal question regarding the use of a residential dwelling as a group home but does not provide further interpretive context.
  [ID: a2d28968-e3f3-405b-bf3e-41739e60d795] Reasoning: This sentence discusses a municipal code requiring inspections of residential dwellings but does not provide any new interpretive context or application beyond the mention of 'residential dwelling'.
  [ID: 8c0a72d7-2810-48c9-8ee8-5b9e5fa68135] Reasoning: This sentence discusses the absurdity of including various types of deaths under the statute, including those in residential dwellings, but does not provide any substantive legal interpretation or application.
  [ID: 02757f66-fca6-453b-aa13-09559c55d7a8] Reasoning: This sentence outlines regulations regarding loans secured by residential dwellings in flood hazard areas, providing context for the term 'residential dwelling' in a specific legal framework, thus adding interpretive value.
  [ID: ce1a0040-99d8-4d68-a99f-532ee51af45c] Reasoning: This sentence raises a question about the classification of loans for constructing residential dwellings, indicating a legal ambiguity that could affect interpretation, thus providing some interpretive value.
  [ID: 1801ed6b-7d09-4be9-b30c-3dafa3268cdb] Reasoning: This sentence discusses a loan concerning property without existing residential dwellings, which adds context to the term but lacks depth in legal interpretation.
  [ID: beaa81e1-3339-4bfb-82c8-334467e7f6c1] Reasoning: This sentence refers to a loan for constructing residential dwellings but does not provide any additional context or interpretation, making it largely redundant.
  [ID: 791374e7-98f7-462a-a7e4-79dac6159282] Reasoning: This sentence discusses a prior burglary conviction involving a residential dwelling, but it does not provide any new legal interpretation or context.
  [ID: 5d2e2f5b-832f-42b8-b24f-ff6445da0ac1] Reasoning: This sentence discusses zoning decisions affecting residential dwellings, providing context about the decline of such dwellings, which adds some interpretive value.
  [ID: d6a9e0a6-ceca-48a5-8b35-083c7a7c27f7] Reasoning: This sentence references a case noting abandoned multi-family residential dwellings, providing context for the term in a legal setting, thus adding interpretive value.
  [ID: b71d3c1c-92a3-4657-ab3c-feb38e6a2d22] Reasoning: This sentence discusses implied warranties related to residential dwellings, providing a clear legal principle that enhances understanding of the term's application.
  [ID: 43f397a7-b175-481a-b02a-e57329d23827] Reasoning: This sentence explains the contractor's implied warranty regarding the construction of a residential dwelling, providing critical interpretive guidance on legal obligations.
  [ID: aa50fb63-4e8e-4067-b6f3-6138a580f7fe] Reasoning: This sentence reiterates the contractor's responsibility to construct a residential dwelling in a workmanlike manner, but it does not add significant new information.
  [ID: cff89d5d-3b08-490b-8495-33c52e164890] Reasoning: This sentence repeats the earlier discussion about the absurdity of including residential dwellings in a broader context but does not add new interpretive value.
  [ID: 0935bda4-3521-4a70-88cf-ab6cb2be4c4b] Reasoning: This sentence discusses the implications of statutory language on the deaths of migratory birds, including those in residential dwellings, but does not provide new legal interpretation.
  [ID: d7c87877-2724-457c-abc2-8e1bd4d38b78] Reasoning: This sentence mentions exceptions to a statute concerning residential dwellings but does not provide new interpretive context or application.
  [ID: 4412e846-5641-4c3f-97f5-8ae1f749dfb0] Reasoning: This sentence describes a plumbing system for residential dwellings, providing context about a specific product but lacking broader legal interpretation.
  [ID: 5088dd5c-b3ac-4172-93bb-3b66b13a768f] Reasoning: This sentence identifies a corporation engaged in constructing residential dwellings, but it does not provide any new legal interpretation or context.
  [ID: c4f1e311-0471-47d8-93c6-4faac3dc1df4] Reasoning: This sentence discusses conflicting evidence regarding a brochure for a residential dwelling, but it does not add significant interpretive value.
  [ID: e00386ff-8803-47ce-87ce-900a45ca8dad] Reasoning: This sentence describes the development of drawings for a residential dwelling, but it does not provide new legal interpretation or context.
  [ID: b4c13849-9761-427e-9d80-717a4012057d] Reasoning: This sentence discusses copyrighted architectural plans for residential dwellings, providing context about intellectual property but lacking broader legal interpretation.
  [ID: 15f77bc2-3dbf-4008-9747-2439407204d2] Reasoning: This sentence states that the Lamonts were not restricted by copyright from reproducing a residential dwelling, but it does not provide new interpretive context.
  [ID: 20156223-3e7f-43ce-975b-18207f5dd846] Reasoning: This sentence describes a mortgage for a residential dwelling but does not provide any new legal interpretation or context.
  [ID: 5b070497-3d33-439d-9d29-0d9a4f3e4c58] Reasoning: This sentence discusses the nature of burglary in relation to residential dwellings but does not provide new interpretive context.
  [ID: aa4e424f-b7b3-464b-b2b3-241d79f069c7] Reasoning: This sentence identifies the sellers of a residential dwelling but does not provide any new legal interpretation or context.
  [ID: 2f0d227a-40cd-4ae3-ac96-d097a0491c97] Reasoning: This sentence mentions the maintenance of residential dwelling units for cable service but does not provide any new legal interpretation or context.
  [ID: b182e425-ed21-4c91-af4d-237130869ae6] Reasoning: This sentence discusses a specific definition of 'home for the aged, sick, or infirm' and includes 'residential dwelling units' within that context. However, it does not provide any interpretive context or application related to the phrase of interest.
  [ID: 2768a0ca-b77a-4649-b5df-a76188b66e03] Reasoning: This sentence describes an incident involving a residential dwelling but does not provide any interpretive context or application of the term 'residential dwelling' itself.
  [ID: 022ddc8b-a44f-47d4-8cd3-4394b0118eb6] Reasoning: This sentence states the number of residential dwellings in a development but does not provide any interpretive context or application of the term.
  [ID: d6cd57ce-c41d-4d28-95b3-20df3335d394] Reasoning: This sentence mentions an unfinished residential dwelling in the context of property assessments but lacks interpretive depth regarding the term 'residential dwelling'.
  [ID: 9674f7ac-e227-4b5b-b34d-5445d3398a30] Reasoning: This sentence provides a factual statement about ownership of a residential dwelling but does not add any interpretive context or application.
  [ID: dcd7e218-22d9-407c-a6c0-b536935f2ab6] Reasoning: This sentence describes a property with a two-story residential dwelling but does not provide any interpretive context or application of the term.
  [ID: 6c8b74ab-b65b-460a-bc34-d0bbb29dfcb5] Reasoning: This sentence discusses the dimensions of a residential dwelling but does not provide any interpretive context or application of the term.
  [ID: 393f4178-b8a9-4311-adab-29354d035692] Reasoning: This sentence discusses a zoning ordinance related to residential dwellings but does not provide deeper interpretive context or application.
  [ID: 166aab08-f32c-45cd-b24b-8264ea05ad04] Reasoning: This sentence states the number of residential dwellings in an apartment house but lacks interpretive depth regarding the term 'residential dwelling'.
  [ID: 072195cb-8d45-42b2-9756-0bab3613c1c5] Reasoning: This sentence mentions the number of residential dwelling units in a building but does not provide any interpretive context or application.
  [ID: 85ed7efd-1f1b-4d09-8f09-f4b1b102c2d8] Reasoning: This sentence states a purpose related to increasing residential dwelling units but does not provide any interpretive context or application.
  [ID: 5bf24a37-4d97-44a2-a4e4-f2d6477b2ccb] Reasoning: This sentence describes the surrounding area as improved with residential dwellings but does not provide any interpretive context or application.
  [ID: 9199db51-6eb8-47a1-868b-468696faf941] Reasoning: This sentence discusses a proposed monopole's proximity to residential dwellings but does not provide deeper interpretive context or application.
  [ID: a44a249a-6ad4-4747-9e30-b2db4a9d28b6] Reasoning: This sentence states that Article IX does not mention types of residential dwellings in a PUD but lacks interpretive depth regarding the term 'residential dwelling'.
  [ID: 913a97c8-86f1-40bb-ac93-386b3eadc79d] Reasoning: This sentence raises a question about the types of residential dwellings permitted in a PUD but does not provide a definitive interpretive context or application.
  [ID: c6504117-f595-414d-9526-c2c6dd0c8d34] Reasoning: This sentence provides a conclusion about the types of residential dwellings permitted in a PUD, indicating no restrictions, which adds some interpretive value.
  [ID: a3a98e98-0de3-4555-9a11-3810b3c466fb] Reasoning: This sentence discusses an oral agreement for constructing a residential dwelling but does not provide any interpretive context or application.
  [ID: ce97ea3f-b849-4a97-a8ec-32a27e7ee053] Reasoning: This sentence describes a contract for constructing a residential dwelling but lacks interpretive depth regarding the term 'residential dwelling'.
  [ID: 93f85ca7-043b-4832-8fa0-5422393d06ff] Reasoning: This sentence discusses housing code violations in a residential dwelling, providing some context about the implications of such violations but lacks deeper interpretive analysis.
  [ID: ce852b1a-8d79-4dea-a309-a35e1556f12a] Reasoning: This sentence mentions a residential dwelling unit in a petition but does not provide any interpretive context or application.
  [ID: fe47a4d5-cd3d-40bc-91e5-cb0cb4fe263c] Reasoning: This sentence provides a statistic about residential dwelling units constructed since a specific case but lacks interpretive depth regarding the term 'residential dwelling'.
  [ID: feaae7f1-94cb-4cae-9215-7f8d1013ccd1] Reasoning: This sentence discusses a statute related to holdover tenants in residential dwellings but does not provide deeper interpretive context or application.
  [ID: 73f156bc-89f8-4b55-bf17-88483ae5d286] Reasoning: This sentence discusses solicitation orders related to residential dwelling units but does not provide deeper interpretive context or application.
  [ID: d08d8937-4a18-4f8b-88f3-cc838f1dfe82] Reasoning: This sentence discusses a buffer zone for a proposed structure near residential dwellings, providing some context about zoning but lacks deeper interpretive analysis.
  [ID: c3bef6fe-9f83-4ff8-913a-a11c9ad2490a] Reasoning: This sentence provides a factual statement about the distance of a residential dwelling from a proposed driveway but does not add interpretive context or application.
  [ID: afb44eae-424f-4ecd-93f5-0df17fb9f952] Reasoning: This sentence discusses a comparison of garbage production between garden-type apartment houses and ordinary residential dwellings, but does not provide any legal interpretation or application of the term 'residential dwelling'.
  [ID: 53efb00f-c733-4504-82d7-c725b39b29b6] Reasoning: The court's conclusion about garden-type apartment houses not being classified as residential dwellings adds context to the term but does not significantly deepen the understanding of 'residential dwelling' itself.
  [ID: 9f00dad8-cade-440c-9905-deb95be61ebb] Reasoning: This sentence argues against the differentiation between garden-type apartment houses and residential dwellings, but it does not provide a legal basis or interpretation that enhances understanding of the term.
  [ID: 85340d0a-6f64-43bb-9da4-7295e04d8d4e] Reasoning: The question of whether the municipal resolution is discriminatory provides context for the classification of residential dwellings but does not clarify the term itself.
  [ID: fbb21aad-a049-4b07-b697-650c54b53b8c] Reasoning: This sentence critiques the differentiation between garden-type apartment houses and residential dwellings, but lacks a deeper legal analysis or application.
  [ID: a112b524-a1ef-495c-9cf7-8abc189ea972] Reasoning: The lack of justification for classifying garden-type apartment houses differently from residential dwellings provides some interpretive context but does not significantly enhance understanding of the term.
  [ID: 8f677a89-8ca2-4124-ad0f-f35f9b92fc6f] Reasoning: This sentence discusses legislative amendments exempting owners of certain residential dwellings from specific responsibilities, providing a practical application of the term.
  [ID: 101aff0b-701d-4ac3-994c-df95f64fb1c0] Reasoning: The mention of unauthorized entry into an inhabited residential dwelling relates to criminal law but does not clarify the term 'residential dwelling' in a statutory context.
  [ID: 50388371-0941-4de6-8a52-3b01ce86b268] Reasoning: This sentence presents a hypothetical example regarding water consumption in residential dwelling units, but does not provide legal interpretation or context.
  [ID: 5304ad16-fa32-40fb-b486-0d76903d80d3] Reasoning: The position taken by respondents regarding residential dwelling units not being an accessory use provides some context but lacks depth in legal interpretation.
  [ID: f8da33c0-fa7d-4be5-92c4-d1d26c8d115a] Reasoning: This sentence discusses zoning for one-family residential dwellings, which provides context but does not clarify the term 'residential dwelling' itself.
  [ID: 02ee9e48-ed9e-46ae-a267-bfe2f9affabb] Reasoning: The zoning designation primarily allowing single-family residential dwellings provides context but does not enhance understanding of the term itself.
  [ID: 144c0ba4-952e-4adf-b035-aaa20aa2b8b3] Reasoning: This sentence describes an incident involving a residential dwelling but does not provide any legal interpretation or context for the term.
  [ID: 0d12065f-ffbe-4202-ad55-c6da816e0409] Reasoning: The discussion of intrusion into a residential dwelling relates to criminal law but does not clarify the term 'residential dwelling' in a statutory context.
  [ID: 32066b71-e1d4-4e41-b1b5-3447f297a0ab] Reasoning: This sentence clarifies that Oxford Houses are residential dwellings rented by individuals recovering from addiction, providing a specific application of the term.
  [ID: f7b920c7-896a-4c60-87c6-a636a358cdb0] Reasoning: The view on landlord-tenant situations involving residential complexes provides context but lacks depth in legal interpretation of 'residential dwelling'.
  [ID: a138057a-338b-4944-8f92-23b3deddd6d7] Reasoning: This sentence discusses legislative findings related to residential dwellings and tenant removal, providing context but not a clear interpretation of the term.
  [ID: 1d125056-baf7-4287-b9e9-c2666b34681b] Reasoning: The mention of invalidated provisions regarding garbage collection for residential dwellings provides context but does not clarify the term itself.
  [ID: 6c11dded-6c7e-42c8-bb7a-bacbe8213ff2] Reasoning: This sentence discusses the unauthorized practice of law in drafting contracts for residential real estate, which provides context but does not clarify the term 'residential dwelling'.
  [ID: 4f78c99a-f60c-499a-b518-72d442aa4401] Reasoning: The discussion of unauthorized practice of law in preparing contracts for residential real estate provides context but does not clarify the term 'residential dwelling'.
  [ID: a5ebf02c-82d4-4dbb-9484-f30bbee015d9] Reasoning: This sentence discusses the preparation of leases for residential dwelling units, which provides context but does not clarify the term itself.
  [ID: c9d4b11f-5e56-4939-9100-38b8423baaba] Reasoning: This sentence discusses the preparation of leases for residential dwelling units, which provides context but does not clarify the term itself.
  [ID: 2e633b9a-4682-4c59-a6e0-4faf65aa726f] Reasoning: This sentence discusses the preparation of leases for residential dwelling units, which provides context but does not clarify the term itself.
  [ID: 3f14922d-9bc3-4906-ab57-3c163a974c4d] Reasoning: This sentence discusses a lawsuit involving the construction of a residential dwelling, but does not provide any legal interpretation or context for the term.
  [ID: 38c89d21-c9ac-49e1-8e5c-78d6dff17422] Reasoning: This sentence emphasizes principles related to landlord liability for lead paint conditions in residential dwellings, providing some context but lacking depth in legal interpretation.
  [ID: 52120897-2315-46f4-82b6-a25bae2e7984] Reasoning: Mentions 'residential dwellings' in a general context without providing any legal interpretation or application.
  [ID: 43bdf70f-9381-49a9-811e-d745aa80731f] Reasoning: Describes an agreement related to the construction and management of a residential dwelling but lacks deeper legal context or implications.
  [ID: 0e5eddea-9e09-4fdd-b0e7-f7af77ba335d] Reasoning: Details a package deal for constructing a residential dwelling but does not provide legal interpretation or context.
  [ID: 479fb403-e674-45f4-9cd8-7fca0bea3907] Reasoning: States a fact about a residential dwelling being rented but does not add any legal analysis or context.
  [ID: 804f06b2-0543-4dba-a397-460f4d2e8d67] Reasoning: Mentions sellers of residential dwellings but does not provide any interpretive context or legal implications.
  [ID: 80fc26dd-1fa5-432a-9eb7-cb8c8494beb5] Reasoning: Discusses expert testimony regarding residential dwellings but lacks specific legal context or implications.
  [ID: bd9f5c87-6569-4760-af7d-66faccda5e7c] Reasoning: Describes a legal prohibition regarding roofing materials on residential dwellings but does not explain the legal implications or context.
  [ID: 85ccfcd9-b0db-409a-8ad6-18686a172604] Reasoning: Similar to the previous sentence, it discusses a legal restriction on roofing materials but lacks deeper interpretive context.
  [ID: e6bf0fdc-4042-43bc-8927-5173b4b1246d] Reasoning: Cites a statute regarding interest on loans secured by residential dwellings but does not provide interpretive context or application.
  [ID: afe21092-1b57-451d-856f-24a03a8ad3c2] Reasoning: Quotes a court comment about residential dwellings but does not provide any legal analysis or implications.
  [ID: bbe450c0-33e0-4291-a605-de7eeee77519] Reasoning: Discusses liability related to activities near residential dwellings but lacks specific legal context or implications.
  [ID: 30dae4e5-3359-48c0-ab49-ebcff62a1215] Reasoning: Describes a contract for constructing a residential dwelling but does not provide legal interpretation or implications.
  [ID: e7081981-e922-41c0-8b68-ff44ad784292] Reasoning: Mentions a city's authority to prohibit mobile homes as residential dwellings but lacks deeper legal context.
  [ID: 56ee389d-0db8-4c7d-9325-718b4e52bf0f] Reasoning: States that HUD-Code manufactured homes may be permitted as residential dwellings but lacks interpretive context.
  [ID: ea8c5d84-5723-4ab2-a5c8-44dc5d90e9a4] Reasoning: Cites a court case regarding a search warrant for a residential dwelling but does not provide legal analysis.
  [ID: 281db068-666d-43a5-a616-5aafe1515900] Reasoning: Discusses a court's ruling on secondary effects related to residential dwellings but lacks specific legal context.
  [ID: 9ec93ff1-ac20-4340-bc2f-6ef34ef7e49b] Reasoning: Mentions permitted uses in a zoning district including residential dwellings but lacks deeper legal context.
  [ID: b3eac65c-2548-4d33-80c1-e4a3a20ea769] Reasoning: States a fact about coverage placement on a residential dwelling but does not provide legal interpretation.
  [ID: 7970f226-2e45-47cc-ac5f-6e35bc8f4449] Reasoning: Mentions concerns about zoning violations related to residential dwelling units but lacks legal analysis.
  [ID: 465cbdaf-7f3d-4169-962f-94cff464ce28] Reasoning: Discusses building code violations at residential dwelling units but does not provide legal context.
  [ID: 9f0a6c50-fcb7-42c4-a47f-99e687588724] Reasoning: Mentions rental income from a residential dwelling but lacks interpretive context or legal implications.
  [ID: be60fdf6-817c-42d6-a4ff-cbee8d7b14df] Reasoning: Describes a licensing agreement for building residential dwellings but does not provide legal interpretation.
  [ID: 2e8002e3-009e-44b8-b539-730d145f4930] Reasoning: Describes an incident in a residential dwelling but does not provide legal context or implications.
  [ID: 539fbd5f-fe08-4dc2-bac4-ce45a8dca21a] Reasoning: Discusses a legal distinction related to speech directed at occupants of residential dwellings but lacks depth.
  [ID: 66d39c10-0ccf-499e-adf7-34da53538d45] Reasoning: Mentions a prohibition on picketing residential dwellings but does not provide legal analysis or implications.
  [ID: e7b52230-a8ee-4cda-aa48-ae9051d1293e] Reasoning: This sentence discusses a Board's determination regarding a structure as a residential dwelling unit, but it does not provide any new interpretive context or application beyond the statutory definition.
  [ID: 4963e0bb-b987-448a-8628-88c51cb4ea90] Reasoning: This sentence critiques the Board's conclusion about the residential dwelling unit's requirements, but it does not add significant interpretive depth or context.
  [ID: 359c140e-db11-498c-b513-807111e5b55d] Reasoning: This sentence explains how local zoning requirements affect the definition of a residential dwelling unit, providing some context but lacking deeper interpretive analysis.
  [ID: 874883b3-f63d-4686-acf6-169d63a3a62a] Reasoning: This sentence concludes that a specific requirement is not incorporated into a rule, but it does not provide new interpretive insights or applications.
  [ID: 0af74c95-8b52-4c9c-976a-b0c1417a4d6a] Reasoning: This sentence defines a residential dwelling unit according to the Town's ordinance, but it does not add interpretive value beyond the statutory definition.
  [ID: 729be1e9-7d4d-47f3-b0eb-876cfa5a5c87] Reasoning: This sentence discusses the flexibility afforded to municipalities in defining residential dwelling units, which adds some interpretive context.
  [ID: 64dfe083-9dd1-4393-87a8-c05a1e41103d] Reasoning: This sentence raises a potential alternative classification for the structure but does not provide further interpretive context or application.
  [ID: 97ebc437-2af3-4265-bcb2-0194cadc034d] Reasoning: This sentence states that a proposed structure does not meet the definition of a residential dwelling unit, but it lacks deeper interpretive analysis.
  [ID: e64aed0b-36e3-4433-bade-36d7f544dcdc] Reasoning: This sentence discusses the frontage requirements for a residential dwelling unit, but it does not provide new interpretive insights.
  [ID: 7fd5fd88-bcb3-41ef-9571-2f230e534c67] Reasoning: This sentence provides a definition from an ordinance, which is redundant and does not add interpretive value.
  [ID: 410797fe-40e4-492c-85eb-6202e3331095] Reasoning: This sentence discusses the burden of proof regarding the classification of a structure as a residential dwelling unit, adding some context to the application of the term.
  [ID: 5044d6b3-f971-47a5-8b61-160861a1951b] Reasoning: This sentence discusses the Board's reasoning in determining the nature of the structure, providing some interpretive context.
  [ID: 5a91023b-461c-45ec-95cb-bc614d23d394] Reasoning: This sentence argues against the Board's conclusion regarding the residential dwelling unit, providing some interpretive context but lacking depth.
  [ID: 8672b808-63c5-43a1-a95d-77a28ebde230] Reasoning: This sentence presents an argument made during a public hearing regarding the absence of a kitchen, which adds context to the classification of the structure.
  [ID: 9282e1a8-270f-4ef1-af91-c11d07916303] Reasoning: This sentence cites the SZO's requirement for shore frontage per residential dwelling unit, but it does not provide new interpretive insights.
  [ID: ef6f650d-4f97-47a2-aa79-6a7bba107d59] Reasoning: This sentence states the court's deference to the Board's determination, but it does not add significant interpretive value.
  [ID: f3986941-f83e-443f-b9ab-62eb3a5619f3] Reasoning: This sentence poses a question about the classification of the structure, but it does not provide any interpretive context or application.
  [ID: af33554c-33cd-4f93-acfe-1c9b1a392ed8] Reasoning: This sentence argues that the Board did not apply the SZO correctly, which adds some interpretive context regarding the definition of a residential dwelling unit.
  [ID: 13e509e0-748c-4941-8b05-1ca2fcbbf312] Reasoning: This sentence reiterates the SZO's requirements for residential dwelling units, providing no new interpretive insights.
  [ID: 7e15d6ea-b21d-443c-9750-f4e17d457cdc] Reasoning: This sentence provides a definition from the Town's ordinance, which is redundant and does not add interpretive value.
  [ID: 2bd50206-6b7d-47b8-b2d8-7263d923e0ee] Reasoning: This sentence discusses the focus of a presentation regarding the classification of a structure, but it does not provide deeper interpretive context.
  [ID: bb3b8ec3-503e-42cf-9d02-a678a643f40c] Reasoning: This sentence mentions the potential for residential dwellings to be built for rental purposes, but it lacks interpretive depth.
  [ID: eb340453-5810-44ab-b053-89b3be23689a] Reasoning: This sentence defines a tenant in relation to a residential dwelling unit, but it does not provide new interpretive insights.
  [ID: 437c55fa-fa8f-4d2f-8032-00f8a6e938d9] Reasoning: This sentence discusses the applicability of the Fourth Amendment to a residential dwelling, which provides some interpretive context regarding privacy expectations.
  [ID: 2b010951-bc00-4a27-ae04-d5cefef5f32a] Reasoning: This sentence discusses privacy expectations related to the yard of a residential dwelling, adding some interpretive context regarding legal protections.
  [ID: 1f176e1f-c3da-4c37-96a7-0597487dbfe4] Reasoning: This sentence merely states the existence of residential dwellings on specific lots without providing any interpretive context or application.
  [ID: 4b5a7da0-3308-4bb0-80a1-65a598abb99c] Reasoning: This sentence defines 'second units' in a specific legal context, which adds clarity to the term 'residential dwelling' by explaining its application in California law.
  [ID: 5c0afde6-9d6e-40b7-b336-04950cdab491] Reasoning: This sentence discusses a disclosure statement related to insurance coverage for residential dwellings, but it does not provide new interpretive information about the term itself.
  [ID: a9ebba80-ac76-4189-91b0-3b427c9229b1] Reasoning: This sentence describes a program aimed at soundproofing residential dwellings, providing context for how the term is applied in a specific program.
  [ID: 47970741-0fd9-4eb5-8801-fbebe73ae041] Reasoning: This sentence discusses a proposed assessment related to residential dwelling units, providing a specific application of the term in a fiscal context.
  [ID: 2156be2d-15f7-42fb-8a8b-d7cbbdd2eb05] Reasoning: This sentence provides a calculation based on the number of residential dwelling units, which adds context to the term's application in budgeting.
  [ID: 046f5f0f-8784-4efb-9078-f6508a070099] Reasoning: This sentence discusses the assessment ballot for residential dwelling units, but it does not provide new interpretive information about the term itself.
  [ID: 9a5a0fca-e090-4cec-bfa7-5621939c86a4] Reasoning: This sentence provides a definition of 'tenant' in relation to residential dwelling units, which adds context to the term's legal implications.
  [ID: 657ea78f-47d3-4e28-b054-dab6a20dac8e] Reasoning: This sentence defines 'rental units' in a specific legal context, which adds clarity to the term 'residential dwelling' by explaining its application in San Francisco law.
  [ID: 244cf7ac-f3c4-4892-83a3-12c8855fa6b1] Reasoning: This sentence describes a real estate transaction involving a residential dwelling, but it does not provide new interpretive information about the term itself.
  [ID: f34502b5-c991-48fc-8ad6-3177a1d88ac0] Reasoning: This sentence describes the components of a residential dwelling but does not provide new interpretive information about the term itself.
  [ID: a10d07f0-03f9-474a-922c-ad96ac977e5d] Reasoning: This sentence reiterates the description of a residential dwelling in a purchase agreement without adding interpretive context.
  [ID: 8d6cc231-a421-44f6-b6c8-3f706c0c0867] Reasoning: This sentence discusses a suitable residential dwelling in the context of a custody case, providing a specific application of the term.
  [ID: e3b42d35-4cdb-453d-9db7-b9a6ae68b095] Reasoning: This sentence discusses restrictions on installing solar collectors on residential dwellings, providing context for how the term is applied in property law.
  [ID: d9ffe295-9707-4b58-93e6-b0b5f28a448c] Reasoning: This sentence discusses a legal case involving a rental residential dwelling, providing context for the term's application in insurance law.
  [ID: abeca144-ae8e-468d-a6f3-3e919bc19e70] Reasoning: This sentence restricts the use of lots to single family residential purposes, providing context for zoning laws related to residential dwellings.
  [ID: 6bae7593-5a42-4cef-bcca-bbd02f4aab83] Reasoning: This sentence discusses restrictions on trailers in relation to residential dwellings, providing context for property use regulations.
  [ID: c7c8848d-5453-426e-893c-e4d04e99c54b] Reasoning: This sentence discusses a contract for the sale of real estate suitable for residential dwellings, providing context for real estate transactions.
  [ID: 8c9b4575-801f-43f6-9821-b78e8f26e228] Reasoning: This sentence discusses the issuance of building permits for residential dwellings, providing context for construction regulations.
  [ID: f64e373f-64a0-4a98-846b-31998b1b4048] Reasoning: This sentence discusses the construction of buildings to appear as residential dwellings, providing context for building regulations.
  [ID: 899b7491-cf4c-4077-973d-07ee8c75b11c] Reasoning: This sentence discusses a stop-work order related to residential dwellings, providing context for compliance with building codes.
  [ID: d61f6c9b-b27e-4255-9f28-ecdaded496cf] Reasoning: This sentence discusses restrictions on property use regarding residential dwellings, providing context for property law.
  [ID: 49c6ce25-b16c-4bfd-b9bf-0c18bebe6f8f] Reasoning: This sentence discusses a legal case involving the failure to repay a loan for a residential dwelling, providing context for legal obligations related to residential properties.
  [ID: 6e267bb0-7a24-4f57-b07e-3e8a2d3d2c6a] Reasoning: This sentence categorizes cost schedules for residential dwellings, but it does not provide new interpretive information about the term itself.
  [ID: 48a445e3-f265-4dcb-8c04-cdc077cfdd6d] Reasoning: This sentence states that a residential dwelling can exist in different areas, but it does not provide new interpretive information about the term itself.
  [ID: 9b10821e-1762-4b70-8d71-a43306dc846c] Reasoning: Describes specific negligent actions related to a residential dwelling but does not provide new interpretive context or legal analysis.
  [ID: ffd8ea4e-ca5a-4bb2-a0a0-c66258971ee8] Reasoning: States the existence of a residential dwelling but does not add any interpretive value or context.
  [ID: 50d3c2a0-41c8-4ab4-a9d2-fef747c0c5cd] Reasoning: Mentions a residential dwelling in a familial context but lacks depth or legal analysis.
  [ID: 5f596e67-587d-46ee-9b75-07bdc5e9e8e9] Reasoning: Discusses a legal dispute regarding residential dwellings and their classification under an ordinance, providing some interpretive context.
  [ID: cded6ea3-0f9a-47f9-a2d2-522d346d06ca] Reasoning: Addresses the classification of residential dwellings in relation to a municipal ordinance, adding interpretive context.
  [ID: f8cbb2a2-7b74-4eb9-9997-11a847ca1a52] Reasoning: Describes a utility charge related to new residential dwellings, providing context on regulatory compliance.
  [ID: 9126fe89-e245-4123-816a-5d4090d9295f] Reasoning: Discusses a court's policy decision regarding warranty claims in the context of residential dwellings, providing legal analysis.
  [ID: 0f47e300-cdbc-49c7-90e9-b5e138538ce2] Reasoning: Cites a legal definition related to home inspections of residential dwellings, adding interpretive context.
  [ID: da542a77-9031-4e24-a292-1d493193f562] Reasoning: Discusses equal treatment of commercial establishments versus residential dwellings, providing context on regulatory issues.
  [ID: 2c1f9b34-c64e-4536-a5bf-03e958a48d5a] Reasoning: States a legal principle regarding the treatment of commercial versus residential dwellings, but lacks depth.
  [ID: 473a5bd1-422c-4a94-80bc-fb5faf0f17c2] Reasoning: Mentions a board order regarding residential dwellings but does not provide significant interpretive context.
  [ID: bcee05ec-a8ba-4e85-8f6d-eac9eaeb55ff] Reasoning: Describes a previous order limiting connections to residential dwellings, providing some context on regulatory actions.
  [ID: 37f05e00-6ce3-4c59-b4eb-78636812a7c3] Reasoning: Discusses a city ordinance regarding mobile homes as residential dwellings, providing legal context.
  [ID: 5f8f9c30-4216-44ff-88e2-219d62898476] Reasoning: States a prohibition on mobile homes as residential dwellings, lacking interpretive depth.
  [ID: b8db07a8-e16a-4fd4-ac43-9e473859e63b] Reasoning: Mentions conditions for using a mobile home as a residential dwelling but lacks depth or legal analysis.
  [ID: c6515ca0-dadd-4b2a-8dd1-c1c97be8a152] Reasoning: Describes an amendment regarding mobile homes as residential dwellings, providing some context.
  [ID: 47f8d9dd-0831-494d-b800-2ee301618bed] Reasoning: Mentions a residential dwelling but does not provide any interpretive context.
  [ID: 6f025da2-777b-4a72-8a40-a4f3479a5aa5] Reasoning: Describes a financial arrangement related to residential dwellings but lacks depth or legal analysis.
  [ID: 499fd81e-764c-4c23-8797-87ff1a17efc4] Reasoning: Discusses a vendee's rights under an installment land contract for a residential dwelling, providing legal context.
  [ID: e4c756cb-b8e8-4654-8614-5a4e1f8669f3] Reasoning: Addresses notice requirements in the context of residential dwellings, providing legal context.
  [ID: fefb0f06-bcf2-400b-8997-51303117ada3] Reasoning: Discusses a premium charge for multi-residential dwellings, providing some interpretive context.
  [ID: aad444b1-1672-4cb9-8c8d-727f5ea1c1dd] Reasoning: Mentions a single-family residential dwelling but does not provide any interpretive context.
  [ID: 31cbc2bc-90e4-4c0f-b871-93672cd71569] Reasoning: Describes a legal issue regarding storm sewer connections to residential dwellings, providing some context.
  [ID: d0eb382e-300c-4bbb-95f3-c2132140fb14] Reasoning: Discusses the treatment of residential dwelling leases as contracts, providing legal context.
  [ID: 055a16d9-680b-4ab3-83bc-918b7cb73fd1] Reasoning: Describes the use of a driveway for a residential dwelling, but lacks depth or legal analysis.
  [ID: 98d57030-3ee2-472d-a16b-52f2a4aa19db] Reasoning: This sentence discusses a legal allegation regarding the suitability of land for residential dwellings but does not provide any interpretive context or application of the term 'residential dwelling'.
  [ID: 46377f6e-bf49-486a-adc3-d4755f714ab6] Reasoning: This sentence describes a criminal act involving breaking into a residential dwelling but does not elaborate on the legal implications or definitions of 'residential dwelling'.
  [ID: 9206a09a-90e8-4778-b2ff-7d8e6adef69a] Reasoning: This sentence explains the requirements for proving first-degree burglary, specifically mentioning the occupancy of a residential dwelling, which adds context to the legal definition and application of the term.
  [ID: 484af07f-6d8f-4577-8bef-d2d339b72c76] Reasoning: This sentence contrasts a case involving a residential dwelling with another case about a stereo store, providing context for the legal interpretation of 'residential dwelling' in burglary cases.
  [ID: 8c32196d-97d6-4a61-9ed0-03a347c4c231] Reasoning: This sentence discusses the legal interpretation of occupancy in relation to first-degree burglary, providing a clear application of the term 'residential dwelling' in a legal context.
  [ID: ea540208-8581-443e-a931-7becda2a7c4b] Reasoning: This sentence describes a contractual obligation related to residential dwellings but does not provide any interpretive context or legal application of the term.
  [ID: 7389f06a-7fb9-43b5-951a-2e56ea319190] Reasoning: This sentence outlines a contractual agreement for additional residential dwellings but lacks interpretive depth regarding the term 'residential dwelling'.
  [ID: 828a7c3e-aeb8-468b-946c-db202da5ec78] Reasoning: This sentence mentions a payment for residential dwelling units but does not provide any interpretive context or application of the term.
  [ID: 1e625f05-ae11-44ca-8a2c-2148074d392b] Reasoning: This sentence discusses the timing of payment for residential dwelling units but does not add interpretive value regarding the term itself.
  [ID: ba69d4d7-c52e-4820-aa89-1ef302c04f8e] Reasoning: This sentence describes an individual standing in front of a residential dwelling but does not provide any legal context or application of the term.
  [ID: bbd32899-7bf4-4ee8-9621-c1f84d941160] Reasoning: This sentence discusses zoning decisions related to residential dwellings, providing context for how the term is applied in land use law.
  [ID: edac8c68-c470-4b55-8645-a31b676b1c62] Reasoning: This sentence states an intention to develop residential dwellings but does not provide any interpretive context or application of the term.
  [ID: 728accd1-96e4-43fc-af95-10c7d745ec79] Reasoning: This sentence references a case that required acknowledgment of a residential dwelling in a burglary context, adding some interpretive value regarding legal recognition.
  [ID: 9ad17ed8-9f18-47b2-8f68-75bc5e7685ad] Reasoning: This sentence discusses a disclosure form requirement for residential real estate, providing context for legal obligations related to residential dwellings.
  [ID: eb11a213-ea7f-47cd-9250-496a2f0d700b] Reasoning: This sentence discusses the state's ability to present evidence of burglaries of residential dwellings, providing context for legal proceedings involving the term.
  [ID: f11768cb-e828-4dcc-aa2b-dffb4d667c54] Reasoning: This sentence describes a legal complaint regarding the construction of a residential dwelling without a permit, providing context for legal compliance related to the term.
  [ID: 064b93cf-19c3-463a-a74d-933d55fe9fd6] Reasoning: This sentence states a statute's applicability to residential real estate but does not provide additional interpretive context or application of the term.
  [ID: d885a546-50c7-44bf-8d1b-7156b691d332] Reasoning: This sentence emphasizes the applicability of sales disclosure form statutes to residential real estate but does not add interpretive depth regarding the term 'residential dwelling'.
  [ID: 8daaf873-2649-4eba-bab4-c6ea8e9ed2d8] Reasoning: This sentence reiterates the applicability of a statute to residential real estate but does not provide any new interpretive context.
  [ID: 4fe59ce9-9b74-45f6-b645-bcb089f40fb3] Reasoning: This sentence simply states the year a residential dwelling was built, providing no interpretive value.
  [ID: fbde7b48-44e1-49f9-a2bb-445b59e142ba] Reasoning: This sentence discusses restrictive covenants related to residential dwellings but does not provide additional interpretive context or application of the term.
  [ID: 506a906e-df52-418f-bdd0-e3acfa80364a] Reasoning: This sentence outlines requirements for home occupations in residential dwellings, providing context for legal standards applicable to the term.
  [ID: 7afb3850-7caf-4cc5-89a3-57c40caee7db] Reasoning: This sentence states that officers did not enter any residential dwelling but does not provide any interpretive context or application of the term.
  [ID: 293b1226-ffc1-4505-9fd9-1a3a13467567] Reasoning: This sentence discusses a motion regarding the density of residential dwelling units but does not provide additional interpretive context or application of the term.
  [ID: fd4232a1-9b20-4110-b68c-29f77d8e3930] Reasoning: This sentence states a court order regarding allowable density for residential dwellings, providing some context for legal interpretations of the term.
  [ID: a7f3b162-adfc-4469-9da1-2bca83b802d7] Reasoning: Describes a contract for the construction of a residential dwelling but does not provide any interpretive context or application of the term.
  [ID: f728e056-677e-4ceb-8980-5aebb5cfad59] Reasoning: Mentions a variance related to residential dwellings but lacks depth in explaining the implications or context of the term.
  [ID: d8f2ad7c-e216-4719-b2a2-aafd0bd3e20d] Reasoning: Simply states the presence of residential dwellings in a neighborhood without any interpretive context.
  [ID: 6b8e8f91-a3e5-4ab3-b8bf-d60572c5d6ab] Reasoning: Discusses liability under Labor Law in relation to residential dwellings, providing a specific legal context that adds interpretive value.
  [ID: bdb7bba3-e13a-4e55-8863-fb12a93a5749] Reasoning: Mentions a proposed construction of a residential dwelling but does not provide any additional interpretive context.
  [ID: 4415315d-229a-43b2-9a04-c6eed2b2dcdf] Reasoning: Explains the relationship between lessees and residential dwelling units, providing context that enhances understanding of the term.
  [ID: 3ca21476-65c3-4a99-ae28-a272a0d6906a] Reasoning: Discusses the state's power to regulate residential dwellings, providing important interpretive context regarding public interest.
  [ID: 9e0af253-d048-4eef-8e7b-83bac84a9ed6] Reasoning: Describes a development project involving residential dwelling units but lacks deeper interpretive context.
  [ID: 7685f585-4929-4420-8f8b-782c3ca6cbb7] Reasoning: Mentions payment related to residential dwelling units but does not provide additional interpretive context.
  [ID: 91f4d261-a934-4ead-b251-ef71bdc616ba] Reasoning: Repeats the previous sentence with no additional interpretive value.
  [ID: f40d6f77-c6b0-4097-a911-45704f7a4f45] Reasoning: Defines 'mobile home' in relation to residential dwellings, providing a specific legal definition that adds interpretive value.
  [ID: e809ddbd-98ef-4265-80ce-bbc26bbbb349] Reasoning: Discusses verification requirements in real estate transactions involving residential dwellings, providing context that enhances understanding.
  [ID: e4db6c1f-801e-4f42-8c12-1b6918802860] Reasoning: Lists requirements for transactions involving residential dwelling units, providing specific legal context that adds interpretive value.
  [ID: 0c0b96d6-614d-4f30-891b-88777bb516e3] Reasoning: Discusses a legal case involving a residential dwelling, providing context that aids in understanding the term's application.
  [ID: 40d23624-18de-4e08-af52-397e79a2154c] Reasoning: Explains the application of a legal exemption related to residential dwellings, providing critical interpretive guidance.
  [ID: 07b48de9-e0fe-4f0f-90bb-c30c6929f5ce] Reasoning: Mentions ownership of a residential dwelling but does not provide additional interpretive context.
  [ID: 67042b1a-9ecb-4fc9-8e30-395e7e465740] Reasoning: Describes efforts to convert a building into residential dwellings but lacks deeper interpretive context.
  [ID: 73ff45df-65ed-4779-a172-531a2c665773] Reasoning: Mentions a residential dwelling in the context of a pursuit but does not provide any interpretive context.
  [ID: f1d3818c-c8de-42ee-90d7-82c9f52f2528] Reasoning: Describes an event involving a residential dwelling but lacks interpretive context.
  [ID: 5f80bf2c-dbee-4c1b-bc4d-6236a838a23c] Reasoning: Discusses the implied warranty of habitability in relation to residential developments, providing important interpretive context.
  [ID: 88152b32-8306-4c8b-a867-5d71bfa7b2f7] Reasoning: Addresses zoning ordinance provisions for residential dwellings, providing context that aids in understanding the term's application.
  [ID: 2f191670-adc1-4fd3-9aca-9fc6e995d6d9] Reasoning: Mentions pricing for residential dwellings but does not provide additional interpretive context.
  [ID: eeeda78c-9d8f-4274-a199-08ca573c7d8a] Reasoning: Defines a term related to residential dwelling units but does not provide additional interpretive context.
  [ID: 9a990264-b5d7-4042-b82f-7b0fb1fdcb5a] Reasoning: Discusses exigent circumstances in relation to residential dwellings, providing important legal context.
  [ID: 184a2a7b-a98b-4cf2-b51c-8cf860972a18] Reasoning: Discusses a legal case involving a garage and residential dwelling, providing context that aids in understanding the term's application.
  [ID: 55a6ff42-b9d0-43fd-8e65-673f2c0de0d9] Reasoning: Describes a specific residential dwelling but does not provide any legal context or interpretation related to the term.
  [ID: 5aacb81c-d04f-4fc4-90cc-ea8d9a198c99] Reasoning: Mentions the term 'residential dwelling' in a factual context but lacks any legal interpretation or application.
  [ID: 74d932f2-d57d-480a-851e-5369fc49ccb8] Reasoning: Discusses the dimensional requirements for constructing a residential dwelling, indicating a legal application but lacks depth in interpretation.
  [ID: 25e78961-527d-4c43-85ce-80e7642cffb0] Reasoning: Mentions a residential dwelling in relation to surrounding commercial uses but does not provide legal context or implications.
  [ID: 41be8b11-bc6a-4a7c-816b-498662c68624] Reasoning: Cites a legal principle regarding warrantless entry related to residential dwellings, providing some interpretive context.
  [ID: 67b5a66d-bfee-4405-ac31-1a389c77291e] Reasoning: Compares different types of residents in a residential dwelling, highlighting legal distinctions that could affect interpretation.
  [ID: af1a53fb-774a-4694-98c8-5ae647d58b9e] Reasoning: Discusses the interpretation of a covenant regarding residential dwellings, providing legal context and implications.
  [ID: 1a4d00c9-6928-4d5c-b50c-133c594b8b17] Reasoning: Analyzes the nature of an agreement related to a residential dwelling, providing insight into legal interpretations of such transactions.
  [ID: 916e187a-0987-4fc1-94c5-4e47c0875e89] Reasoning: Describes a warrant obtained to search a residential dwelling, indicating legal procedures but lacking deeper interpretive context.
  [ID: 3c2f4788-18ac-4e40-97a7-9e812087cdd3] Reasoning: Cites a statute regarding landlord rights related to residential dwellings, providing legal context and implications.
  [ID: 6f1aca6f-f1e3-4c82-9ca0-88110d8590b1] Reasoning: Mentions zoning regulations for residential dwellings, indicating legal implications but lacking depth in interpretation.
  [ID: a641064d-8288-4deb-87ee-35288ccb1350] Reasoning: Describes a property with a residential dwelling in a commercial district, but lacks legal context or implications.
  [ID: 63e25407-d5b3-4c26-a391-85144d54eb11] Reasoning: Discusses tax implications on the construction of residential dwellings, providing legal context and implications.
  [ID: 38c4ebe1-e6e0-4790-ae4d-261d22ae51a1] Reasoning: Mentions legislation prohibiting certain taxes on residential dwellings, providing legal context and implications.
  [ID: cdb2388e-e0de-439a-8b58-25e824b93f70] Reasoning: Describes ownership of a residential dwelling but lacks legal context or implications.
  [ID: 82fee8bc-8d3d-49de-b958-7b77f34bdf1b] Reasoning: Outlines elements of a fraudulent concealment claim related to a residential dwelling, providing legal context and implications.
  [ID: d8db63d0-4cef-4dde-b7f9-0aa67bbe0238] Reasoning: Discusses mortgage payments related to a marital residential dwelling, providing legal context but lacking depth in interpretation.
  [ID: 2b46d0ab-e535-4b00-a059-48b815528021] Reasoning: Describes the triggering event for a fee related to residential dwelling units, providing legal context and implications.
  [ID: db5c0e63-fd3f-43e0-a966-06883baa507d] Reasoning: Discusses the constitutionality of a residential dwelling unit fee, providing legal context and implications.
  [ID: c70c43df-741b-4f5f-94ff-38f9c8563c2e] Reasoning: Mentions municipal code provisions regarding residential dwelling units, providing legal context and implications.
  [ID: e92d0783-3c50-4a7b-8c6b-2c008fc1364e] Reasoning: Analyzes the purpose of an ordinance related to residential dwelling units, providing legal context and implications.
  [ID: a7391c94-d6a7-43ea-8883-4e219c860cb3] Reasoning: Affirms the authority to impose a fee on residential dwelling units, providing legal context and implications.
  [ID: a404df86-b285-42fa-a234-6db6179dcaec] Reasoning: Clarifies the nature of a fee related to residential dwelling units, providing legal context and implications.
  [ID: 17a25e41-04b4-4393-a653-6a3f9c9aae59] Reasoning: Mentions permitted uses in a district related to residential dwellings, providing legal context but lacking depth in interpretation.
  [ID: 2ef2ca62-2687-4c1a-aa67-3134e8ee84ff] Reasoning: Discusses zoning of residential dwelling parcels, providing legal context and implications.
  [ID: d62f8619-38d4-48b2-a027-2adc65ffba40] Reasoning: This sentence describes the use of a driveway for a residential dwelling but does not provide any new interpretive context or application of the term 'residential dwelling'.
  [ID: c8ed6008-4434-4cb7-b22d-0ea341124332] Reasoning: This sentence quotes a county code provision regarding private roads in residential developments, but it does not add interpretive value beyond the statutory text.
  [ID: fd12faae-9b31-47b3-944a-e3cbfe5fa105] Reasoning: This sentence discusses a legal contention regarding the expansion of law enforcement authority based on the definition of 'highways' in relation to residential dwellings, providing some context but still closely tied to statutory language.
  [ID: f9f952ed-2db1-4617-8e81-f85e9a4171b7] Reasoning: This sentence provides a definition of 'residential dwelling unit', which adds clarity to the term but is still somewhat redundant as it closely mirrors statutory language.
  [ID: 2b75cade-adb7-4fc3-a779-20a5571c2a69] Reasoning: This sentence clarifies that a 'residential dwelling unit' is not equivalent to a 'lot', which adds some interpretive value by distinguishing between terms.
  [ID: 48fe9592-a65e-4d20-82c7-a603bd680e85] Reasoning: This sentence discusses ordinances prohibiting parking in residential developments, providing context for the application of the term 'residential development' but still closely tied to statutory language.
  [ID: 4d4ee011-96a7-4f26-857d-0b3dcbb4663b] Reasoning: This sentence discusses an appeal regarding the definition of 'public highway' and its implications for residential developments, providing some context but still closely tied to statutory language.
  [ID: 9869d7a1-ee80-4f7c-ad37-b44d262b754c] Reasoning: This sentence discusses the interpretation of 'lots' in relation to 'residential dwelling units', which adds some interpretive context but is still closely tied to statutory language.
  [ID: 9cdd4484-f31c-4b91-b461-d9213c0c6da3] Reasoning: This sentence discusses the qualification of a parking lot in relation to residential developments, providing context but still closely tied to statutory language.
  [ID: cd0d4723-32fd-4e77-8e6b-27fdfab1c93f] Reasoning: This sentence discusses the definition of 'highway' in relation to residential developments, providing context but still closely tied to statutory language.
  [ID: 6e4c5d6f-3413-488d-93d6-75a1e2371ca4] Reasoning: This sentence states a restriction on lot use for single-family residential dwellings, which is a straightforward application of zoning but does not add interpretive depth.
  [ID: a55e49a4-76cd-489a-b827-7fcd5d505159] Reasoning: This sentence discusses the developer's duty regarding subdivided lots for residential dwellings, providing context but still closely tied to statutory language.
  [ID: 2ec64d77-7e72-4ff4-8146-b8509da66a64] Reasoning: This sentence states that construction of a residential dwelling began after receiving a loan, which is a factual statement with minimal interpretive value.
  [ID: cc307207-1f82-4f8c-9f72-ba5778d1c18c] Reasoning: This sentence refers to a requirement for notice regarding a residential dwelling unit, which is a straightforward application of statutory language.
  [ID: c283fcd9-4042-4318-b0d8-975227a775e8] Reasoning: This sentence discusses the requirements for claiming a lien on a residential dwelling unit, which is a straightforward application of statutory language.
  [ID: d740106e-4818-45a9-af5c-4eaaf9450b7c] Reasoning: This sentence states that a dwelling unit is as contemplated by a specific code, which is a straightforward application of statutory language.
  [ID: 3fd6f7ac-2735-45af-8b1f-cb19ad062ee0] Reasoning: This sentence describes a lien claim related to the construction of a residential dwelling, which is a factual statement with minimal interpretive value.
  [ID: c674e8ec-6a1c-4530-ab01-c6239817e003] Reasoning: This sentence discusses the valuation of property including former residential dwellings, which is a factual statement with minimal interpretive value.
  [ID: ba77fc11-f24b-4808-9513-6635f776e24a] Reasoning: This sentence poses a question regarding the trial court's consideration of testimony about former residential dwellings, which does not add interpretive value.
  [ID: 4f55129d-cd74-41b4-a087-595e18b91277] Reasoning: This sentence describes zoning regulations for residential dwellings, which is a straightforward application of statutory language.
  [ID: 0c97617a-f0c7-44c6-834a-c10aa540e10e] Reasoning: This sentence discusses minimum standards for occupancy in residential dwellings, which provides some context but is still closely tied to statutory language.
  [ID: 3b6ca03a-df03-42ff-ac0d-1cb555e00c3b] Reasoning: This sentence describes a variance application for a photographic studio on a lot with a residential dwelling, which is a factual statement with minimal interpretive value.
  [ID: faccb440-416f-4511-8b27-13e063ea53ce] Reasoning: This sentence discusses the rental inspection district and its relation to residential rental dwelling units, providing context but still closely tied to statutory language.
  [ID: 757be8ea-11d6-48ea-b568-9ed21a40a843] Reasoning: This sentence reiterates the need for inspections in residential rental dwelling units, which is a straightforward application of statutory language.
  [ID: b1abfe87-f8bb-48e7-b08d-1b7666363938] Reasoning: This sentence discusses the requirements for a finding regarding residential rental dwelling units, which is a straightforward application of statutory language.
  [ID: d0b76731-65f0-4cb8-96b7-33dd795bd548] Reasoning: Describes zoning regulations allowing residential dwellings but does not provide interpretive context or application of the term.
  [ID: 460c6470-dd20-468e-aee7-e519e345fc80] Reasoning: Mentions a residential dwelling in the context of a real estate transaction but lacks depth or interpretive analysis.
  [ID: 750c4006-0a75-41c7-9652-a45edb3b879b] Reasoning: Discusses a legal case involving the transformation of a barn into a residential dwelling, providing context on zoning and nonconforming uses.
  [ID: c5ab490a-5762-48ac-8223-bf91aeda14ed] Reasoning: Mentions leasing agreements for residential dwelling units but does not elaborate on legal implications or context.
  [ID: 59520fd8-9f6d-4b7c-89dd-2df36aa85629] Reasoning: Quoting a court decision regarding holdover tenants in residential dwellings, but primarily repeats statutory text without adding interpretive value.
  [ID: 56966e3f-0847-4ba0-9747-18672d719eb5] Reasoning: Describes an individual exiting a residential dwelling but does not provide any legal context or interpretation.
  [ID: c214b4cb-1966-4005-8dc3-8033b513642f] Reasoning: Discusses a garbage collection ordinance that applies to residential dwellings, providing context on municipal services.
  [ID: e528751b-4331-4b30-a84e-3826e302604e] Reasoning: Observes that the type of solid waste generated by residential dwellings is the same, but lacks deeper legal analysis.
  [ID: c750515a-42f8-4070-9b52-da0627a2ed04] Reasoning: Comments on the rational basis for garbage collection services to residential dwellings, hinting at equal treatment under the law.
  [ID: bdeb73fa-5abc-413f-ba5e-da2ce4ff8158] Reasoning: Cites a case regarding garbage collection services to residential dwellings, providing context on legal standards for equal treatment.
  [ID: 8cf859b2-fb78-4ca1-9578-29e69e5d657e] Reasoning: Discusses the rationale for differentiating between apartment units and other residential dwellings, hinting at legal implications.
  [ID: 35b18746-8b1c-4d59-9f1b-5c1ca47f2b62] Reasoning: Cites multiple cases regarding the use of residential dwellings for religious gatherings, providing significant interpretive context.
  [ID: 43b06125-b11c-4ee6-aff3-d1405881ff62] Reasoning: States that an individual is an expert in the construction of residential dwellings, but lacks context or application.
  [ID: b23da0ce-4bb6-4600-b807-6ea1c7d5f1b9] Reasoning: Mentions a court ruling on an expert in residential dwellings but does not provide further interpretive context.
  [ID: a420fa3a-fde3-483f-befb-c1f5d600e0e3] Reasoning: Lists permitted uses in a zoning district including residential dwellings, but does not provide deeper legal analysis.
  [ID: fcce36ab-dff2-4a9b-affb-0967a0400cc4] Reasoning: Describes an action for damages related to a residential dwelling but lacks interpretive context.
  [ID: fa874bfc-bb17-47b3-acc6-8e1c7d4a4cd0] Reasoning: Discusses an implied exclusion for coverage related to a residential dwelling but lacks further context or application.
  [ID: f1a44b12-6ded-49f1-86d2-3aa609ecd8a6] Reasoning: States that residential dwellings are bounded by nonresidential uses but does not provide deeper legal implications.
  [ID: f59dcbd1-bf5f-427a-8ce7-e8e0bf41d8db] Reasoning: Describes a tax exemption for newly-constructed residential dwellings but lacks interpretive depth.
  [ID: 445dfb0a-f947-4a27-a940-35a34deceaf6] Reasoning: States ownership and occupancy of a residential dwelling but does not provide further legal context.
  [ID: 09d2b71c-5dca-4aed-a099-2d0a4d27966f] Reasoning: Discusses a municipality's ability to restrict activities in a residential dwelling, raising important legal questions.
  [ID: eed5b298-a7af-48d3-bba9-390dd836fa4f] Reasoning: Mentions the sale of residential dwellings in the context of an ordinance but lacks deeper legal analysis.
  [ID: 6b8e3a0a-ec42-45b0-b534-024937dc5d70] Reasoning: States a legal standard for searches of residential dwellings but does not provide further context or application.
  [ID: c70be9cb-6de7-45cb-8e8b-003f116c216e] Reasoning: Mentions intent to build residential dwellings but lacks context or legal implications.
  [ID: 703f768d-06ac-495a-8579-1ac8986e2a27] Reasoning: Describes an incident involving a residential dwelling but does not provide legal context or implications.
  [ID: 4362765a-7293-4e47-a424-b8fba7fb89a6] Reasoning: Discusses zoning classifications but does not provide any interpretive context regarding 'residential dwelling' as defined in the statute.
  [ID: 47f9990a-6a92-4bdf-ac18-de08bce69d8a] Reasoning: Mentions residential dwellings in the context of fire hazards but does not clarify or interpret the term in relation to the statute.
  [ID: 094db0fd-204a-4407-a894-de35396bd44b] Reasoning: Describes a warrant related to single-family dwellings but does not provide any interpretive context for 'residential dwelling'.
  [ID: 45b02005-383e-46e6-830e-48fa89e70a6d] Reasoning: States a legal requirement regarding utility service termination for residential dwellings but lacks interpretive depth.
  [ID: 32ca239c-2b54-4e94-8329-b4e3aea9a33a] Reasoning: Mentions obligations related to residential dwelling units but does not clarify or interpret the term in relation to the statute.
  [ID: 83ac8d67-4489-4aba-a64d-0e43972707d7] Reasoning: Discusses insurance coverage for residential dwellings but does not provide interpretive context regarding the term itself.
  [ID: 64873d94-14a6-44d1-be2b-4ebe8c1e9cc4] Reasoning: Mentions zoning regulations for residential dwellings but does not provide any interpretive context regarding the term.
  [ID: 0690f40f-4502-4ad7-803c-437906845b5] Reasoning: Describes an agreement related to residential dwellings but lacks interpretive context regarding the term.
  [ID: 059365c7-5d8d-449e-b261-208e441ea02b] Reasoning: Simply states the location of a residential dwelling without any interpretive context.
  [ID: 5d6b64db-18c4-4c97-aab3-19f028979fd6] Reasoning: Cites a statute regarding water softening appliances in residential dwellings but does not provide interpretive context.
  [ID: 782fd43c-6bfe-4d23-a5cf-29a39f20bfe4] Reasoning: Mentions residential dwellings in the context of a class action but does not clarify or interpret the term.
  [ID: 52474dde-3970-4676-b216-f0f09e29d3ca] Reasoning: Describes a joint venture to construct residential dwellings but lacks interpretive context regarding the term.
  [ID: 0acf16e5-45c1-44d0-a62e-bc9d9e92781d] Reasoning: Discusses tenant rights regarding repairs in residential dwellings but does not clarify or interpret the term.
  [ID: 67c4f75c-4a35-4fe9-84ab-068c46d29b12] Reasoning: Mentions implied warranties for new residential dwellings but does not provide interpretive context regarding the term.
  [ID: d80c88ae-5880-43cf-a2ea-aec659ba85c1] Reasoning: Describes a mortgage loan related to residential dwellings but lacks interpretive context regarding the term.
  [ID: 0528b3e6-ea7f-4ab7-9a33-0b5d02b89ff7] Reasoning: Discusses building permits in relation to residential dwellings but does not provide interpretive context regarding the term.
  [ID: 9c5d8a2d-5111-4dd9-a429-62bd16cffdc0] Reasoning: Mentions a tax on rented multifamily residential dwellings but does not clarify or interpret the term.
  [ID: 89cde26c-623c-418a-8e06-e35027a0cb59] Reasoning: Discusses tenant responsibility for tax on residential dwellings but lacks interpretive context regarding the term.
  [ID: 4dbdb3ad-5624-4fe9-9d62-1a1d5a4cf0cf] Reasoning: Cites a case regarding tax on residential dwellings but does not provide interpretive context regarding the term.
  [ID: 80e3f0a4-6678-49b7-b379-b73d5b06880c] Reasoning: Discusses rights associated with residential dwellings but does not clarify or interpret the term.
  [ID: 5efd6022-2e26-44fa-83ab-932c80bf85d7] Reasoning: Mentions a special tax related to residential dwelling units but does not provide interpretive context regarding the term.
  [ID: 3dbb6aac-210b-4645-b80a-153246cf6ec6] Reasoning: Cites a procedural aspect of a judgment related to residential dwellings but lacks interpretive context regarding the term.
  [ID: 72f426d8-6175-4347-ab5e-4222e3de75ba] Reasoning: Mentions ownership of a residential dwelling but does not provide interpretive context regarding the term.
  [ID: 6e1c0699-3938-4e2b-abc6-da83f5c40b36] Reasoning: Duplicate of a previous sentence regarding a mortgage loan related to residential dwellings, providing no new information.
  [ID: b4e38577-c70d-48f4-89a1-d62f423a218e] Reasoning: Mentions exceptions for projects involving residential dwellings but does not provide interpretive context regarding the term.
  [ID: 16d26407-d491-4d67-874c-af58b909db9d] Reasoning: This sentence states that a beach house cannot be used as a principal residential dwelling, but it does not provide any interpretive context or application of the term 'residential dwelling'.
  [ID: a0bf5647-d81d-41cd-bd52-0f81364dd536] Reasoning: This sentence discusses the placement of residential dwellings in relation to parking and commercial structures, providing context on zoning and planning considerations, which adds some interpretive value.
  [ID: c8cc4fa3-6168-4e21-8598-b482048d2714] Reasoning: This sentence references a statute that allows for the installation of residential dwellings in a farm use zone, providing specific legal context and restrictions, which adds interpretive value.
  [ID: 64633e99-27ea-40a1-bdd2-d6b52b2a18bc] Reasoning: This sentence discusses a court's prayer to modify building restrictions for residential dwellings, providing context on legal proceedings related to residential properties, which adds some interpretive value.
  [ID: 441b4cc9-041b-428a-9813-65f71bef304c] Reasoning: This sentence describes the residential character of an area, but it does not provide any new interpretive context or application of the term 'residential dwelling'.
  [ID: fc7e1311-cae9-43d5-8ce8-6a44869fd565] Reasoning: This sentence lists various statutes requiring carbon monoxide detectors in residential dwellings, providing practical applications of safety regulations, which adds interpretive value.
  [ID: 5b29792e-1615-471f-b805-39af5a166a49] Reasoning: This sentence notes the presence of residential dwellings around a property but does not provide any interpretive context or application of the term 'residential dwelling'.
  [ID: 23eb9896-19c5-45e7-a0ca-e1b12bf2b22a] Reasoning: This sentence discusses the purpose of an ordinance related to residential dwellings and environmental issues, providing context that helps understand the implications of residential zoning.
  [ID: 2e7230d0-afce-4e16-ba36-fc5427a1c1ae] Reasoning: This sentence discusses restrictions indicating that a subdivision is limited to residential dwellings, but it does not provide significant interpretive context or application.
  [ID: 01fc8f97-b1ca-4b43-8643-ddd8edb24e4a] Reasoning: This sentence discusses the impact of an ordinance on property values for residential purposes, providing context on legal challenges related to residential zoning.
  [ID: 246d8bfa-f421-43d2-8d59-59dbb42058b9] Reasoning: This sentence refers to a measure allowing a specified number of residential dwellings, providing context on legal entitlements related to property development.
  [ID: a989c7b6-db29-4371-acee-80539989adbb] Reasoning: This sentence states a contract for the construction of a residential dwelling but does not provide any interpretive context or application of the term 'residential dwelling'.
  [ID: 6e7fe5c8-110d-4618-981c-dcd259acd062] Reasoning: This sentence discusses zoning limitations on residential dwellings, providing context on land use regulations, which adds interpretive value.
  [ID: 183c28ec-97f3-465a-b57c-dd6b8b4c6016] Reasoning: This sentence discusses the issuance of a building permit for a residential dwelling based on agricultural use, providing context on land use regulations.
  [ID: 73638dc4-1ac1-45b5-952d-467dbbf87894] Reasoning: This sentence discusses a preliminary injunction related to rental permits for residential dwellings, providing context on legal requirements for residential properties.
  [ID: 0ccb5417-8ec9-4bee-a5b4-b55ab203acbe] Reasoning: This sentence states that there is no vested right to establish residential dwellings, but it does not provide any interpretive context or application of the term 'residential dwelling'.
  [ID: 18dd2d77-a218-4d57-a49f-7af3de29cb19] Reasoning: This sentence discusses the board's reasoning regarding the establishment of residential dwellings, providing context on project cost estimations, which adds interpretive value.
  [ID: 8073f4d2-27ae-43ea-aa7f-a5fbc81f60bf] Reasoning: This sentence discusses the estimated costs to develop property with residential dwellings, providing context on financial considerations in residential development.
  [ID: c752c247-e1f3-4378-8b85-91f504f02e69] Reasoning: This sentence states that there is a vested right to establish residential dwellings, but it does not provide any interpretive context or application of the term 'residential dwelling'.
  [ID: 5433f06f-3051-49ec-8958-aa6e5fe86e74] Reasoning: This sentence discusses the use of Measure 37 waivers for constructing residential dwellings, providing context on legal entitlements related to property development.
  [ID: 2a58b3b2-0c39-4bfd-bd67-84de832b4658] Reasoning: This sentence discusses an implied warranty of fitness for a new residential dwelling, providing context on legal protections for buyers, which adds interpretive value.
  [ID: 79ba0520-fa3c-4a57-b445-333d317f8dab] Reasoning: This sentence discusses visibility issues related to a residential dwelling, but it does not provide any interpretive context or application of the term 'residential dwelling'.
  [ID: 3d65f1ca-c713-4691-8c2b-66a474651978] Reasoning: This sentence discusses a restrictive covenant related to constructing residential dwellings, providing context on legal interpretations of property use, which adds interpretive value.
  [ID: 7d28f018-9511-4ab3-89db-313a7aed1852] Reasoning: This sentence discusses a county ordinance allowing residential dwellings in agricultural zones, providing context on land use regulations, which adds interpretive value.
  [ID: 344fd34c-1fee-48b3-8c22-22ee24c669d9] Reasoning: This sentence discusses the construction of upscale residential dwellings in a deteriorated area, providing context on urban development and revitalization efforts, which adds interpretive value.
  [ID: dc5a0115-0d94-47dd-bfbb-d6ad7e350aef] Reasoning: Describes a specific instance of building a single-family residential dwelling but does not provide any interpretive context or application of the term.
  [ID: bffdea27-e08b-41af-87ac-23fd5525c617] Reasoning: Mentions a three-family residential dwelling in a factual context but lacks interpretive depth or legal analysis.
  [ID: 8528ea76-d72a-4d3d-99e7-1ba50bcb0ec5] Reasoning: Discusses the Fourth Amendment's application to searches of residential dwellings, providing a legal context that enhances understanding of the term.
  [ID: 3c2e8fa4-ff2d-4e02-98b0-af051816a9dc] Reasoning: States that burglary cannot be charged when it occurs in a residential dwelling, indicating a legal limitation that clarifies the term's application.
  [ID: abe63205-96b6-4440-918b-b0eb041cebf8] Reasoning: Mentions residential dwellings in the context of police pursuit but does not provide significant interpretive value regarding the term.
  [ID: b40a9b8c-3cc1-4299-8894-5d2a496b8dc7] Reasoning: Discusses the maximum number of permits related to residential dwelling units, providing context on zoning and development regulations.
  [ID: db45b06e-dc52-47c1-b6cf-3bf1f72d6994] Reasoning: Defines a new application for detached dwellings in residential districts, which adds clarity to the term's scope.
  [ID: 490785f3-fadc-4faa-ac13-84976113b795] Reasoning: States a limitation on the number of residential dwellings that can be constructed, indicating regulatory implications.
  [ID: 1663bdb3-f9f3-4ba1-9a15-886342b93bd8] Reasoning: Direct quote of a statute regarding single-family dwellings. No interpretive value beyond the statute itself.
  [ID: a7ab6d1a-e970-4d8c-a4d8-07f20adfbb21] Reasoning: Discusses liability under Labor Law for owners of residential dwellings, providing a legal context that enhances understanding of responsibilities.
  [ID: fc5f1c3b-7dd3-4002-890b-10a9ff2c96d3] Reasoning: Describes the use of photographs to demonstrate architectural appeal violations related to residential dwellings, providing context for regulatory compliance.
  [ID: 0ff9bf3c-f936-44f7-b015-f58e52a5bd20] Reasoning: Details a contractual dispute over building a residential dwelling, but lacks broader interpretive context.
  [ID: bac436bd-f349-4dc7-811a-bb86b21bd28f] Reasoning: Similar to the previous sentence, it discusses a contract for building a residential dwelling without adding interpretive value.
  [ID: 27597726-a196-43d0-91ef-eb06648ef1b2] Reasoning: Mentions a theft from a residential dwelling but does not provide any interpretive context or application of the term.
  [ID: e6f3748d-827d-469c-8ac3-e7ab2d12ff69] Reasoning: Describes a two-family residential dwelling but lacks interpretive depth or legal analysis.
  [ID: 148d239e-7051-4283-9457-678ab979e15a] Reasoning: Discusses a court invalidating minimum floor area requirements for residential dwellings, providing important interpretive context regarding legal standards.
  [ID: 8f8694b3-e9f9-48d5-9464-9bd1edaebc38] Reasoning: Explains legislative intent regarding the 'owner-occupied premises' exception, which clarifies the application of the term residential dwellings.
  [ID: 1ac90e65-d35e-4dc6-8d6e-8c9fdb156710] Reasoning: Describes the legal duty of landlords regarding residential dwellings, providing context on compliance with housing codes.
  [ID: 250f13a6-9fdd-4d5b-81c0-c660f1a82e2e] Reasoning: Discusses landlord obligations under the State Sanitary Code related to residential dwelling units, providing important regulatory context.
  [ID: cb20b604-04d6-4e16-abe4-39cd387cb01e] Reasoning: Mentions an apartment in a building with multiple residential dwelling units but lacks interpretive depth or legal analysis.
  [ID: 45b1eec3-405d-41df-9030-2a334bfe2d28] Reasoning: Discusses legislation limiting accessory apartments to single-family residential dwellings, providing context on zoning regulations.
  [ID: 4e0f16d2-eb7b-4e74-8c34-595f228d4f02] Reasoning: Describes an inspection related to occupancy of residential dwellings, providing context on regulatory compliance.
  [ID: d8ce1c28-bb18-492c-939e-39b9099f58cb] Reasoning: States a constitutional principle regarding searches of residential dwellings, providing important legal context.
  [ID: fbd4b6a6-3644-4ab6-9857-e419bdf861ee] Reasoning: Discusses the use of a residential dwelling upon receiving a certificate of compliance, providing context on regulatory requirements.
  [ID: d42af87f-6108-4f2d-b29f-78c748ececef] Reasoning: Mentions restrictions on constructing residential dwellings, indicating regulatory implications but lacking depth.
  [ID: 9cadb369-51b3-42c6-b3f7-86a8237fe8c2] Reasoning: This sentence provides a definition of who qualifies as a residential employee but does not add any new interpretive context or application beyond the statutory text.
  [ID: 58a9a508-1ab3-433b-b2f8-5dcc291c1e9e] Reasoning: This sentence mentions the number of residential dwellings in a proposed development but does not provide any interpretive context or legal application.
  [ID: 5b600fe5-955b-4e9a-a1df-0430424af194] Reasoning: This sentence describes a criminal act involving a residential dwelling but does not provide any legal interpretation or context regarding the term 'residential dwelling'.
  [ID: 36044873-5f3b-439f-abfa-8d335c8721ab] Reasoning: This sentence simply states the presence of a residential dwelling on a lot without any interpretive context or legal significance.
  [ID: 95cdd30e-310b-4ecb-afd7-30a7e9652b6a] Reasoning: This sentence defines residential employees but does not provide any new interpretive context or application beyond the statutory text.
  [ID: 434be955-e2af-4bb7-9410-a439889db88a] Reasoning: This sentence discusses legislative intent and definitions related to residential employees but does not clarify the term 'residential dwelling' itself.
  [ID: 5182ab54-98f2-4126-8654-047d863baba3] Reasoning: This sentence is a direct quote of the statute defining 'employee' in relation to residential dwellings, providing no new interpretive value.
  [ID: 65755c0f-bdbc-4fc9-9866-c65962acc669] Reasoning: This sentence references a case that limited the implied warranty to leases of residential dwellings but does not provide further context or application.
  [ID: 2ef04d44-5a9d-4cd2-a479-8b594eefba86] Reasoning: This sentence mentions ownership of a residential dwelling but does not provide any interpretive context or legal application.
  [ID: a0e741fb-f7b8-4eba-987c-981c92458ab8] Reasoning: This sentence states an interest in buying a residential dwelling but lacks any legal context or interpretive depth.
  [ID: a337849c-fa20-4cb3-b4f7-5b6034230117] Reasoning: This sentence discusses a proposed development's inconsistency with a plan but does not provide interpretive context for 'residential dwelling'.
  [ID: de12af71-70ed-474f-8ca4-43eb0fefd666] Reasoning: This sentence outlines construction allowances in a coastal area but does not clarify the term 'residential dwelling' itself.
  [ID: e05188cf-3eba-4f41-8bfe-f63a04eb3aea] Reasoning: This sentence discusses feasibility of construction due to city code but does not provide interpretive context for 'residential dwelling'.
  [ID: 613a2425-4625-42bc-b42c-332c62e6d1cd] Reasoning: Similar to the previous sentence, this discusses construction feasibility without adding interpretive value regarding 'residential dwelling'.
  [ID: 7041c6ef-7480-4de7-9cc1-5252648704c6] Reasoning: This sentence discusses land use restrictions but does not provide any interpretive context for 'residential dwelling'.
  [ID: 36c4f94f-f40a-4af2-b752-8ba5e9c1a509] Reasoning: This sentence discusses court considerations regarding business activities in residential dwellings but does not clarify the term itself.
  [ID: 26125027-c579-4b0a-aa51-f0f4eddbb5fb] Reasoning: This sentence discusses tax rates on residential dwellings but does not provide any interpretive context or application.
  [ID: 5425e64f-607f-457b-b7e2-5177e7822a31] Reasoning: This sentence discusses appraisal requirements for agricultural land and residential dwellings but lacks interpretive context for 'residential dwelling'.
  [ID: 8cab8e9b-f726-4ac3-bbe8-656f41c9e72a] Reasoning: This sentence is a direct quote of the statute defining 'employee' in relation to residential dwellings, providing no new interpretive value.
  [ID: b915d92a-a69b-438c-90de-06adc26d7aad] Reasoning: This sentence mentions a residential dwelling unit building permit allocation system but does not provide any interpretive context for 'residential dwelling'.
  [ID: 232a15c6-fed2-4906-8e32-06c8fc1d767b] Reasoning: This sentence discusses zoning and development potential for residential dwelling lots but does not clarify the term itself.
  [ID: a926cb40-f623-44fd-bde0-4a0cbaa33557] Reasoning: This sentence discusses a property owner's intent to subdivide for residential dwelling construction but lacks interpretive context.
  [ID: d277df52-3391-4dae-bb4e-dd9abc735d04] Reasoning: This sentence states that the plan to use property for residential dwelling construction does not prevent eminent domain but lacks interpretive depth.
  [ID: 024f2fdd-49ea-498f-a8ca-a58c2e1c54d8] Reasoning: This sentence discusses expectations of privacy around residential dwellings but does not clarify the term itself.
  [ID: dde8aa18-78ba-45b1-a997-490280b0b0f5] Reasoning: This sentence states that a definition is restricted to residential dwellings but does not provide further context or application.
  [ID: 078f58c7-4c8a-4c7b-a6aa-c80358260154] Reasoning: This sentence provides a factual statement about a defendant purchasing a residential dwelling but does not add any interpretive context or application of the term.
  [ID: 5af2c612-5c35-4741-90e2-67bf9a9cf16a] Reasoning: This sentence mentions a covenant limiting lots to one residential dwelling but does not provide further interpretive context or implications of this limitation.
  [ID: 7fddad8d-3d5b-40d1-b5c9-2f833c55991d] Reasoning: This sentence describes a property that includes a residential dwelling but does not elaborate on its legal implications or context.
  [ID: e51b911e-827d-47e1-b627-6d18a20cf2df] Reasoning: This sentence discusses legal obligations related to a residential dwelling but does not clarify the term's application or context beyond the statute.
  [ID: 0d7190c5-b73e-4fb4-b5bd-4b550661ac03] Reasoning: This sentence states the presence of single-family residential dwellings around a proposed group home but lacks interpretive depth.
  [ID: b5fa1972-3923-4e32-b4cb-7f8133a0980f] Reasoning: This sentence includes a definition of 'special fuel' and its relation to residential dwellings but does not clarify the term 'residential dwelling' itself.
  [ID: 1bec38d3-4fa1-4c13-acc9-d332e0c7c9d9] Reasoning: This sentence mentions various properties including residential dwellings but does not provide any legal context or implications.
  [ID: a1e6ecab-327e-48d1-8bf2-0b4d904646ba] Reasoning: This sentence describes the location of residential dwellings but does not provide any interpretive context or implications.
  [ID: fb39a431-86fd-4459-9149-a7299e24d3fa] Reasoning: This sentence states that a residential dwelling exists on a property but does not elaborate on its legal implications.
  [ID: dadd5e44-03d4-45b8-8c11-f27e43b93411] Reasoning: This sentence discusses private tennis courts as a recreational use within a residential dwelling but does not clarify the term's broader implications.
  [ID: bb3b682a-d322-41bd-a80e-03bb12bd0b6f] Reasoning: This sentence states that there are no residential dwellings on a property but does not provide any interpretive context.
  [ID: 3f504534-5e6c-4cc3-aa5a-c5011c8aa956] Reasoning: This sentence discusses a mechanic's lien related to a residential dwelling but does not provide further interpretive context.
  [ID: 88571959-e32d-4c63-8fdc-58e83343edb6] Reasoning: This sentence defines 'landlord' in relation to a residential dwelling unit but does not clarify the term's broader implications.
  [ID: d78fc44f-f615-411c-a098-9e7006c7a6f3] Reasoning: This sentence discusses an application for an exception related to residential dwelling units but does not clarify the term's broader implications.
  [ID: 02c65078-88a3-4476-a71a-1b2b6e43b137] Reasoning: This sentence discusses a resolution forbidding the sale of beer near a residential dwelling but does not provide further interpretive context.
  [ID: 96ab77dd-2275-4f1f-b230-3d246ae45cec] Reasoning: This sentence states that a beer board denied an application based on proximity to a residential dwelling but does not provide further interpretive context.
  [ID: 43549df2-280b-461b-af59-f0d6fb170c27] Reasoning: This sentence discusses a resolution allowing counties to forbid beer sales near residential dwellings but does not provide further interpretive context.
  [ID: 6d333a85-062e-4917-8cc5-3c1516e4538f] Reasoning: This sentence states that a defendant is engaged in constructing new residential dwellings but does not provide further interpretive context.
  [ID: 367162da-c05d-45f7-aa1c-b9a3e24cbc10] Reasoning: This sentence discusses a conflict with a statute exempting residential dwellings from taxation but does not clarify the term's broader implications.
  [ID: d206500a-bc37-4fb0-acb8-296638a62c10] Reasoning: This sentence states that taxation of residential dwellings is prohibited but does not provide further interpretive context.
  [ID: 8a9858fc-53a4-41c6-961e-1c73eda53e8f] Reasoning: This sentence discusses a defendant's argument regarding tax exemption for residential dwellings but does not clarify the term's broader implications.
  [ID: 90d16c77-549a-412f-ab31-2ea73fe18b7b] Reasoning: This sentence quotes a provision regarding taxation of residential dwellings but does not provide any interpretive context.
  [ID: dae41b6a-9e18-4854-9808-212fb409b0e3] Reasoning: This sentence lists allowable uses within a district including residential dwellings but does not provide further interpretive context.
  [ID: f2609d3b-1f7a-4a4e-a56d-94397ac3e067] Reasoning: This sentence describes the boundaries of a property near residential dwellings but does not provide any interpretive context.
  [ID: 3218750e-4fe1-48ba-a19a-3bb459448c4a] Reasoning: This sentence mentions a flag within the residential dwelling of the defendant but does not provide any interpretive context.
  [ID: 67257514-185b-4af1-9270-91ba758d7077] Reasoning: This sentence references section 5 of a measure but does not provide any new information or context regarding 'residential dwellings' beyond what is stated in the statute.
  [ID: 2a53bed6-45f6-4c10-8259-2f29650db9d5] Reasoning: This sentence explains how Measure 49 allows property owners to develop a specified number of residential dwellings, providing context on the application of the term.
  [ID: 02f50ac0-e96d-4799-bbe0-e188e1a5d9f1] Reasoning: This sentence discusses the implications of obtaining Measure 37 waivers for subdividing property and constructing residential dwellings, adding interpretive context.
  [ID: d2224d93-46e7-4f07-a167-80c33913de2e] Reasoning: This sentence states that an owner may use a residential dwelling as a residence upon receiving a certificate of compliance, but it lacks deeper interpretive value.
  [ID: 7cbb1619-1073-4464-8379-946176f9f78d] Reasoning: This sentence discusses the plaintiff's claim for garbage collection services for residential dwellings, providing context on equal treatment under the law.
  [ID: 2650ed61-33cc-4ed0-a74b-28369770a58c] Reasoning: This sentence raises a legal question about equal protection regarding garbage collection services for mobile home parks versus residential dwellings, adding interpretive depth.
  [ID: ba22dd28-a7d0-4658-a8fd-278daeb2370d] Reasoning: This sentence makes a general statement about garbage production in residential dwellings, but it does not provide any new legal context or application.
  [ID: 024de19e-e845-4067-8f43-5a3e0c5d7bf2] Reasoning: This sentence identifies a contractor involved in constructing residential dwellings, but it does not add any interpretive value regarding the term itself.
  [ID: fc9added-8f94-40aa-8820-0b8a1c765a0d] Reasoning: This sentence describes tracts of land improved with residential dwellings but does not provide any new legal context or application.
  [ID: f7beeee1-9055-4929-9aad-932ffbbf0b55] Reasoning: This sentence mentions tracts of land owned by a college with residential dwellings but lacks interpretive depth or application.
  [ID: 3caf1512-f5d6-47ae-bdf6-ea0873097cdb] Reasoning: This sentence discusses setback provisions and their implications for residential dwellings, providing some context for legal interpretation.
  [ID: 21ab09a4-8e45-48b7-994f-debd03e0471d] Reasoning: This sentence describes the indistinguishable nature of home occupations from residential dwellings, providing context for zoning regulations.
  [ID: aeae02b7-b763-41f5-bb99-29463c98a358] Reasoning: This sentence lists various case law regarding residential dwellings and day care operations, providing significant interpretive context.
  [ID: cca52fe8-c022-4b94-b713-42303ffdbc0f] Reasoning: This sentence mentions residential dwellings in the context of nearby mining operations but does not provide new legal context.
  [ID: cf46caa7-7fc2-49a3-963c-124eb03d981a] Reasoning: This sentence references various legal writings on implied warranties in the sale of residential dwellings, providing useful interpretive context.
  [ID: 3497492f-6f54-4d7d-8ad7-1f6fbe3921b5] Reasoning: This sentence raises a legal question about collection fees for residential dwelling units, adding interpretive depth to the discussion.
  [ID: 061d4ee1-c488-457b-b886-b639f1ae2846] Reasoning: This sentence also raises a legal question regarding collection fees for residential dwelling units, providing context for legal interpretation.
  [ID: f92f57d7-f733-414e-8ab9-e62b749db7a1] Reasoning: This sentence states that single-family residential dwellings are a principal permitted use, but it lacks deeper interpretive value.
  [ID: bd05b511-51f6-46fa-b8c5-e2b884d7a42d] Reasoning: This sentence discusses improvement assessments on residential dwellings but does not provide new legal context or application.
  [ID: beaaf217-f7a4-44fb-9231-4483932ecc32] Reasoning: This sentence mentions the proximity of residential dwellings to a property but does not provide new legal context.
  [ID: 05d0c64a-4120-43bb-8a9b-406db5c636ac] Reasoning: This sentence identifies a petitioner as the owner of a six-family residential dwelling but lacks interpretive depth.
  [ID: 89874df1-6809-43ca-b424-2e907b26502f] Reasoning: This sentence discusses a zoning change restricting property use to residential dwellings, providing context for legal interpretation.
  [ID: 7d1f2d5b-ca44-4d62-ac7d-12c9ada6e117] Reasoning: This sentence states the number of residential dwellings within a certain distance but does not provide new legal context.
  [ID: 5b5fea9a-e812-47c7-8569-d26841af551f] Reasoning: This sentence compares houses built in a development to other residential dwellings, but it lacks deeper interpretive value.
  [ID: 790dafd1-f771-4164-8146-ab0b6a610a30] Reasoning: This sentence states that land is platted for residential dwelling but is unimproved, lacking interpretive depth.
  [ID: 60ba80ef-7f55-4d51-a681-735e40fa1ecd] Reasoning: This sentence discusses the conditions for establishing rental inspection districts, specifically mentioning 'residential dwelling rental units' in the context of public health and safety. While it relates to the phrase of interest, it does not provide significant interpretive depth beyond stating a factual requirement.
  [ID: f1510efc-9be1-4308-9bfb-ffe809cb5ab1] Reasoning: This sentence reiterates the need for inspection of 'residential dwelling rental units' but does not add any new interpretive context or application. It is largely redundant.
  [ID: df27cd2b-9358-4648-a644-4143e29c30f2] Reasoning: This sentence states that Patwil is in the business of designing residential dwellings. It does not provide any interpretive context or application of the term.
  [ID: a499ddd7-e042-4ee8-8894-f6a9b82de5df] Reasoning: This sentence describes the process Patwil follows to construct residential dwellings. While it provides some context, it does not significantly enhance the understanding of the term 'residential dwelling' itself.
  [ID: 32005d82-069a-4104-90ee-cbd96b7bb2a7] Reasoning: This sentence discusses the use of a driveway for a residential dwelling, providing context for its function. However, it does not delve into legal implications or interpretations of 'residential dwelling'.
  [ID: 13ccc5f0-c403-4bcf-baba-d86daef55261] Reasoning: This sentence states that the use of a driveway was for ingress and egress to a residential dwelling. It is largely repetitive and does not add new interpretive value.
  [ID: 3bbdad66-78a1-4e4b-9f55-26a1cabb9607] Reasoning: This sentence discusses the potential use of a right-of-way for additional residential dwellings, providing some context for development implications. However, it lacks depth in interpreting 'residential dwelling'.
  [ID: 7146e5c4-8de4-4114-9735-26400c43f3ef] Reasoning: This sentence describes a specific situation involving a residential dwelling infested with carpenter ants. It provides context but does not enhance the legal interpretation of 'residential dwelling'.
  [ID: 3b4f62c9-c3ae-4c97-92e0-6b536684eda3] Reasoning: This sentence indicates that the appellant regards the building as a residential dwelling, but it does not provide any legal interpretation or context that enhances understanding.
  [ID: a289fa0b-9284-4b76-b60b-b8f5024abbae] Reasoning: This sentence discusses a zoning ordinance related to residential dwellings, providing context for legal standards and implications. It adds value by connecting the term to municipal authority.
  [ID: 3a694d3b-2fc6-47ea-a418-d2924a221cf4] Reasoning: This sentence discusses zoning violations related to residential dwellings, providing context for legal implications. It adds some interpretive value.
  [ID: f39e90a5-93b0-4953-9293-e7d8949ea2e4] Reasoning: This sentence discusses the erosion of the caveat emptor doctrine in the context of new residential dwellings, providing significant interpretive context regarding legal obligations.
  [ID: c1834d1f-963a-4659-bdd6-ce8dccdf99f9] Reasoning: This sentence references a seminal case regarding implied warranties in the sale of new residential dwellings, providing critical interpretive guidance.
  [ID: 86e1236c-5062-4513-934d-039733090a0a] Reasoning: This sentence explains the implications of a court ruling regarding builder-vendors' warranties for residential dwellings, providing significant interpretive value.
  [ID: 90542d44-6fe8-4f41-9d13-01966664ba85] Reasoning: This sentence discusses a case that followed the precedent set in Carpenter, further clarifying the legal obligations of builder-vendors in the context of residential dwellings, adding substantial interpretive value.
  [ID: 1081c167-88e3-4a4e-a467-dcb17b3ec1e7] Reasoning: This sentence discusses the limitations of the caveat emptor doctrine in the sale of residential dwellings, providing important interpretive context regarding seller obligations.
  [ID: 8d581411-6e21-41eb-8946-c7a994577d21] Reasoning: This sentence outlines the conditions under which a builder-vendor has a duty to disclose defects in residential dwellings, providing critical interpretive guidance.
  [ID: 9c82df16-1033-40c1-a856-247b5c83a55c] Reasoning: This sentence discusses the limitations of the implied warranty of habitability, providing important context for understanding legal obligations related to residential dwellings.
  [ID: fde0ffac-a98e-4ab1-8384-af1e870c5f76] Reasoning: This sentence states prerequisites for the implied warranty of habitability in the context of residential dwellings, adding interpretive value by clarifying legal standards.
  [ID: 0ecdd9d8-5612-4111-ac8e-c5e36d0cef82] Reasoning: This sentence discusses a property reassessment based on its occupancy as a residential dwelling, providing context for tax implications but lacking deeper interpretive value.
  [ID: 9cfe1f68-c8e0-4643-b81c-771b95eccae5] Reasoning: This sentence discusses the school district's position on property taxes related to residential dwellings, providing context but lacking significant interpretive depth.
  [ID: a23b8f67-785d-4712-a2b5-7f4ca314dc03] Reasoning: This sentence discusses the school district's position on taxing a property as a residential dwelling, providing context but lacking significant interpretive depth.
  [ID: 1bdb12cc-7a0f-465a-b14e-c8c38ae3771b] Reasoning: This sentence discusses billing for residential dwelling units in a double house or apartment building, providing context but lacking significant interpretive depth.
  [ID: a0b0cdbc-370c-4421-9ea0-4172977036c5] Reasoning: This sentence discusses the city's authority to manage refuse collection from residential dwellings, providing context but lacking significant interpretive depth.
  [ID: eb500c4c-8380-40e4-bcc2-ebed7199e048] Reasoning: This sentence discusses a jury's findings related to the construction of a residential dwelling, providing context but lacking significant interpretive depth.
  [ID: 36ea2051-875f-42dc-9a9a-7fe7ef663101] Reasoning: Discusses the intent of a common grantor regarding Lots A and B, which are not restricted to residential dwellings, raising factual questions about their classification. This adds context to the term 'residential dwelling' in a legal dispute.
  [ID: 83903b15-8a03-4e13-89ca-beb1ec3aed7a] Reasoning: Mentions the expansion of water service to residential dwellings, but does not provide significant interpretive context or application of the term.
  [ID: 7dc24f05-b651-4382-ac54-c3306585e791] Reasoning: Outlines the conditions under which a seller has a duty to disclose defects in a residential dwelling, providing a clear application of the term in the context of fraudulent concealment.
  [ID: c22b1a13-339d-4648-8178-44f584632c02] Reasoning: Discusses the authority of Camelot regarding payment for residential dwelling units, adding context to the obligations related to residential properties.
  [ID: abc5cd78-7bdd-4058-829a-ddacded1a7ee] Reasoning: Describes a situation where families' residential dwellings are outside a specific zone, which may have implications for zoning laws and property rights.
  [ID: 2c57c084-c483-447c-8c1d-ff0660818877] Reasoning: Discusses the constitutionality and enforceability of local laws regulating agents for residential dwellings, providing legal context and implications.
  [ID: 01d38b5a-3407-44c6-9800-77044f264619] Reasoning: Defines 'mobile home' in relation to residential dwellings, but does not provide significant interpretive context beyond the definition itself.
  [ID: 672e2645-f2f7-4377-9aa3-d06b28c851cb] Reasoning: Similar to the previous sentence, it defines mobile homes in relation to residential dwellings without adding interpretive context.
  [ID: ff1ff1fc-fe93-42c2-a065-1d0e6fb9a515] Reasoning: Cites a case that interprets the definition of 'mobile home' in relation to residential dwellings, providing judicial context that aids understanding.
  [ID: ce8fff2d-ab7b-40ea-8158-ebfc127a941a] Reasoning: Another definition of 'mobile home' that does not add new interpretive value beyond what has already been stated.
  [ID: 0543045b-1d3f-4d5d-9bd5-5d471e96da6c] Reasoning: Reiterates the definition of 'mobile home' without providing additional context or application, thus lacking interpretive value.
  [ID: 9e78f8ce-7944-4a78-aeba-64cd9c49deb2] Reasoning: Discusses the relationship between residential dwellings and accessory buildings, providing context for zoning regulations.
  [ID: 8e954ca5-12d5-4a6f-8e7c-e67609ca8f52] Reasoning: Mentions limitations on federally related loans for residential dwellings, but lacks depth in interpretive context.
  [ID: 8a146581-6891-4c2b-8a4a-5956c3c3e770] Reasoning: States ownership of a two-family residential dwelling, but does not provide any interpretive context or application.
  [ID: 656b3a65-5780-4c96-8834-c94b54dfe467] Reasoning: Discusses cluster development and its implications for residential dwellings, providing interpretive context regarding zoning and planning.
  [ID: 9f6c9bc0-a0b9-4ed6-b1f4-bc97e3cbc5e4] Reasoning: Describes a breach of contract related to the construction of a residential dwelling, providing context for legal disputes involving residential properties.
  [ID: a8e37092-035d-4dd8-8ee5-74b174b050c0] Reasoning: Details a legal proceeding regarding the construction of a residential dwelling, providing context for zoning and property law.
  [ID: 8be7c6f6-75be-421a-9a75-409ab5fed8a3] Reasoning: Mentions the property being surrounded by residential dwellings, but does not provide significant interpretive context.
  [ID: 8352aa80-8884-484d-bdec-68b085cbc918] Reasoning: Discusses issues arising from the rental of non-owner occupied residential dwelling units, providing context for regulatory concerns.
  [ID: bf59d676-7fc3-4fea-91e9-0fa2c0859d8c] Reasoning: Mentions trust funds for the construction of a residential dwelling, but lacks depth in interpretive context.
  [ID: 951b1c9c-03c1-40bf-ba4f-025dfaedf618] Reasoning: Discusses the need for an area variance for a proposed structure not equipped as a residential dwelling, providing context for zoning regulations.
  [ID: 2f2980b1-f35d-49e1-89a9-dab1c5fad058] Reasoning: Analyzes a determination regarding the nonconforming use of a cottage as a residential dwelling, providing legal context and implications.
  [ID: 54765d74-2530-45fa-af76-d501233d1ab8] Reasoning: States the ownership of a residential dwelling divided into apartments, but does not provide significant interpretive context.
  [ID: 5f3e1d41-1c93-4e63-bb28-970bcffd6371] Reasoning: Mentions zoning for residential dwellings only, but lacks depth in interpretive context or application.
  [ID: 8e04c62e-0810-401b-ab9a-ab3116755e2e] Reasoning: Discusses lead exposure notifications for residential properties, providing context for health regulations related to residential dwellings.
  [ID: 4495815d-7506-4365-aa6d-b28f29e3b4de] Reasoning: This sentence states a fact about an agreement to purchase a residential dwelling but does not provide any interpretive context or application of the term.
  [ID: f21d9c5f-d670-49c9-9465-6b2a51424581] Reasoning: This sentence describes the use of a road for access to a residential dwelling, but it does not elaborate on the legal implications or context of 'residential dwelling'.
  [ID: fc097aa1-c0b4-4a16-8f9c-2f027ba9c5e5] Reasoning: Similar to the previous sentence, it describes the use of a road for access to a residential dwelling without providing additional interpretive context.
  [ID: 5d6b05c5-cae6-46ac-b5b6-ab525e8cbcdc] Reasoning: This sentence mentions covenants related to residential dwelling houses but does not explain their legal significance or application.
  [ID: 75883402-168a-4265-8e30-699d3205500c] Reasoning: This sentence simply states that a residential dwelling was erected, providing no additional context or interpretation.
  [ID: f2b73e00-650f-42f1-bc91-2fae55fea5ed] Reasoning: This sentence describes remodeling a residential dwelling but lacks any interpretive depth or legal context.
  [ID: 86ff0d46-e139-4dfd-8ee1-84d0acb47f10] Reasoning: This sentence discusses a claim regarding a building being a 'dwelling' but does not provide legal analysis or context.
  [ID: df097a17-04f7-4c0d-b5f8-e56dff55155a] Reasoning: This sentence references a code that authorizes the use of space in a residential dwelling for professional offices, providing some context but lacking deeper interpretive analysis.
  [ID: f5527266-cc2e-4bfa-9cf9-20dc57e68e55] Reasoning: This sentence discusses a jury's finding related to the construction of a residential dwelling, indicating a legal dispute but lacking detailed interpretive context.
  [ID: 2276e4a7-be21-44f6-9945-35c4c45aa921] Reasoning: This sentence discusses the prohibition of residential dwelling units in certain districts, providing relevant context about zoning but lacking deeper legal analysis.
  [ID: 1e04d8c7-99d5-4033-9249-03b976bd83f9] Reasoning: This sentence explains the purpose of prohibiting residential dwelling units in the airport district, providing some interpretive context.
  [ID: a247ad30-bea9-4874-acbb-f98933654e8f] Reasoning: This sentence identifies the house and trailers as residential dwelling units as contemplated by the statute, providing a direct application of the term.
  [ID: 947aaf7a-7be3-4501-9c87-14c821870485] Reasoning: This sentence notes the prohibition of residential dwelling units in certain districts, reiterating zoning regulations without deeper analysis.
  [ID: 8c49f4f2-fa8e-4c2a-924a-d57b0a3b5a69] Reasoning: This sentence discusses the constitutionality of prohibiting residential dwelling units on airport properties, providing some legal context.
  [ID: 59a5ff83-931b-4e9b-baad-89d1536b4c4b] Reasoning: This sentence raises a question about the reasonableness of prohibiting residential dwelling units on airport property, indicating a legal consideration.
  [ID: d0097e7c-bda5-478f-8856-59148fbb8c0e] Reasoning: This sentence discusses the highest and best use of property for residential dwellings, providing insight into zoning and market demand.
  [ID: 28785517-5a97-4c01-abcd-42263d4b5aa6] Reasoning: This sentence states a restriction on land use for private residential dwelling purposes, but lacks deeper interpretive context.
  [ID: 30fa2e99-f37c-4ef0-b35f-35b7b591d22b] Reasoning: This sentence describes a proprietary lease in a co-operative residential dwelling, providing some context but lacking deeper legal analysis.
  [ID: fdb4b23a-15fc-4d2f-bb67-d80c9e55a4c3] Reasoning: This sentence outlines conditions for nonfarm residential dwellings but lacks specific interpretive context or application.
  [ID: 38898b83-0beb-4460-8449-11eed8b49dbd] Reasoning: This sentence discusses an implied warranty related to new residential dwelling houses, providing some legal context but lacking depth.
  [ID: 6d9e3880-bae5-4793-937c-a6be552f3e91] Reasoning: This sentence discusses a legal principle related to residential dwellings in the context of forcible entry and detainer actions, providing relevant legal context.
  [ID: dc345c17-e0a3-4c3b-b9f0-551ba06acff0] Reasoning: This sentence discusses the sufficiency of evidence regarding the suitability of property for a residential dwelling, providing relevant legal context.
  [ID: 1bef89f6-a6d0-436f-b428-f8ee786113d1] Reasoning: This sentence discusses the requirement for evidence regarding the return on investment for a residential dwelling, providing relevant legal context.
  [ID: 54c547cf-64a4-4561-ac01-9f6c6eb483af] Reasoning: This sentence references a local law providing for rent control in residential dwelling units, providing relevant legal context.
  [ID: 574e25d8-477d-4b26-8ed5-8eaeb138de68] Reasoning: This sentence describes a multi-story residential dwelling, providing factual information but lacking interpretive depth.
  [ID: 8a602695-454f-4637-b668-4c3855c0b44e] Reasoning: While this sentence discusses the sanctity of a person's home and the standard applied to searches of a residential dwelling, it does not provide new information about the term 'residential dwelling' itself. It merely references a legal principle without expanding on its application or implications.
  [ID: ec1c6572-75de-4a6b-8e1f-5ef9bbfd18b0] Reasoning: This sentence mentions a residential dwelling in a zoning context but does not provide any interpretive depth or application of the term. It simply states a feasibility opinion without elaborating on the implications of the term 'residential dwelling'.
  [ID: 811a4e44-8f55-42c6-9ec4-0abf9ee8ef43] Reasoning: This sentence states the existence of another residential dwelling but does not provide any interpretive context or application. It is a simple factual statement without depth.
  [ID: 47ac6851-8a7f-4873-8193-7c052205306a] Reasoning: This sentence discusses liability under Labor Law in relation to one or two-family residential dwellings, providing a specific legal context that helps understand the implications of the term 'residential dwelling'. It references a case, adding interpretive value.
  [ID: 7ee07aa3-6ffd-413b-b387-cf0302f7c898] Reasoning: This sentence describes a zoning application involving a residential dwelling used as an office, which provides context for the term 'residential dwelling' in a practical application. It adds some interpretive value.
  [ID: a140fa95-cffc-4788-9382-d2423d737dfd] Reasoning: This sentence provides a detailed account of property classification, including residential dwelling units, which adds context to the term. However, it is more factual than interpretive.
  [ID: 4fead6c6-c02d-4cbf-9754-e1f3ccdf3e34] Reasoning: This sentence discusses zoning regulations and their implications for residential dwellings, providing context for the term in relation to community growth. It adds some interpretive value.
  [ID: 87f421e0-2737-49ee-9a4b-d5213c7e83b3] Reasoning: This sentence mentions a loan for constructing residential dwellings, which provides context for the term in a financial and developmental aspect. It adds some interpretive value.
  [ID: 93c5de35-7c30-429f-8b00-fdf2222d7876] Reasoning: This sentence discusses a breach of warranty in relation to residential dwellings, providing a legal context that helps understand the implications of the term. It adds interpretive value.
  [ID: e28d569b-0ca1-41e5-9d7a-fbc47ffb1ad4] Reasoning: This sentence describes a rental history involving residential dwellings, but it does not provide significant interpretive context or application of the term. It is more factual.
  [ID: 9a1f15a4-7df8-42fa-ba61-f88a75924757] Reasoning: This sentence discusses access issues related to multi-family residential dwellings, providing context for the term in relation to urban planning. It adds some interpretive value.
  [ID: cf452d71-a65f-4397-b48e-170bfb5b8d9a] Reasoning: This sentence references zoning regulations that accommodate various types of residential dwellings, providing context for the term in relation to community planning. It adds some interpretive value.
  [ID: 686c666b-c3d2-4d7c-8f91-dfb1380a0eb7] Reasoning: This sentence discusses a rental ordinance requiring permits for residential dwellings, providing context for the term in a regulatory framework. It adds some interpretive value.
  [ID: 248adf31-be36-47ec-a6e8-77f13a102f45] Reasoning: This sentence discusses a zoning amendment limiting development to one residential dwelling per 20 acres, providing context for the term in relation to land use regulations. It adds some interpretive value.
  [ID: 30f7c9a6-ceaa-4784-8da4-e920558eb3f2] Reasoning: This sentence reiterates liability under Labor Law for one-family residential dwellings, similar to a previous sentence. It does not add new interpretive value.
  [ID: 88f8aac0-8dc5-4c7c-97ac-667a90ddd21f] Reasoning: This sentence discusses zoning for residential dwellings but does not provide significant interpretive context or application of the term. It is more factual.
  [ID: 89f23d75-f55b-482e-89d5-78ddccdb52d9] Reasoning: This sentence states that courts have applied a more stringent standard to searches of residential dwellings, similar to a previous sentence. It does not add new interpretive value.
  [ID: 2b1a91a5-42b4-4d05-a764-6e7c8b3797ad] Reasoning: This sentence describes a land sale contract for a residential dwelling, but it does not provide significant interpretive context or application of the term. It is more factual.
  [ID: e16cc8ed-4e64-43f4-a2df-4ab2d6365c1c] Reasoning: This sentence discusses a vendee's rights in a land sale contract for a residential dwelling, providing some legal context but not significantly expanding on the term's interpretation.
  [ID: 35833c81-78b3-4950-b4a3-0b94983ff844] Reasoning: This sentence mentions a residential dwelling in relation to a breach inundation area, but it does not provide significant interpretive context or application of the term. It is more factual.
  [ID: 08b6d801-a7ad-4937-9da6-cf9a695f83ac] Reasoning: This sentence discusses permitted uses in zoning regulations, including residential dwellings, but does not provide significant interpretive context or application of the term. It is more factual.
  [ID: 450fdf95-51c6-4435-b466-a41701ac97a3] Reasoning: This sentence states that a use was inconsistent with its designation as a residential dwelling, but it does not provide significant interpretive context or application of the term. It is more factual.
  [ID: 15223a66-7c82-4643-a923-0eb3372ad5c7] Reasoning: This sentence states that only single private residential dwellings were to be constructed, but it does not provide significant interpretive context or application of the term. It is more factual.
  [ID: 4b6fd9ba-2d6e-4a59-b605-491d05896809] Reasoning: This sentence discusses the completion of residential dwellings but does not provide significant interpretive context or application of the term. It is more factual.
  [ID: e0717c3c-da72-4fd2-8b3b-7f55bed4b152] Reasoning: This sentence discusses a variance application for a residential dwelling but does not provide significant interpretive context or application of the term. It is more factual.
  [ID: 0c6c52ab-da0c-4527-9476-c93edd483eff] Reasoning: Discusses the conflict between the granite industry and residential dwellings, but does not provide any legal interpretation or application of the term.
  [ID: e98ab1b6-e885-4e89-b545-cce24a9d79f5] Reasoning: Mentions residential dwellings in the context of zoning ordinances and health standards, but lacks depth in legal interpretation.
  [ID: b58d7b90-2e7e-41e3-8680-6c06d23cbee7] Reasoning: Examines the application of a criminal statute within a residential dwelling, providing context for legal interpretation.
  [ID: c1eb4653-23c5-4362-9cd0-6be962405969] Reasoning: States zoning for single-family residential dwellings but does not provide further legal context or implications.
  [ID: 54a88ce4-97db-402b-85ab-9b8b5cd058d9] Reasoning: Cites case law related to residential dwellings but does not explain its relevance or application, thus lacking interpretive value.
  [ID: d6d6f5c3-ff2e-4d55-a7dd-6d6d25571ecf] Reasoning: Describes a legal action involving residential dwellings but does not provide interpretive context or implications.
  [ID: 30e6ac16-acef-4e1c-ac53-806d981ccb98] Reasoning: Involves a contract dispute over a residential dwelling, providing context for legal interpretation but lacking broader implications.
  [ID: e2571497-bffe-45ea-a6f6-9736a81f1d3f] Reasoning: Discusses the implied warranty of fitness for new residential dwellings, providing specific legal context and implications.
  [ID: cf8966dd-9dee-4fb6-bf79-dc0f0bd50c73] Reasoning: Explains the extension of an implied warranty of fitness for residential dwellings, providing significant interpretive context.
  [ID: 4d013a86-ac4e-430e-9ccc-89d4c4a159d9] Reasoning: Involves a legal dispute over restrictive covenants for residential dwellings, providing context for legal interpretation.
  [ID: cd1756c5-91d2-4536-b9b5-900e65444c81] Reasoning: States ownership of a residential dwelling but lacks any legal context or implications.
  [ID: 500af215-118f-490f-9881-7c2120e9c726] Reasoning: Cites a statute regarding landlords and residential dwellings, but does not provide further interpretive context.
  [ID: f3b1f7ad-f455-47af-a7b8-cbf05c42782e] Reasoning: Mentions ownership of a residential dwelling but lacks any legal context or implications.
  [ID: cbea9960-232d-4019-8273-a14a8bb273df] Reasoning: Describes the proximity of residential dwellings to a proposed subdivision but lacks legal implications.
  [ID: f603c958-72fe-4d57-b994-bfc168243616] Reasoning: Discusses illegal narcotics in a residential dwelling, providing context for legal interpretation but lacking broader implications.
  [ID: d56f75d9-2a80-4cc4-b340-788ab779debc] Reasoning: Mentions contracts related to a residential dwelling but lacks interpretive context or implications.
  [ID: 60b8e191-c8f2-4968-b6e8-d1dec2afc48a] Reasoning: Discusses a site plan for single-family residential dwellings but lacks deeper legal implications.
  [ID: 3041490c-e027-45ef-97a4-2129ce76ac81] Reasoning: States that a subdivision is limited to single-family residential dwellings but does not provide further legal context.
  [ID: 0c333ebb-f979-49bf-907f-ce0c6c899650] Reasoning: Mentions zoning ordinance compliance for a residential dwelling but lacks interpretive context.
  [ID: 9dc48774-a8cd-400b-ad7e-6c0ab33dda88] Reasoning: Cites various statutes regarding plumbing work on residential dwellings but does not provide interpretive context.
  [ID: 87e8ac11-b75f-4f39-ab47-e452a53448b2] Reasoning: States that the case does not involve the purchase of a new residential dwelling, lacking any interpretive value.
  [ID: 799940f9-8de6-4c76-9438-bc3f359c278c] Reasoning: Mentions mobile homes as residential dwellings but lacks any legal context or implications.
  [ID: 87172985-a4f8-4b26-8513-b7cb2a642543] Reasoning: Describes a fraud case involving a residential dwelling but lacks broader legal implications.
  [ID: 904b5f5c-2fd4-4830-91ee-1eb62e982581] Reasoning: Discusses the rejection of a proposed use for multiple residential dwellings, providing some context for legal interpretation.
  [ID: 888abeb1-8695-43b6-9ad3-b8af28db78a9] Reasoning: Explains the difference between vandalism and arson in the context of insurance for residential dwellings, providing some interpretive context.
Method: probabilities | Term: residential dwelling
NDCG@10: 0.6079530687322071
NDCG@20: 0.5791766313706035
NDCG@40: 0.5256979785708233
NDCG@100: 0.5700089430830799

----------------------------------------
STDERR:
wandb: Appending key for api.wandb.ai to your netrc file: /Users/alvinwang/.netrc
wandb: Currently logged in as: alvinw2 (alvinw2-carnegie-mellon-university) to https://api.wandb.ai. Use `wandb login --relogin` to force relogin

GPT batches:   0%|          | 0/130 [00:00<?, ?batch/s]
GPT batches:   1%|          | 1/130 [00:16<34:36, 16.09s/batch]
GPT batches:   2%|▏         | 2/130 [00:18<17:12,  8.07s/batch]
GPT batches:   2%|▏         | 3/130 [00:19<09:58,  4.71s/batch]
GPT batches:   3%|▎         | 4/130 [00:26<11:47,  5.62s/batch]
GPT batches:   4%|▍         | 5/130 [00:27<08:06,  3.89s/batch]
GPT batches:   5%|▍         | 6/130 [00:29<06:51,  3.32s/batch]
GPT batches:   5%|▌         | 7/130 [00:30<05:06,  2.49s/batch]
GPT batches:   6%|▌         | 8/130 [00:30<04:00,  1.97s/batch]
GPT batches:   7%|▋         | 9/130 [00:31<03:02,  1.51s/batch]
GPT batches:   8%|▊         | 10/130 [00:35<04:17,  2.15s/batch]
GPT batches:   9%|▉         | 12/130 [00:35<02:25,  1.23s/batch]
GPT batches:  11%|█         | 14/130 [00:35<01:29,  1.29batch/s]
GPT batches:  12%|█▏        | 15/130 [00:35<01:18,  1.46batch/s]
GPT batches:  12%|█▏        | 16/130 [00:36<01:09,  1.64batch/s]
GPT batches:  15%|█▍        | 19/130 [00:36<00:37,  2.93batch/s]
GPT batches:  15%|█▌        | 20/130 [00:36<00:33,  3.29batch/s]
GPT batches:  17%|█▋        | 22/130 [00:37<00:33,  3.24batch/s]
GPT batches:  18%|█▊        | 24/130 [00:37<00:24,  4.40batch/s]
GPT batches:  20%|██        | 26/130 [00:38<00:25,  4.13batch/s]
GPT batches:  21%|██        | 27/130 [00:38<00:28,  3.60batch/s]
GPT batches:  22%|██▏       | 28/130 [00:38<00:26,  3.89batch/s]
GPT batches:  24%|██▍       | 31/130 [00:38<00:17,  5.82batch/s]
GPT batches:  25%|██▌       | 33/130 [00:39<00:18,  5.26batch/s]
GPT batches:  27%|██▋       | 35/130 [00:40<00:23,  4.12batch/s]
GPT batches:  28%|██▊       | 37/130 [00:40<00:17,  5.37batch/s]
GPT batches:  29%|██▉       | 38/130 [00:40<00:15,  5.81batch/s]
GPT batches:  30%|███       | 39/130 [00:40<00:16,  5.61batch/s]
GPT batches:  32%|███▏      | 41/130 [00:40<00:15,  5.60batch/s]
GPT batches:  32%|███▏      | 42/130 [00:41<00:14,  5.95batch/s]
GPT batches:  33%|███▎      | 43/130 [00:41<00:15,  5.72batch/s]
GPT batches:  35%|███▍      | 45/130 [00:41<00:11,  7.64batch/s]
GPT batches:  35%|███▌      | 46/130 [00:41<00:13,  6.13batch/s]
GPT batches:  38%|███▊      | 49/130 [00:41<00:08,  9.77batch/s]
GPT batches:  39%|███▉      | 51/130 [00:41<00:08,  9.07batch/s]
GPT batches:  41%|████      | 53/130 [00:42<00:09,  8.08batch/s]
GPT batches:  42%|████▏     | 55/130 [00:42<00:07,  9.84batch/s]
GPT batches:  45%|████▍     | 58/130 [00:42<00:05, 12.47batch/s]
GPT batches:  46%|████▌     | 60/130 [00:42<00:08,  8.52batch/s]
GPT batches:  48%|████▊     | 62/130 [00:43<00:06,  9.73batch/s]
GPT batches:  49%|████▉     | 64/130 [00:43<00:06,  9.89batch/s]
GPT batches:  51%|█████     | 66/130 [00:43<00:06, 10.51batch/s]
GPT batches:  53%|█████▎    | 69/130 [00:43<00:04, 13.28batch/s]
GPT batches:  55%|█████▌    | 72/130 [00:43<00:04, 13.12batch/s]
GPT batches:  57%|█████▋    | 74/130 [00:43<00:04, 12.79batch/s]
GPT batches:  58%|█████▊    | 76/130 [00:44<00:04, 12.93batch/s]
GPT batches:  60%|██████    | 78/130 [00:44<00:04, 11.34batch/s]
GPT batches:  62%|██████▏   | 80/130 [00:44<00:04, 12.41batch/s]
GPT batches:  65%|██████▌   | 85/130 [00:44<00:02, 18.05batch/s]
GPT batches:  68%|██████▊   | 88/130 [00:44<00:02, 19.12batch/s]
GPT batches:  72%|███████▏  | 93/130 [00:45<00:01, 19.37batch/s]
GPT batches:  74%|███████▍  | 96/130 [00:45<00:02, 16.66batch/s]
GPT batches:  78%|███████▊  | 102/130 [00:45<00:01, 21.08batch/s]
GPT batches:  81%|████████  | 105/130 [00:45<00:01, 20.28batch/s]
GPT batches:  83%|████████▎ | 108/130 [00:45<00:01, 15.25batch/s]
GPT batches:  85%|████████▍ | 110/130 [00:46<00:02,  9.88batch/s]
GPT batches:  86%|████████▌ | 112/130 [00:46<00:01, 10.74batch/s]
GPT batches:  88%|████████▊ | 114/130 [00:47<00:02,  7.27batch/s]
GPT batches:  89%|████████▉ | 116/130 [00:47<00:01,  7.33batch/s]
GPT batches:  91%|█████████ | 118/130 [00:47<00:01,  6.85batch/s]
GPT batches:  92%|█████████▏| 120/130 [00:48<00:01,  6.35batch/s]
GPT batches:  94%|█████████▍| 122/130 [00:48<00:01,  6.69batch/s]
GPT batches:  95%|█████████▍| 123/130 [00:48<00:01,  4.73batch/s]
GPT batches:  95%|█████████▌| 124/130 [00:49<00:01,  5.24batch/s]
GPT batches:  98%|█████████▊| 127/130 [00:49<00:00,  6.76batch/s]
GPT batches:  99%|█████████▉| 129/130 [00:51<00:00,  2.53batch/s]
GPT batches: 100%|██████████| 130/130 [00:53<00:00,  1.50batch/s]
GPT batches: 100%|██████████| 130/130 [00:53<00:00,  2.44batch/s]
