Command: /opt/anaconda3/bin/python rank.py --term technological measure --type probabilities --sentences sources/technological_measure/technological_measure-sentence.json --provisions sources/provisions.json --verbose false
----------------------------------------
You are an expert legal scholar specializing in statutory interpretation. Your task is to evaluate the interpretive value of retrieved sentences in relation to a specific "Phrase of Interest" and its "Source Statute/Provision".

### KEY RULE: PENALIZE STATUTORY REDUNDANCY (ADVERSARIAL GOAL)
You must act as a critic looking to disqualify sentences that provide NO NEW INFORMATION.
- IF a sentence merely repeats or paraphrases the provided "Source Statute/Provision" without adding interpretive context (like case law, specific applications, or expert analysis), it has **NO VALUE**.
- A literal quote of the statute is a redundant distraction. Assign 'no value' a probability of 0.90 or higher.
- Interpretive value comes from how the statute is *applied* or *explained* in practice, not from the text of the statute itself.

### RELEVANCE CATEGORIES
- **0: no value**: Irrelevant, off-topic, or purely redundant statutory text.
- **1: potential value**: Mentions the term in a relevant context but adds very little interpretive depth (e.g., a simple factual statement).
- **2: certain value**: Relevant; provide clear application, context, or explanation of the term that helps understand its scope or meaning.
- **3: high value**: Highly relevant; Provides critical interpretive guidance, settles a legal ambiguity, or explains a complex application in a way that significantly aids interpretation.

### GRANULARITY & TIE-BREAKING
- **BE PRECISE**: Do not give all relevant sentences the same score. Distinguish between a "good" explanation (Score 2) and an "excellent" one (Score 3). 
- **RESOLUTION**: Use granular probabilities (e.g., 0.35, 0.62) to ensure the final ranking is stable and distinguishes between similar-quality sentences.

### OUTPUT FORMAT
You must return a JSON array of objects. Each object must include a "reasoning" field (Chain-of-Thought) and a "probs" field.

Example:
[
  {
    "sentence_id": "S1",
    "reasoning": "Direct quote of Section 60101. No interpretive value beyond the statute itself.",
    "probs": {"no value": 0.98, "potential value": 0.02, "certain value": 0.0, "high value": 0.0}
  },
  {
    "sentence_id": "S2",
    "reasoning": "Applies 'hazardous liquid' to liquid CO2 pipelines, clarifying a major jurisdictional boundary.",
    "probs": {"no value": 0.05, "potential value": 0.15, "certain value": 0.30, "high value": 0.50}
  }
]

### DATA TO PROCESS
Phrase of Interest: {{phrase_of_interest}}
Source Statute/Provision: {{raw_statute}}

Sentences to evaluate:
{{sentences}}

  [ID: 1e6203a1-16a3-4092-af83-1cf04fd39fab] Reasoning: This sentence discusses the authorization of technological measures by the Petitioner to prevent unauthorized access, but it does not provide new interpretive context or application of the term 'technological measure'.
  [ID: ea8805c6-7f93-447a-acb6-d97fc30b8b63] Reasoning: This sentence is a straightforward prohibition against circumventing a technological measure, which does not add any interpretive value or context.
  [ID: 9c4113d7-0c7f-4c7b-80b3-a5a78709aa36] Reasoning: This sentence outlines various prohibitions related to circumventing technological measures, but it largely repeats statutory language without providing new insights or applications.
  [ID: 8fddb6d4-f06c-4b79-aa09-1092eae51dd0] Reasoning: This sentence describes the operation of technological measures in the context of TracFone's proprietary software, providing a specific application of the term that adds interpretive value.
  [ID: 36a5818a-91b0-4169-8658-a1e39117f64a] Reasoning: This sentence discusses the lack of authority given to Defendants regarding the technological measures, which provides context on enforcement but does not significantly enhance understanding of the term itself.
  [ID: 52b6b81b-a02f-4e6d-aa81-3477d643e8d0] Reasoning: This sentence describes the actions of Defendants in relation to TracFone's technological measures, providing context on unauthorized actions but lacking deeper interpretive analysis.
  [ID: bde02eca-5dec-4c89-bddf-7fc1f7c5e883] Reasoning: This sentence discusses possession of instrumentalities that impair technological measures, which adds context but does not significantly enhance understanding of the term.
  [ID: 97dd4f25-9b70-4258-9859-317b25e86b49] Reasoning: This sentence describes Defendants facilitating circumvention of technological measures, providing a specific application that adds interpretive value.
  [ID: 43517425-1c3c-4ff3-ae92-8b2c81cec8d4] Reasoning: This sentence provides a definition of 'circumvent a technological measure', which is relevant but largely reiterates statutory language without new interpretive context.
  [ID: 0cb0276e-bf22-426b-a202-21f72dc90f19] Reasoning: This sentence is a direct quote of the statute defining when a technological measure effectively controls access, providing no new interpretive value.
  [ID: 60388017-cf3b-4555-ad2f-594b1fbd92da] Reasoning: This sentence references the DMCA's prohibition against circumventing technological measures, providing context but not significant interpretive depth.
  [ID: a1a64590-2727-4c8e-a5d8-498798832911] Reasoning: This sentence discusses technological measures in the context of environmental regulations, which is off-topic and unrelated to the phrase of interest.
  [ID: bfa24ed1-1332-46a8-b714-0de68159e2ba] Reasoning: This sentence discusses design and technological measures in an environmental context, which is irrelevant to the phrase of interest.
  [ID: e28b165f-2e44-4e39-a423-be65f90ccd68] Reasoning: This sentence discusses the Clean Water Act's reliance on technological measures, which is unrelated to the copyright context of the phrase of interest.
  [ID: 399c7b37-9ce7-4d8a-862e-c97e5a2a16cc] Reasoning: This sentence reiterates statutory language regarding the prohibition of trafficking in technology designed to circumvent technological measures, providing no new interpretive value.
  [ID: 5bdda9c0-786c-4d2b-8f46-1842a2ebbeee] Reasoning: This sentence discusses allegations against Defendants regarding marketing infringement devices, which provides context but lacks significant interpretive depth.
  [ID: 9de7ab0f-2be2-499b-b18f-fd141ff31d9b] Reasoning: This sentence critiques the statutory definition by pointing out a lack of reference to unauthorized use, but it does not provide any new interpretive context or application.
  [ID: 07bfb494-e9c7-4ab8-9d5a-e53ba965393c] Reasoning: This sentence explains that authorized use of a technological measure does not constitute circumvention under the DMCA, providing important interpretive context.
  [ID: 0d578bee-5dfc-4383-9f83-89cb17dcd789] Reasoning: This sentence illustrates a specific case where a technological measure was not circumvented because access was authorized, adding practical application to the term.
  [ID: fee25cd0-3943-4294-890d-0413e59a5750] Reasoning: This is a direct quote of the statute and does not provide any new interpretive value.
  [ID: 61cbeeeb-52a9-47ff-a913-40eb6d34e834] Reasoning: This sentence defines what it means to circumvent a technological measure, providing clarity on the term's application.
  [ID: 21107c44-f445-4a05-ae26-d447b852c866] Reasoning: This sentence describes a specific instance of alleged circumvention, which helps illustrate the application of the term in a legal context.
  [ID: 81058f8a-1cc8-4dd3-abd3-95c677ff61b6] Reasoning: This sentence lists various actions related to technological measures but does not provide new interpretive context or application.
  [ID: db2934a0-20e3-4ecf-85a8-c09e37f52ed3] Reasoning: This sentence discusses a court's finding regarding the violation of the DMCA based on possession of devices that impair technological measures, providing a specific application.
  [ID: 5db12af4-31de-471d-b9e2-c2c270c85430] Reasoning: This sentence describes a method of circumventing a technological measure, providing a practical example of the term's application.
  [ID: 5a3a5a4d-e77a-4e61-9f99-22143a119504] Reasoning: This sentence references the DMCA's definition of circumventing a technological measure but does not add new interpretive context.
  [ID: 92d41c28-ae33-41d6-88f8-1662a450ce5c] Reasoning: This sentence discusses the potential implications of the DMCA's definition on another statute, providing a relevant interpretive connection.
  [ID: 21013cf5-45b4-4a05-a0ec-24738031ca3c] Reasoning: This sentence explains how using another's password can circumvent a technological measure, providing a clear application of the term.
  [ID: 9839bc9b-4331-4200-97ed-886a2cfa7b50] Reasoning: This sentence summarizes the penalties associated with circumventing technological measures but does not provide new interpretive context.
  [ID: b41513aa-3a64-49bd-a7ee-b02b601b4141] Reasoning: This sentence describes Apple's technological measures but does not provide new interpretive context or application.
  [ID: 1a88d674-6d99-4151-b7d2-873d7b684bcc] Reasoning: This sentence discusses circumventing technological measures related to Mac OS X but does not provide new interpretive context.
  [ID: b7e4cbb8-47db-43ea-9a5c-2183ab7d63bf] Reasoning: This sentence discusses trafficking in technology designed to circumvent technological measures but does not provide new interpretive context.
  [ID: cb1a0a1f-ac60-4efd-b433-eedc53a9705d] Reasoning: This sentence discusses trafficking in technology for circumventing technological measures but does not provide new interpretive context.
  [ID: a3de8820-7df5-4150-be16-a76052373257] Reasoning: This sentence describes Apple's copyright registrations and technological measures but does not provide new interpretive context.
  [ID: 674b25b2-c068-4a8a-bf9e-1fb15d13764a] Reasoning: This is a direct quote of the statute and does not provide any new interpretive value.
  [ID: 11bfdc1c-fa3d-465c-b441-1c7ed3162738] Reasoning: This sentence describes a specific instance of circumvention involving decryption software, providing a practical example of the term's application.
  [ID: ceea98b6-6720-424c-95dc-b7d7470a67d3] Reasoning: This sentence outlines various actions related to circumventing technological measures but does not provide new interpretive context.
  [ID: 61e2f4de-d9ea-4bad-84e2-3d4e7a4813b8] Reasoning: This sentence discusses the dual purpose of Apple's technological measure but does not provide new interpretive context.
  [ID: 4e634667-2841-4ded-9df1-f163f2a5cbbf] Reasoning: This sentence discusses the availability of circumvention devices but does not provide new interpretive context.
  [ID: b2aea79e-0ac5-403c-88b0-e3ffea86a188] Reasoning: This sentence describes the primary function of mod chips in relation to technological measures but does not provide new interpretive context.
  [ID: 7e7e14d1-5a7d-45d6-b7de-62a3ea9c135b] Reasoning: This is a direct quote of the statute and does not provide any new interpretive value.
  [ID: 5c931b9d-5740-4cea-959b-6b0b77c41ef3] Reasoning: This sentence discusses the implications of banning tools designed to circumvent technological measures but does not provide any new interpretive context or application beyond the statute's language.
  [ID: 7635c0cc-fc21-470f-ba29-43b7e637a491] Reasoning: This sentence is a direct quote of Section 1201(b) and does not add any interpretive value or context to the understanding of 'technological measure'.
  [ID: 75376849-98fd-406a-a8d8-6fa39162dd9d] Reasoning: This sentence summarizes the structure of the statute but does not provide any new insights or applications regarding 'technological measure'.
  [ID: 76fe0380-e336-4a58-a5b3-a51c76d8752d] Reasoning: This sentence provides a definition from the statute but does not add any interpretive context or application, making it redundant.
  [ID: 20b9fe2b-8061-49c5-9e65-dd4e8954e67b] Reasoning: This sentence is another direct quote from the statute that reiterates the definition of a technological measure without adding interpretive value.
  [ID: 5f5c274b-dc09-45b2-8d48-abf27c779f01] Reasoning: This sentence connects Section 1201(b)(2)(B) with Section 106, explaining how a technological measure protects copyright rights, thus providing some interpretive context.
  [ID: c879833b-c55a-41c8-963b-95f8018fa63e] Reasoning: This sentence summarizes the prohibitions of Section 1201(b) regarding trafficking in tools that impair technological measures, providing relevant context.
  [ID: a32095e3-4b13-48db-8751-be2b640b612e] Reasoning: This sentence discusses the implications of technological measures in a digital context and their relation to First Amendment rights, adding interpretive depth.
  [ID: c12ab539-9946-4cef-9598-8df8675ea0ed] Reasoning: This sentence critiques the DMCA's impact on fair use and access to public domain material, providing a broader interpretive context.
  [ID: 941e5a43-17d6-4441-a5de-816b39e0b0f0] Reasoning: This sentence discusses the necessity of tools for infringers to bypass technological measures, providing context for the statute's enforcement.
  [ID: f52fbbba-9fb9-4780-9aea-02c610676e83] Reasoning: This sentence quotes the statute regarding the criminalization of devices designed to circumvent technological measures, lacking interpretive value.
  [ID: b7b4edfd-5eb0-4f97-83ad-011f61c872c9] Reasoning: This sentence reiterates the statute's language regarding limited purpose devices, providing no new interpretive context.
  [ID: 8601c53f-f0f3-4486-8d5b-2e28f9face88] Reasoning: This sentence compares the DMCA to another statute, but does not provide significant interpretive value regarding technological measures.
  [ID: 4c3e0bf7-f1ff-41f9-8f3f-bb9b1ae3b3f9] Reasoning: This sentence discusses the limited purpose of devices in relation to technological measures but does not add new interpretive context.
  [ID: 53e730ea-b814-4583-9e16-5146a032505d] Reasoning: This sentence describes a scenario involving a technological measure but does not provide new insights or applications.
  [ID: 60b583a0-5449-4ee7-a1fb-a4b6587dda9f] Reasoning: This sentence states that the plaintiff failed to allege a technological measure, which does not provide new interpretive context.
  [ID: 29045dbf-0d1d-42f3-9de3-423f92819b4c] Reasoning: This sentence is a direct quote from the DMCA and does not add any interpretive value or context regarding technological measures.
  [ID: 928497a4-136b-42de-afb6-366b6f8a70c9] Reasoning: This sentence provides a definition of 'circumvent a technological measure' from the statute, lacking interpretive depth.
  [ID: 143b932c-2fa2-4cc5-bef5-9ee8d4ed9cb8] Reasoning: This sentence explains the conditions under which a person circumvents a technological measure, but it is largely a reiteration of statutory language.
  [ID: 56908742-9ea6-407c-bfd6-c53ca2d4fd0f] Reasoning: This sentence is a direct quote of the statute regarding what constitutes a technological measure, providing no new interpretive context.
  [ID: da0c3268-bcab-4201-8319-18d5260604e9] Reasoning: This sentence provides examples of what constitutes technological measures, which adds some interpretive context.
  [ID: 9928281b-cd93-45c8-8c5e-4da677d0c5e0] Reasoning: This sentence discusses a specific example of a technological measure outside the Circuit, providing relevant context.
  [ID: 996cdbe8-870c-4a4c-bede-48ddefb147c1] Reasoning: This sentence mentions the need to specify a technological measure but does not provide new interpretive context.
  [ID: f59303f5-e4a6-4305-9627-9dfaaf5b3b10] Reasoning: This sentence discusses the need for specificity regarding technological measures in a legal claim, which adds some interpretive context.
  [ID: a7fa5e63-6e72-43b0-8b28-c55e72ab7727] Reasoning: This sentence states that the plaintiff has not adequately alleged circumvention of a technological measure, which does not provide new interpretive context.
  [ID: 2c466357-3550-480c-a510-1d13fcd83082] Reasoning: This sentence outlines the prohibitions against trafficking in technology designed to circumvent technological measures, but it largely repeats the statutory language without providing new interpretive context.
  [ID: 989deaa6-a3bb-4496-b458-f28507b51e9f] Reasoning: This sentence reiterates the prohibition against trafficking in devices designed to circumvent technological measures, closely mirroring the statutory text without adding interpretive depth.
  [ID: 42cc8174-10a9-4aa7-8c20-edf00ac69889] Reasoning: This sentence defines 'circumventing protection afforded by a technological measure' but does so in a way that closely mirrors statutory language, lacking additional context or application.
  [ID: d2a4c52e-91d6-45ce-bb6d-02564871c416] Reasoning: This sentence provides a definition of a technological measure that effectively protects a copyright owner's rights, but it is largely a restatement of the statutory language.
  [ID: efac83d9-4543-4b8a-aa42-74239a6d8fa8] Reasoning: This sentence discusses a legal assertion regarding 'mod chips' but does not provide significant interpretive context or application of the term 'technological measure'.
  [ID: 7b3c2c06-564b-46aa-b3d7-a971f8c8a5bd] Reasoning: This sentence presents an argument regarding the PlayStation authentication process and its classification as a technological measure, providing some interpretive context.
  [ID: 3cd1fe9f-4748-45ce-af26-edcb81b3f836] Reasoning: This sentence discusses the availability of circumvention devices and their implications for the effectiveness of technological measures, providing relevant context.
  [ID: 63b36a87-2951-4276-b294-1a552b9c4fc5] Reasoning: This sentence explains potential liability for marketing products that enable circumvention of technological measures, adding interpretive context to the phrase.
  [ID: 2c3fe3a1-753e-4604-b2f6-9a21da5aa9bb] Reasoning: This sentence describes a grand jury indictment related to circumvention of technological measures, providing a factual application of the term in a legal context.
  [ID: 22df48f4-c5bb-420d-8f91-376805a192a1] Reasoning: This sentence details charges related to circumvention of technological measures, providing context for legal enforcement of the statute.
  [ID: f27afc9c-85c1-4572-97c3-0c6cd3eebffb] Reasoning: This sentence is a direct quote of the DMCA's anti-circumvention provision, providing no new interpretive value beyond the statute itself.
  [ID: 3767fde2-051b-4c43-83e1-4742b3e9ecc9] Reasoning: This sentence defines 'to circumvent a technological measure' in a way that closely mirrors statutory language, lacking additional context or application.
  [ID: 56ebf9f4-8544-4249-8089-9f16694b646a] Reasoning: This sentence explains the scope of Section 1201(a)(1) in relation to circumvention, providing some interpretive context.
  [ID: ee909fc0-668f-417b-84cc-16ee798da3e4] Reasoning: This sentence discusses the issue of circumvention in a specific case, providing context for the application of technological measures.
  [ID: 362aa876-be2b-44ce-93c1-1a000546fc31] Reasoning: This sentence clarifies the interpretation of 'bypass' or 'avoid' in relation to the use of copyrighted works after circumvention, providing critical interpretive guidance.
  [ID: cbc3e830-2a50-4cf7-8a01-78cb45d76a60] Reasoning: This sentence outlines a court's injunction against various actions related to circumventing technological measures, providing a practical application of the term.
  [ID: 113fbe97-ba89-4cf0-ba84-671f2ed5c728] Reasoning: This sentence explains the burden of proof for a DMCA violation, providing a clear application of the term 'technological measure' in a legal context.
  [ID: 1948ac54-db5e-4700-b58a-b65bec26a1c2] Reasoning: This sentence is a direct quote of the statute stating that no person shall circumvent a technological measure, providing no new interpretive value.
  [ID: 1f48c761-86a7-423f-a2e2-45f62b7f3598] Reasoning: This sentence is a direct quote of the statute regarding trafficking in technology designed to circumvent technological measures, providing no new interpretive value.
  [ID: 8c196297-1091-44de-8e45-73c376817bef] Reasoning: This sentence describes a specific technological measure in the context of TracFone's software, providing a practical example of the term's application.
  [ID: 7203de95-0813-485b-9a4d-c44505ec91e3] Reasoning: This sentence discusses the unauthorized actions taken against TracFone's technological measures, providing context for the application of the term.
  [ID: 3ef65add-a8fe-4d82-a2d6-46dd77156193] Reasoning: This sentence describes the actions of defendants in relation to TracFone's technological measures, providing a practical application of the term.
  [ID: eb38115c-e0c7-418c-a08c-0f5aefd5e80a] Reasoning: This sentence discusses the absence of a technological measure in a specific case but does not provide any new interpretive context or application of the term 'technological measure'.
  [ID: 24596461-f79f-464d-b831-8cb9b3cbe427] Reasoning: This sentence provides a detailed case law analysis regarding the definition of circumvention in relation to technological measures, offering significant interpretive context and application.
  [ID: 799a59dd-acc8-4ebb-81c4-e61dff412d31] Reasoning: This sentence discusses a case where unauthorized use of a low-tech methodology to bypass a technological measure is considered circumvention, adding interpretive value to the term.
  [ID: 6b47e4a7-5b88-4617-a204-0570501ee6f7] Reasoning: This sentence reiterates a court's holding regarding unauthorized use of passwords as circumvention, providing relevant case law that clarifies the application of technological measures.
  [ID: 486d98b9-cfa9-4a99-824d-1127ebb2611f] Reasoning: This sentence explains the implications of the terms 'avoid' and 'bypass' in the context of circumvention, providing critical interpretive guidance on how actions relate to technological measures.
  [ID: befe50d4-375a-4dc0-8bfa-293a9866ceee] Reasoning: This sentence cites a case that defines circumvention in relation to technological measures, providing relevant legal context and interpretation.
  [ID: 3749c10a-1bc8-410d-8498-9f048aba171c] Reasoning: This sentence discusses the absence of a reference to 'use' of a technological measure in the statute, which adds interpretive context regarding the limitations of the statute's language.
  [ID: a7ffe5f9-97e2-4a72-9c04-1039d8b65a78] Reasoning: This sentence explains that stealing a device does not constitute circumvention of a technological measure, clarifying the distinction between theft and circumvention.
  [ID: 3cc38a97-a65b-4162-8d73-a2b80010500b] Reasoning: This sentence outlines the requirements for stating a claim under the anti-trafficking provision, providing important context for understanding the application of technological measures.
  [ID: da49b02b-a5a3-49e7-950e-2fa26accf8a0] Reasoning: This sentence describes a specific technological measure used in a case, providing concrete examples of how such measures operate in practice.
  [ID: c7491a06-316e-42d5-919b-40f6bd1f7027] Reasoning: This sentence summarizes a court's decision regarding a digital cable filter and its relation to technological measures, providing relevant legal interpretation.
  [ID: 22d4fe8d-3b32-4445-b6d3-c4bc12e44a95] Reasoning: This sentence explains the conditional access system in a specific case, illustrating how technological measures function in practice.
  [ID: f6a359ec-bc0b-4925-8b02-e7e8b220ac56] Reasoning: This sentence states that the plaintiffs did not allege a technological measure was circumvented, but it does not add new interpretive context.
  [ID: dd8c5bbd-8918-48e6-9ae1-00c3ea624973] Reasoning: This sentence states that a defendant may be liable for other violations but not for circumventing a technological measure, which does not provide new interpretive context.
  [ID: c0d7c7db-8ee0-4d72-8275-724f0985246c] Reasoning: This sentence discusses the ability of devices to circumvent a technological measure but does not provide new interpretive context.
  [ID: 17952513-0199-4651-9e32-29311f9c9152] Reasoning: This sentence discusses liability for circumvention but does not provide new interpretive context or application of the term 'technological measure'.
  [ID: 307e6e5b-fcfc-4f7f-8f94-8b839f46ea7b] Reasoning: This sentence is a direct quote of the statute regarding circumvention of technological measures, providing no new interpretive value.
  [ID: aba6d922-7129-4147-8dcc-1f3b9b4fdd7b] Reasoning: This sentence is a direct quote of the definition of circumvention in relation to technological measures, providing no new interpretive value.
  [ID: fddeef86-d24a-48e1-85d7-27bbeaabc978] Reasoning: This sentence is a direct quote of the statute regarding trafficking in technology for circumventing technological measures, providing no new interpretive value.
  [ID: 71ea2043-f038-4d64-9c7f-da185f12dfa7] Reasoning: This sentence is a direct quote of the statute regarding trafficking in technology for circumventing technological measures, providing no new interpretive value.
  [ID: b28dad48-d2ee-4b28-8f84-03180d1ec0ff] Reasoning: This sentence states that appellants argue they are not liable under the DMCA, but it does not provide new interpretive context or application of the term 'technological measure'.
  [ID: d15d874d-eba3-47e0-a86d-93e8febb276f] Reasoning: This sentence is a direct quote of the definition of circumvention in relation to technological measures, providing no new interpretive value.
  [ID: e76ab69c-6b5b-40de-83d8-6dd88d1e6870] Reasoning: This sentence describes a specific technological measure in a case, providing concrete examples of how such measures operate in practice.
  [ID: 826f70c6-b903-4f04-8ff6-dd4fb366a9ed] Reasoning: This sentence cites a case that recognizes encoding and scrambling as a technological measure, providing relevant legal context and interpretation.
  [ID: dbc467b7-0257-43e8-ab33-13bdb19795cb] Reasoning: Describes specific actions taken by Skylink regarding devices designed to circumvent technological measures, providing context for the application of the statute.
  [ID: f4232911-44cb-4848-b4b8-e6f2d1b5c1ff] Reasoning: Direct quote of the DMCA without any additional interpretive context or application.
  [ID: 8d9739b1-3b67-447c-a841-98ad59b71382] Reasoning: Defines what it means to circumvent a technological measure, adding clarity to the term's application.
  [ID: 63d9130d-49d5-4baf-9d42-918bff47e788] Reasoning: Direct quote of the statute's definition of a technological measure, providing no new interpretive value.
  [ID: 48f35ba2-7423-4982-aacd-51ea39c1faa3] Reasoning: Discusses a specific case where a VPN is argued not to be a technological measure, providing context for legal interpretation.
  [ID: 70dc7989-d550-4a72-af57-6af46b8cfc90] Reasoning: Analyzes how to determine if a technological measure effectively controls access, adding interpretive depth.
  [ID: b56ff06a-99a7-4fa8-913f-790ec2d7283c] Reasoning: Describes a specific instance of a technological measure in action, illustrating its function and implications.
  [ID: 422c4561-4961-4edf-b36f-f5ba33ec6167] Reasoning: Explains how circumventing a technological measure enables access to specific programs, providing practical application.
  [ID: 95427041-40ca-4ea9-b4ab-5f3f8f1d98f1] Reasoning: States the purpose of the DMCA in prohibiting trafficking of products that circumvent technological measures, providing context.
  [ID: 653a8edf-b082-4381-b71b-65bb0efe5922] Reasoning: Describes the anti-trafficking provision of the DMCA, reiterating the prohibition without adding new interpretive value.
  [ID: 3609563e-553a-4400-820f-467511610535] Reasoning: Provides a detailed breakdown of the anti-trafficking provision, but largely reiterates statutory language without new insights.
  [ID: c32d003f-4a8a-4b6a-90e1-3a3f5f1ce0cc] Reasoning: Reiterates the definition of a technological measure from the DMCA, providing no new interpretive context.
  [ID: 8a460ad1-d545-4358-b35a-59d1478023ed] Reasoning: Describes how a product or device circumvents a technological measure, but does so in a way that closely mirrors statutory language.
  [ID: 0a931298-f7e6-4c71-bcc5-34c3b75dc251] Reasoning: States a general principle about the violation of section 1201(a) without adding specific interpretive value.
  [ID: 5e8cb6c2-93f8-45a9-95e5-31a08cb7e848] Reasoning: Compares the authentication sequence of Lexmark to that of Sony, providing context for understanding technological measures.
  [ID: 55470da2-f945-4cd7-948d-08befdbf3a0e] Reasoning: Describes the function of a technological measure in the PlayStation console, providing context for its application.
  [ID: 993a38eb-5961-4cca-bcef-f7ac4f6e7ae7] Reasoning: Compares the technological measures of Lexmark and PlayStation, providing context for understanding their functions.
  [ID: 351f162a-5820-4a75-9dcf-cd48d55a4408] Reasoning: Discusses public policy opposition to technological measures, providing a broader context for the legal debate.
  [ID: 96caa4cf-366d-41a3-90ba-dddffde3df3d] Reasoning: States the legal claims regarding the SMARTER microchip and its circumvention of technological measures, providing context for the case.
  [ID: a71d5039-e911-4101-a1f9-4f0e64090cf1] Reasoning: This sentence states that no encryption or technological measure prevents access to a specific program, but it does not provide any interpretive context or application of the term 'technological measure'.
  [ID: 33c7e237-e8be-48bb-a50b-281d7f1bfa8c] Reasoning: This sentence explains that Lexmark cannot claim to have a technological measure that effectively controls access because it has not taken steps to prevent access to its copyrighted work. This provides context on the application of the term 'technological measure'.
  [ID: b0843da5-5d5d-4c39-9194-f0267952005d] Reasoning: This sentence discusses Congress's intent regarding liability for circumvention of technological measures, but it does not provide specific interpretive guidance or application of the term.
  [ID: 4bce5935-d4c6-4e41-adf3-14d51269d1ad] Reasoning: This sentence references a hearing and a specific interpretation of the DMCA, but it does not add significant interpretive value regarding the term 'technological measure'.
  [ID: e3927f01-bf0d-430a-94be-ab4458b486d7] Reasoning: This sentence outlines the requirements for liability under the DMCA, specifically mentioning that the technological measure must control access to a protected work. It provides a clear application of the term.
  [ID: 6a0b4d39-a87b-4433-848e-cc3ff61d4772] Reasoning: This sentence explains the prohibition against trafficking in technology designed to circumvent a technological measure, providing context for its application under the DMCA.
  [ID: f88261e5-6d1d-48a6-89cb-c59ef6a9f5c3] Reasoning: This sentence discusses Lexmark's interpretation of the statute regarding technological measures, but it does not clarify the term's application or provide significant interpretive depth.
  [ID: aabde784-35ee-43a3-aa96-c1a289c57443] Reasoning: This sentence references a court's conclusion regarding a specific technological measure and its circumvention, providing a practical application of the term.
  [ID: 4994ad7a-309c-41c8-b257-fde7f7e2f396] Reasoning: This sentence states that Lexmark's authentication sequence is a technological measure that controls access to copyrighted works, providing a specific application of the term.
  [ID: 7e0224b8-515c-4f21-bf7b-eb7edb6dbbd2] Reasoning: This sentence summarizes the DMCA's purpose and its prohibition against circumventing technological measures, but it does not provide specific interpretive guidance.
  [ID: c9691864-37d8-4b1f-b3a9-c039c0fdfe06] Reasoning: This sentence discusses Jagex's claim regarding the circumvention of a technological measure, providing context for its application in a specific case.
  [ID: 4c0cce04-0e78-4f54-a611-0e201bfcec2d] Reasoning: This sentence mentions that Jagex has not indicated a specific technological measure, but it does not provide further interpretive context or application.
  [ID: 967acb0a-3d96-4c22-8415-2af374e04b70] Reasoning: This sentence provides a general definition of a technological measure, but it does not add significant interpretive value or context.
  [ID: d1e48cbb-1012-4db6-9b69-ede3e4d68821] Reasoning: This sentence states that the Runescape website has no specific technological measure, but it does not provide further interpretive context.
  [ID: e676187b-6fbc-4a25-941a-9528f2d23c18] Reasoning: This sentence describes a situation where defendants circumvent technological measures, but it lacks interpretive depth regarding the term.
  [ID: dea2c5b4-ce51-40aa-9142-7df1162c7cf0] Reasoning: This sentence outlines Chamberlain's claims regarding the circumvention of its technological measure, providing context for its application.
  [ID: 7c4ac8f4-a273-4f6a-a0f3-7cf1c711caae] Reasoning: This sentence is a direct quote of the statute regarding trafficking in technology designed to circumvent a technological measure, providing no new interpretive value.
  [ID: 11d00e66-5d5c-420e-8f85-9a745cf86e69] Reasoning: This sentence is a direct quote of the statute defining 'circumvent a technological measure', providing no new interpretive value.
  [ID: 0d2a792e-fc62-4f1d-9e49-43ef5993bd86] Reasoning: This sentence references a case and discusses the DMCA's application, but it does not provide significant interpretive context regarding the term 'technological measure'.
  [ID: e2ee6a01-1eca-4e3f-9f08-b53831747e2a] Reasoning: This sentence states that a rolling code is a technological measure that controls access, providing a specific application of the term.
  [ID: b6399333-bf80-424c-800c-975258b56604] Reasoning: This sentence reiterates the requirement that a technological measure must effectively control access to a work, but it does not provide new interpretive value.
  [ID: 9bc4a91c-1364-44c0-9026-6941b4e8fe4a] Reasoning: This sentence states that a plaintiff must demonstrate that a product circumvents a technological measure, but it does not provide further interpretive context.
  [ID: c224731b-d9d1-4dea-9912-9fb62c64a411] Reasoning: This sentence is a direct quote of the statute explaining what it means to circumvent a technological measure, providing no new interpretive value.
  [ID: 3028153b-0027-46c4-9925-c0c82ca49c51] Reasoning: This sentence is a direct quote of the statute regarding trafficking in technology designed to circumvent a technological measure, providing no new interpretive value.
  [ID: 4a63e64a-fe98-440a-89e7-194788439731] Reasoning: This sentence is a direct quote of the statute defining 'circumvent a technological measure', providing no new interpretive value.
  [ID: db12f5f8-8db7-4032-a4c9-094906eac071] Reasoning: This sentence is a direct quote from the statute regarding the prohibition of trafficking in technology designed to circumvent a technological measure. It does not provide any new interpretive context or application.
  [ID: b97dcc68-9554-485e-aa95-4e9c5c64bcbd] Reasoning: This sentence repeats the statutory definition of 'circumvent a technological measure' and the definition of a technological measure that effectively controls access. It does not add any interpretive value.
  [ID: fab921dc-5a83-4c8e-8a23-6cc7bc8eb868] Reasoning: This sentence discusses a specific case where a technological measure is alleged to control access to copyrighted programs. It provides context for the application of the statute, indicating potential liability under § 1201(a)(2).
  [ID: 6c772afe-b1b9-495f-9791-6ccdf27a5236] Reasoning: This sentence outlines specific allegations against Skylink regarding its product's design and purpose in relation to circumventing Chamberlain's technological measure. It provides a clear application of the statute in a legal context.
  [ID: dcf3f213-c7f0-42c0-99b2-884cd9b57da7] Reasoning: This sentence reiterates the statutory definition of 'circumvent a technological measure' without adding new interpretive context or application. It is redundant.
  [ID: 8f00388f-d7d5-4daa-8207-2d24e9104872] Reasoning: This sentence discusses the implications of implicit authorization in the context of the DMCA, indicating how it affects the burden of proof regarding circumvention. It provides interpretive context.
  [ID: a19f827d-d706-4a13-8023-31a91ffae3bb] Reasoning: This sentence asserts that all uses of products containing copyrighted software controlled by a technological measure are illegal unless authorized. It provides a broad interpretation of the DMCA's implications.
  [ID: c65e49fb-5fa8-4dd1-adb8-d208609a3dbd] Reasoning: This sentence summarizes a requirement for plaintiffs under the statute, emphasizing the need to prove lack of authorization. It provides some interpretive context but is somewhat general.
  [ID: 921b45ad-a942-4970-b025-c8e973cc526c] Reasoning: This sentence provides historical context for the DMCA and its purpose in relation to technological measures. It adds interpretive value by linking the statute to international obligations.
  [ID: f7c064e5-bfbe-43cd-827d-8b9024658e90] Reasoning: This sentence is a direct quote from the statute regarding the prohibition of circumventing a technological measure. It does not provide any new interpretive context or application.
  [ID: e4b4a1c3-853f-45ac-be2b-c9a16d454191] Reasoning: This sentence discusses the relationship between trafficking in devices and the protection of individual rights under copyright law. It provides some interpretive context regarding the scope of the statute.
  [ID: fddd70ea-bb2f-4571-81a8-a47d36b06817] Reasoning: This sentence discusses the legislative intent behind the DMCA and the scope of technological measures. It provides interpretive context regarding the balance of rights.
  [ID: bb5df6b4-f9ee-41f5-98e4-8b5218c871a5] Reasoning: This sentence references a case to argue that the DMCA has altered consumer expectations regarding the use of products with technological measures. It provides context for the implications of the statute.
  [ID: 207c331c-bf88-4f2e-8673-2cbcd1c16b12] Reasoning: This sentence describes a specific case involving a technological measure and its implications for copyright protection. It provides a concrete example of the statute's application.
  [ID: 77f8204b-3187-4293-933a-813327b81922] Reasoning: This sentence discusses the potential consequences of allowing copyright owners to block all access to their works, indicating a significant interpretive concern regarding the statute's application.
  [ID: e27305ba-1e80-4654-ba98-e84e0e261054] Reasoning: This sentence discusses the liability of traffickers in circumvention devices and the implications for copyright owners. It provides context for the application of the statute.
  [ID: 57b07fa5-8b67-45eb-9939-8efdb7ff457c] Reasoning: This sentence discusses the implications of a proposed construction of the statute regarding the rights of copyright owners. It provides critical interpretive context.
  [ID: 15f55fe3-84df-41e9-9540-02d2032750b7] Reasoning: This sentence provides a hypothetical application of the statute, illustrating how the DMCA could be interpreted in a real-world scenario. It adds significant interpretive value.
  [ID: 398a595a-995f-498f-8cda-7dc5482ff5ce] Reasoning: This sentence is a direct quote from the statute regarding the application of the DMCA. It does not provide any new interpretive context or application.
  [ID: ab0680df-a315-42ef-b686-752a98faf4c8] Reasoning: This sentence discusses the potential for copyright owners to use technological measures to limit fair use, providing critical interpretive context regarding the implications of the statute.
  [ID: 7241cde5-d20a-4ca0-9a41-39b2be788242] Reasoning: This sentence outlines the requirements for a plaintiff alleging a violation of § 1201(a)(2), providing a clear application of the statute and its implications.
  [ID: 3f084962-1d1e-4568-a5bd-33e33f6abb21] Reasoning: This sentence discusses lawful circumvention for interoperability purposes, providing a nuanced interpretation of the statute's application in specific contexts.
  [ID: 15646f45-d8e4-40ae-9894-797041497ba5] Reasoning: This sentence discusses the implications of Chamberlain's proposed construction on consumer expectations, providing critical interpretive context regarding the statute's impact.
  [ID: baaf786e-c23e-4aa9-baa1-c4530f4a432f] Reasoning: This sentence is a direct quote from the statute regarding the prohibition of trafficking in technology designed to circumvent a technological measure. It does not provide any new interpretive context or application.
  [ID: 04289f79-e0b3-488a-8f7b-5b32681e134f] Reasoning: This sentence raises a question about the liability of consumers who circumvent a technological measure, indicating a potential ambiguity in the statute's application. It provides some interpretive value.
  [ID: 6329f5e2-cd1f-40ef-af4e-dc4ab4f730ad] Reasoning: States the burden of proof on the plaintiff regarding the circumvention of a technological measure but does not provide further context or application.
  [ID: 95a1abe3-eb60-4a2f-949b-4a5d4461a196] Reasoning: Describes a specific case involving misinformation about a technological measure but does not clarify the legal implications or context of the measure itself.
  [ID: 1a872270-6c72-482c-99e8-b6c9c0a29093] Reasoning: Argues that a product is not primarily designed to circumvent a technological measure, providing some context but lacking depth in legal interpretation.
  [ID: 38ac93bb-07a7-4f06-bf82-2b5d6f93a53f] Reasoning: Directly quotes the statute regarding the prohibition of trafficking in technology designed to circumvent a technological measure, offering no new interpretive value.
  [ID: 1321aecf-ccc2-413d-8723-e1a081064936] Reasoning: Another direct quote of the statute regarding trafficking in technology, providing no new information or context.
  [ID: 5a3a3b82-b18e-4e5a-8bca-b6e07b6173a9] Reasoning: States that CSS is a technological measure but does not elaborate on its implications or applications in a legal context.
  [ID: 9439eb86-1cd6-4a43-821d-f7c1864abfac] Reasoning: Reiterates that CSS is a technological measure without providing additional interpretive context or legal analysis.
  [ID: defd0fce-c3f3-488c-bd53-9d390bb33d76] Reasoning: Describes a specific software's violation of the DMCA but does not provide deeper insights into the legal framework surrounding technological measures.
  [ID: dddcf48b-c3f3-488c-bd53-9d390bb33d76] Reasoning: Defines 'circumvent a technological measure' according to the statute, offering no new interpretive insights.
  [ID: b99eec41-1944-4bf7-82ee-8d834d5760c2] Reasoning: States that a section of the DMCA is concerned with illegal copying but does not elaborate on the implications of technological measures.
  [ID: 8ec8a67b-57d3-499b-843b-ba9fde5c7ec9] Reasoning: Repeats the statute's prohibition on trafficking in technology that circumvents a technological measure, providing no new context.
  [ID: 613e3271-16b3-4b88-bf8c-acbea024aff4] Reasoning: Describes a legal argument regarding the definition of circumvention but does not clarify its application or implications.
  [ID: 9476db63-2ae8-404c-a5f6-8f48bd0c8299] Reasoning: Argues against the design of a product to circumvent a technological measure, but lacks depth in legal interpretation.
  [ID: f8752f32-70a2-4063-95b0-3aa53963fb37] Reasoning: Claims that a DVD copying software was not designed to circumvent a technological measure, but does not provide further legal context.
  [ID: 42c57747-d271-4872-b31f-e41c2b9184a0] Reasoning: Directly quotes the statute defining a technological measure, offering no new interpretive insights.
  [ID: b2ba0e9f-a1e4-4999-aef8-438381630bf8] Reasoning: Repeats the statute's definition of circumventing a technological measure, providing no new context or application.
  [ID: 7195e429-daba-4baf-8552-67010ae60d00] Reasoning: Discusses the DMCA's regulation of computer code but does not clarify the implications of technological measures.
  [ID: 86fc7230-7476-48be-a7e9-72f102a1c281] Reasoning: Explains the DMCA's focus on the function of technological measures but lacks depth in legal interpretation.
  [ID: d4ac045b-d1b9-44ec-8b1e-03a0fb9e5144] Reasoning: Claims that the DMCA impairs First Amendment rights but does not provide a clear connection to technological measures.
  [ID: 226e97f9-606b-4a1b-b289-650b6dc0062b] Reasoning: Describes a violation of the DMCA regarding unauthorized access but does not clarify the implications of technological measures.
  [ID: d7af59bb-0ee7-42c6-9bcf-b4e8302bdce3] Reasoning: Directly quotes the statute regarding circumvention of a technological measure, providing no new interpretive insights.
  [ID: 5487ab5f-4bee-406b-88f1-6d6f83d3e3ca] Reasoning: Repeats the statute's definition of circumventing a technological measure, offering no new context or application.
  [ID: d8c118d7-8843-4582-97cb-07c1a6b2a3eb] Reasoning: Asks a question about the effectiveness of a technological measure but does not provide any substantive analysis or context.
  [ID: c5c9e644-085c-4442-930d-a75609fd6560] Reasoning: States that an action under the DMCA requires circumvention of a technological measure but does not elaborate on its implications.
  [ID: 3db0b6fe-1be6-48b8-8d1f-3d9a3bc2c4d5] Reasoning: Defines a technological measure according to the statute, providing no new interpretive insights.
  [ID: 4e7d4fb0-e8a8-4412-a169-3ded4c9191ad] Reasoning: This sentence states that Lexmark's toner cartridges contain a technological measure but does not provide any additional context or application of the term.
  [ID: 199f4f28-3386-4d45-bf8d-56318845735e] Reasoning: This sentence mentions that the technological measure does not prevent remanufacturing, but it does not elaborate on the implications or applications of this fact.
  [ID: 148253e2-0a59-41ea-80a3-a76d83aa391c] Reasoning: Similar to the previous sentence, it states that the technological measure does not prohibit consumer use of remanufactured cartridges without providing further interpretive context.
  [ID: 920231a4-d377-4cfa-b241-54e4657a8e10] Reasoning: This sentence discusses the role of experts in implementing legislation related to technological measures, providing context on the application of the law.
  [ID: e6162ab4-9cbb-4abf-92b2-e1cfa0dcee36] Reasoning: This sentence references section 1201(a)(2) and the prohibition against trafficking in devices designed to circumvent technological measures, but it does not add interpretive depth.
  [ID: 3b0f9548-f556-4383-876a-fef301b8a4ff] Reasoning: This sentence outlines the elements a plaintiff must prove under section 1201(a)(2), providing a clear application of the law regarding technological measures.
  [ID: 0a8bc99b-5de0-407b-86a3-be3f2c6218d6] Reasoning: This sentence mentions the use of technological measures like CAPTCHA to block access, but it lacks further context or analysis.
  [ID: 6a886e62-f90c-4db7-a1cb-4d1a5d2340d8] Reasoning: This sentence describes how third parties access copyrighted pages without authorization, but it does not provide additional interpretive context regarding technological measures.
  [ID: d9e9afac-75d3-440d-b7d0-d90e7ca6a8ca] Reasoning: This sentence notes that the DMCA does not equate 'technological measure' with other terms, but it does not provide further interpretive context.
  [ID: 3781958f-1cfd-41c6-9252-ec15c592a648] Reasoning: This sentence states that CAPTCHA is a technological measure that regulates access, but it does not elaborate on its implications.
  [ID: f76a81ea-fc2b-411b-a9fc-7e81452cc93a] Reasoning: This sentence is a direct quote of the statute defining a technological measure, providing no new interpretive value.
  [ID: 32697269-af98-4f64-b12f-ae7dfae59492] Reasoning: This sentence explains that CAPTCHA qualifies as a technological measure, but it closely mirrors the statutory definition without adding depth.
  [ID: 9a0734bb-bbca-4eac-9e3c-0e7d64969103] Reasoning: This sentence discusses section 1201(b)(1) and its prohibition against trafficking in devices circumventing technological measures, but it lacks interpretive context.
  [ID: aa06fb15-2ef0-4af3-b162-22afd33ef01f] Reasoning: This sentence compares sections 1201(a)(2) and 1201(b)(1), but it does not provide additional interpretive context.
  [ID: ff3e0c2e-fa50-4f1a-be68-729ce178b252] Reasoning: This sentence distinguishes between two types of technological measures but does not provide further interpretive context.
  [ID: 4e14772b-901f-4ce8-8f5f-bad8ec7f3d6d] Reasoning: This sentence outlines the elements required to state a claim under section 1201(a), providing a clear application of the law.
  [ID: 92969bd4-c3b0-4b7f-b7e3-49086d9e5fbc] Reasoning: This sentence states that the section forbids circumvention of technological measures but does not provide additional context or application.
  [ID: 1974d83c-e67d-4453-80db-2a0f98358020] Reasoning: This sentence discusses a specific legal issue regarding unauthorized access and its relation to technological measures, providing some interpretive context.
  [ID: 8e291dcb-5d0f-497a-ac6e-9aec4bdf50a8] Reasoning: This sentence states that an action violated the DMCA's prohibition on circumventing technological measures but lacks further interpretive context.
  [ID: 59b85aa0-ddfe-45a2-9391-71777228d887] Reasoning: This sentence discusses a court's determination regarding a password system as a technological measure, providing some interpretive context.
  [ID: 0933ffca-da95-46b2-848c-6bfe7130cae2] Reasoning: This sentence defines circumvention in relation to technological measures, but it does not provide additional context or application.
  [ID: 74aad8a2-7a3f-4c10-8f84-fa3d42cd31e3] Reasoning: This sentence discusses actions that constitute circumvention but does not provide further interpretive context.
  [ID: eac3db1b-ec2a-4b04-bf47-f75bf7a82fd6] Reasoning: This sentence explains what the defendant bypassed in relation to the technological measure, providing some interpretive context.
  [ID: b3c75808-e84b-4f7e-a7e3-d8975a1ba342] Reasoning: This sentence notes a court's observation regarding the defendant's actions in relation to the technological measure, providing some interpretive context.
  [ID: 682c304b-0a15-4186-943c-ea387ee87330] Reasoning: This sentence quotes provisions related to the development and employment of technological means to circumvent measures, but it does not provide any new interpretive context or application beyond the statutory text.
  [ID: 47fd0c83-2c64-4e03-9561-9fc2b93996bf] Reasoning: This sentence summarizes the conditions under which circumvention of technological measures is permitted for encryption research, but it does not add significant interpretive depth or context.
  [ID: e81ddbab-273f-4d3e-983c-b0f153fa6cf7] Reasoning: This sentence states that defendants are sued for violating Section 1201(a)(2) by providing technology to circumvent measures, but it does not elaborate on the implications or applications of 'technological measure'.
  [ID: 29c6f774-1643-49d2-a365-fdcdfb20546b] Reasoning: This sentence compares Section 1201(a)(2) and Section 1201(b), but it does not provide new insights into the application or interpretation of 'technological measure'.
  [ID: 16c45022-ed4e-4de7-aa49-c52ec1c45a09] Reasoning: This sentence describes a court order against defendants regarding DeCSS and technological measures, but it does not provide new interpretive context or application.
  [ID: ea269f5a-ea63-4db9-a66b-22e03560cf6d] Reasoning: This sentence discusses the DMCA's purpose in relation to technological measures but does not provide specific interpretive guidance or application.
  [ID: 868222bb-c35b-42b4-ad20-6c21ac06d210] Reasoning: This sentence is a direct quote of the statute regarding circumvention of technological measures, providing no new interpretive value.
  [ID: fa4563ad-dc0e-4082-832b-f28fd96de868] Reasoning: This sentence quotes the statute regarding trafficking in technology designed to circumvent measures, offering no new insights or applications.
  [ID: 152323a4-3df2-4764-9e2c-d925b9cbbc27] Reasoning: This sentence defines 'circumvent a technological measure' but does so in a way that closely mirrors statutory language, lacking interpretive depth.
  [ID: 38d35f2c-4549-461e-8d23-6b53b37f024a] Reasoning: This sentence states that subsection 1201(b)(1) is similar to subsection 1201(a)(2) but does not provide new insights into the application of 'technological measure'.
  [ID: 445a9add-67d5-4770-91c6-5a961b4c54e5] Reasoning: This sentence compares two subsections of the statute but does not provide new interpretive context or application regarding 'technological measure'.
  [ID: 50485227-376d-4811-82b4-ac9668a89cf5] Reasoning: This sentence discusses a court's explanation regarding DeCSS and its classification as a technological measure, but it does not provide new interpretive insights.
  [ID: 28971bdc-d16b-46fa-b5ab-3f81eb116f5f] Reasoning: This sentence discusses a potential defense against liability under subsection 1201(a)(2)(A) but does not clarify the application of 'technological measure'.
  [ID: 8e4e2a7b-45ae-40f3-8d8f-54091960423e] Reasoning: This sentence states that the DMCA contains provisions against circumvention of technological measures but does not provide new interpretive context.
  [ID: 220b59b7-8497-49fa-a942-b6ecee665e48] Reasoning: This sentence outlines the burden of proof for copyright owners alleging violations of the DMCA but does not provide new insights into 'technological measure'.
  [ID: 4cd21b5a-4fd5-4a7b-ae0c-35d16c767e21] Reasoning: This sentence states that a defendant did not claim to have a technological measure in place, but it does not provide new interpretive context.
  [ID: 713206a5-8ef0-4f40-ba61-2ce21b399940] Reasoning: This sentence discusses a motion to dismiss based on the failure to plead circumvention of a technological measure, but it does not provide new insights.
  [ID: 4244746a-0ba0-485a-878a-6f63933604b3] Reasoning: This sentence is a direct quote of the statute regarding circumvention of technological measures, providing no new interpretive value.
  [ID: 77321b04-0681-499b-bbcf-152c3d9fadb8] Reasoning: This sentence states that both provisions aim at conduct that circumvents technological measures but does not provide new interpretive context.
  [ID: a8b8c539-1c90-498f-8f4f-ba9b51b24bc7] Reasoning: This sentence defines circumvention in a way that closely mirrors statutory language, lacking interpretive depth.
  [ID: 28f53d29-6c62-4321-89d1-64d6c9eaf1b5] Reasoning: This sentence is a direct quote of the statute defining 'technological measure', providing no new interpretive value.
  [ID: 8564fb36-7fcc-4deb-94d3-4a197b87ff56] Reasoning: This sentence states that a conditional access system is a technological measure but does not provide new interpretive insights or applications.
  [ID: acb29fb7-7f81-4251-994e-c6cdceb23d92] Reasoning: This sentence states that merely alleging access to a work protected by a technological measure is insufficient for a claim, but it does not provide new insights.
  [ID: 2ac74c2b-2152-4d96-90c7-e248ca92845b] Reasoning: This sentence discusses a rebroadcasting scheme and its relation to circumventing a technological measure but does not clarify the application of 'technological measure'.
  [ID: 7341a380-8d18-4d4a-81e7-67b357a9b3b2] Reasoning: This sentence states that the anti-circumvention provision aims at unauthorized circumvention but does not provide new interpretive context.
  [ID: 81b3f8ad-e3dd-4bfe-b44b-51224c65752d] Reasoning: This sentence discusses trafficking in technology designed to circumvent technological measures but does not provide new interpretive context or application beyond the statutory language.
  [ID: 3504e017-444c-48f9-9dc6-5f1ab2138c29] Reasoning: This sentence is a direct quote of the statute regarding trafficking in technology designed to circumvent technological measures, providing no new interpretive value.
  [ID: 58709d01-28c5-49c1-9b40-6150bd1c1853] Reasoning: This sentence explains the requirement for a plaintiff to show that CSS is a technological measure that effectively controls access, adding context to the application of the statute.
  [ID: 52f86c01-7c4d-47f9-b709-4b3c65b2865f] Reasoning: This is a direct quote of the statutory definition of a technological measure, providing no new interpretive context.
  [ID: a0776abb-7ec4-4996-83f9-2555144f01ac] Reasoning: This sentence addresses an argument regarding the effectiveness of CSS as a technological measure but does not provide substantial interpretive depth.
  [ID: c97d5302-51d6-40b6-b244-8d91b76bb57e] Reasoning: This sentence outlines the requirements for a plaintiff to show that products are designed to circumvent technological measures, providing relevant application context.
  [ID: e7ab1104-ce54-47cd-a279-b7ed4b777be4] Reasoning: This sentence states that CSS is a technological measure that effectively controls access, but it does not add new interpretive value beyond the statutory definition.
  [ID: 3f6a9918-5cfa-4922-a7a1-884a213d3851] Reasoning: This sentence provides a general statement about statutory protection against circumvention but lacks specific application or context.
  [ID: b8e80c0c-5823-49e7-b787-8874731ac2d3] Reasoning: This sentence is a direct quote of the statute regarding the definition of a technological measure, providing no new interpretive context.
  [ID: f53840af-1227-4d96-9519-f521502bca56] Reasoning: This sentence concludes that CSS technology is effective in preventing copying, providing a specific application of the statute.
  [ID: f8ef9e66-7c54-439a-8a8e-c59e4c9a138e] Reasoning: This sentence defines circumvention in relation to technological measures, but it does not provide new interpretive context or application.
  [ID: b920395c-e1e8-459e-8867-687b192e0065] Reasoning: This sentence cites case law regarding CSS as a technological measure, but it primarily repeats established interpretations without adding new insights.
  [ID: 178b4daa-1de7-41d8-9444-f45e804f68a2] Reasoning: This sentence discusses RealDVD's liability in relation to CSS technological measures, providing relevant application context.
  [ID: 34279f3f-2473-4879-9795-69754a304a92] Reasoning: This sentence describes CSS's role in safeguarding against access to copyrighted content, but it does not provide new interpretive context.
  [ID: 61289703-9176-44b8-b106-d5d11cd714a9] Reasoning: This sentence discusses Real's admission of liability regarding ARccOS and RipGuard, providing context for the effectiveness of technological measures.
  [ID: f5f1d225-245e-4812-8470-b53a2ccc43a0] Reasoning: This sentence clarifies that there is no intent element in the circumvention provision, providing important interpretive context.
  [ID: 824a6d42-ee15-404c-83be-613bc4c02d94] Reasoning: This sentence explains the statutory definition of circumvention, but it does not provide new interpretive context or application.
  [ID: 314605f1-eab8-47cc-baac-6bbe4321d22d] Reasoning: This sentence states that fair use is not a defense against trafficking in circumvention products, providing relevant legal context.
  [ID: c1026b4e-0940-430f-b9bf-d66f4110b033] Reasoning: This sentence describes the prohibition against trafficking in devices that circumvent technological measures, but it does not add new interpretive value.
  [ID: 5ce7f5d1-0f47-46e7-ac3d-77940c54c72f] Reasoning: This sentence discusses the nuances of fair use in relation to circumventing technological measures, providing important interpretive context.
  [ID: d7cdf384-2307-4773-988c-030cf8281780] Reasoning: This sentence clarifies that the DMCA prohibits circumvention but not the downstream use of materials, providing relevant legal context.
  [ID: 5f071c1a-0c5d-4f9a-8d3c-e3b14fa8fff0] Reasoning: This sentence states that RealDVD circumvents a technological measure, providing a specific application of the statute.
  [ID: 37770ae3-633c-41ea-9608-1e57bcefc12e] Reasoning: This sentence is a direct quote of the statute regarding trafficking in technology designed to circumvent technological measures, providing no new interpretive value.
  [ID: e77d2d12-1d53-4236-90b2-d3e8b182a72b] Reasoning: This sentence states that CSS is a technological measure that effectively controls access, but it does not add new interpretive value beyond the statutory definition.
  [ID: 89833d67-2303-4a5e-b695-56ca1c558648] Reasoning: This sentence discusses the authority of the copyright owner in relation to technological measures, providing relevant legal context.
  [ID: 0a32c4d9-5323-4225-8a13-1116a3408d65] Reasoning: This sentence poses a question about whether a technological measure was circumvented but does not provide any substantive information or context regarding the term itself.
  [ID: 251c79df-99dc-47ae-a7f7-edc56fa0632e] Reasoning: This sentence describes the actions that constitute circumvention of a technological measure but does not provide any new interpretive context or application beyond the statutory language.
  [ID: c7c9ccbe-1974-4bc8-8ea3-c0c1dcef1d5e] Reasoning: This sentence states that the defendant did not bypass the technological measure but does not elaborate on the implications or provide any interpretive context.
  [ID: 60d30554-5672-4852-976e-fdaabfb1aea6] Reasoning: This sentence clarifies what the defendant bypassed but does not add significant interpretive value regarding the technological measure itself.
  [ID: 9a491a47-4e9e-4c27-9f40-81a76bd4c92e] Reasoning: This sentence explains that the defendant used a password issued by the plaintiff, which does not provide new information about the technological measure itself.
  [ID: cd6f92bd-7e7c-452c-b76b-79dfe10dc723] Reasoning: This sentence discusses anti-trafficking prohibitions related to technological measures but does not provide new interpretive context beyond the statutory language.
  [ID: 6ea766d5-36f6-4ddc-94a0-e026065f1bf8] Reasoning: This sentence states the conditions under which a claimant is entitled to relief under the DMCA but does not add interpretive depth regarding technological measures.
  [ID: 5d0a58d0-5d2b-4b89-948f-9cf7d1d6995f] Reasoning: This sentence outlines a specific case involving technological measures but primarily repeats factual assertions without providing new interpretive insights.
  [ID: 2c56d77c-4fa3-47ff-9d25-4ef58e8999a3] Reasoning: This sentence alleges circumvention of technological measures but does not provide any new context or interpretation of the term.
  [ID: 0886adad-3126-4693-ab28-481243cd93b2] Reasoning: Similar to the previous sentence, this one alleges circumvention without adding interpretive value or context.
  [ID: ee023f70-03a0-4306-bbed-201e21763b9a] Reasoning: This sentence discusses procedural issues on appeal but does not provide any substantive interpretation of technological measures.
  [ID: 6d1fd790-6a1a-4ea3-ab98-141bbd8c5b9f] Reasoning: This sentence also addresses jury instructions without providing new insights into the meaning or application of technological measures.
  [ID: 3fbf11b8-3bd5-4374-a27a-bf18b70e9b73] Reasoning: This sentence states that the jury instruction used the statutory definition, which does not add interpretive value.
  [ID: 893fed8b-2902-42de-846f-f3626da83ef0] Reasoning: This sentence references a case where the statutory definition was used in jury instructions but does not provide new interpretive context.
  [ID: 33df0dc5-6dd2-44ac-aac2-34a1457b719f] Reasoning: This sentence quotes the statute regarding trafficking in technology but does not provide any new interpretive insights.
  [ID: 5a0b462b-8f50-486f-8548-dfdeccb12d72] Reasoning: This sentence provides background on the DMCA's enactment but does not add specific interpretive value regarding technological measures.
  [ID: f9f1f3b6-b8d2-47c6-aed9-d41b63c17dc0] Reasoning: This sentence states that the DMCA contains provisions against circumvention but does not elaborate on their application or interpretation.
  [ID: c04cf5aa-50e9-46ee-8bf2-6e8241785c4f] Reasoning: This sentence quotes the statute regarding the prohibition against circumventing technological measures without providing new interpretive context.
  [ID: fb8a5298-2718-46f8-9539-d7a4581dedbe] Reasoning: This sentence describes another provision of the DMCA but does not provide new insights into the term 'technological measure.'
  [ID: e635b3f3-3c93-4467-ad7e-98bb8e28d6f2] Reasoning: This sentence describes a third provision of the DMCA but does not add interpretive value regarding technological measures.
  [ID: 7e858c19-e7e5-4357-8bbd-9fc26fe626bd] Reasoning: This sentence quotes the statute again regarding the prohibition against circumventing technological measures, providing no new interpretive context.
  [ID: a2bea9b7-a3aa-48f0-bb79-a5976673934c] Reasoning: This sentence contains a garbled quote of the statute and does not provide any coherent interpretive value.
  [ID: bac333f7-791c-4fe9-9aa8-5dfa934d875f] Reasoning: This sentence summarizes the prohibition against circumvention but does not provide new insights or applications of the term.
  [ID: 4d7e69c0-2397-4258-ba29-fead45def6a9] Reasoning: This sentence contrasts two sections of the DMCA but does not provide new interpretive insights regarding technological measures.
  [ID: 1c245b9c-d8d8-4ae3-b02a-13c758c3cfd9] Reasoning: Describes Apple's use of technological measures but does not provide any interpretive context or legal analysis.
  [ID: 25f2b561-449b-4dd1-b869-2fc3d214adcf] Reasoning: Mentions the DCMA's prohibition against circumventing technological measures, but does not elaborate on its application or implications.
  [ID: a1452ee3-f520-48dd-a807-de7c9f782754] Reasoning: Illustrates a specific case of circumvention of a technological measure, providing context for its application under the DCMA.
  [ID: 8603a654-0c5f-41b7-afe0-994a5a7de6ec] Reasoning: Discusses the relevance of technological measures in a legal defense context, indicating their importance in the case's arguments.
  [ID: 54f17a9b-8ed2-490e-b983-7092e1ba5f24] Reasoning: Details the defendant's arguments regarding technological measures, providing insight into the legal strategy and implications of those measures.
  [ID: a0f8496d-10c8-463f-be5e-065e74fc7755] Reasoning: Critiques the defendant's lack of specifics regarding technological measures, highlighting their significance in the case.
  [ID: 50acf391-0249-436f-b0d6-05170ecab372] Reasoning: Describes an indictment related to circumventing technological measures, providing a concrete example of legal consequences.
  [ID: db43c3c4-7865-44a2-bdfe-998b74f284a8] Reasoning: Direct quote of the statute regarding circumvention of technological measures. No interpretive value beyond the statute itself.
  [ID: c5d441ae-a174-4b81-a75f-3f5b91a66721] Reasoning: Discusses a specific case involving modification chips and their design to circumvent technological measures, providing context for legal interpretation.
  [ID: c2b0c5c0-1dc0-48b9-8dd0-46fbd549785b] Reasoning: Lists charges related to circumventing technological measures, but lacks interpretive context or application.
  [ID: a7b35c76-3c08-4995-b8af-8fb4604ef78d] Reasoning: Describes charges related to conspiracy and copyright infringement involving technological measures, but lacks depth in interpretation.
  [ID: b036e9a0-881d-4922-b958-5ed5e9d51eb6] Reasoning: Lists charges similar to previous entries, providing no new interpretive context.
  [ID: b5d0929d-2de9-4f1a-abaa-90ae13cb3b06] Reasoning: Describes charges against individuals for copyright infringement and circumventing technological measures, but lacks interpretive depth.
  [ID: 7213c5f9-715a-4cbb-8227-a53ee7104eab] Reasoning: Details the elements required to allege a violation of the statute, but does not provide interpretive context.
  [ID: 9c3556ef-9aed-4c11-8b8f-a3344629d3cf] Reasoning: Direct quote of the statute regarding circumvention of technological measures. No interpretive value beyond the statute itself.
  [ID: ce0cc9e2-558c-4836-978a-4cc1e78551c8] Reasoning: Direct quote of the statute regarding circumvention of technological measures. No interpretive value beyond the statute itself.
  [ID: 342bab16-ad2a-41f3-9af0-03905a0985e7] Reasoning: Describes a specific technological measure used by TracFone, providing context for its application.
  [ID: 4dbddaf7-c8fb-4a42-9823-df825eb4c5be] Reasoning: Describes actions taken by defendants to bypass technological measures, providing context for legal implications.
  [ID: c689b960-2b20-4e16-b104-d834c97ecac3] Reasoning: Discusses defendants' actions to impair technological measures, providing context for legal consequences.
  [ID: 49d469a1-8f3d-4024-938b-fc11baa8a863] Reasoning: Describes defendants' actions related to circumventing technological measures, providing context for legal implications.
  [ID: 0de4eddb-1280-440a-9ea4-e80b85d889a4] Reasoning: Lists various claims against defendants, including circumvention of technological measures, but lacks interpretive depth.
  [ID: fa1eabf3-7228-4a1f-ac45-a5f2ce57fa01] Reasoning: Describes defendants' possession of instruments that impair technological measures, providing context for legal implications.
  [ID: 50825ed1-5ce9-4a2e-bad4-0011ae5f34ee] Reasoning: Provides a definition of circumventing a technological measure, which adds clarity to the term's legal interpretation.
  [ID: e1c3e0b6-f463-4e81-8d49-407df7378bd1] Reasoning: Direct quote of the statute defining a technological measure. No interpretive value beyond the statute itself.
  [ID: c097280b-906d-405e-b5f3-b0f740edf29e] Reasoning: Discusses a legal argument regarding what constitutes a technological measure, providing context for its interpretation.
  [ID: 1a84e4c7-0739-4230-ba28-db81d75197a3] Reasoning: This sentence provides a definition of 'circumvent a technological measure' but does not add any new interpretive context or application beyond the statute itself.
  [ID: c92f6809-6077-47ca-9fe9-7398426d25c7] Reasoning: This sentence illustrates a specific instance where a rolling code security system is identified as a technological measure, providing context for its application.
  [ID: ada262a0-0c86-43b9-97b4-ab1394082178] Reasoning: This sentence discusses the trafficking of technology used to circumvent a specific technological measure, adding context to the application of the statute.
  [ID: 8dd9bb7e-20f3-4e54-93c2-9088e2b3d4ef] Reasoning: This sentence explains the requirement for a technological measure to control access 'effectively', which adds interpretive depth to the understanding of the statute.
  [ID: 51877f81-4a0e-441f-b8c4-0b34f8e13cc3] Reasoning: This sentence outlines the criteria for trafficking in technology designed to circumvent a technological measure, providing a clear application of the statute.
  [ID: f6c24b38-72b8-47ad-ae0e-4c47c2c405a8] Reasoning: This sentence is a direct quote of the statute, providing no new interpretive value.
  [ID: 8d47d588-3853-46dc-ac54-9982ffd6a9c4] Reasoning: This sentence describes a specific instance of circumvention approved by the Library of Congress, providing practical application of the statute.
  [ID: b89ff3bb-6d70-407a-b31e-50c39b9f701b] Reasoning: This sentence compares two sections of the statute but does not provide new interpretive context or application.
  [ID: 2f8740f0-3c7b-4668-b13b-0b5a4d04a18c] Reasoning: This sentence is a citation of a summary document and does not provide new interpretive value regarding the phrase of interest.
  [ID: 75c1dfd8-d0f4-469f-8abb-fbc113a00a22] Reasoning: This sentence is a direct quote of the statute, providing no new interpretive value.
  [ID: 67ba929f-1bcf-4258-97fa-2acac6209cf3] Reasoning: This sentence is a direct quote of the statute, providing no new interpretive value.
  [ID: 217e7c84-7f57-4173-9115-09bb42d19923] Reasoning: This sentence is a direct quote of the statute, providing no new interpretive value.
  [ID: 8a0349dd-7832-4876-bd5e-9843cdc58ad2] Reasoning: This sentence describes a specific legal case involving circumvention of technological measures, providing context for its application.
  [ID: 3117a192-dac4-440f-af85-0e634342a542] Reasoning: This sentence discusses the defendants' actions in relation to technological measures, providing context but lacking depth in interpretation.
  [ID: af215cb9-5a30-49c9-92d0-421dc8c619fc] Reasoning: This sentence outlines an exception to the prohibition against circumvention, providing important interpretive context.
  [ID: c1b5e47c-19b3-46a3-be7e-222ed2a09da3] Reasoning: This sentence describes a specific instance of circumvention involving Blizzard's technological measure, providing context for its application.
  [ID: e748e71f-7985-4d16-a0a3-3f8a07c08f3f] Reasoning: This sentence discusses the limitations of the statute regarding circumvention, providing important interpretive context.
  [ID: b3e08b94-0de6-4f52-b161-6296bb82748c] Reasoning: This sentence outlines the prohibitions against trafficking in technology designed to circumvent a technological measure, providing clear application of the statute.
  [ID: 6df653bd-c992-4c34-9f34-a5eeabe9f0c8] Reasoning: This sentence discusses the 'secret handshake' as a technological measure, providing context for its application.
  [ID: 8f3dae0f-4cf9-48c2-9279-e5de9103d440] Reasoning: This sentence discusses the development of technological means to circumvent a measure for interoperability, providing important interpretive context.
  [ID: 6c455484-aad9-4b45-aba6-732797542128] Reasoning: This sentence summarizes the general prohibition against unauthorized access through circumvention, but does not add new interpretive value.
  [ID: 06aacc00-4d62-406f-b170-36b5cdab8f25] Reasoning: This sentence clarifies the application of the statute once authorized access is obtained, providing important interpretive context.
  [ID: 6547265f-1846-439b-a697-558a90e96943] Reasoning: This sentence discusses a legal interpretation regarding the burden of proof related to circumvention, providing context for its application.
  [ID: 8a21ed50-dce7-4526-8218-7e6cb5c0c951] Reasoning: This sentence is vague and does not provide specific interpretive value regarding the phrase of interest.
  [ID: ac0954a6-e7f8-425b-8176-99b0ac777fee] Reasoning: This sentence is a direct quote of the statute, providing no new interpretive value.
  [ID: d123f232-18aa-4b9c-a1c0-0ece67a9a814] Reasoning: This sentence discusses the general prohibition of copying works but does not provide any specific interpretive context or application regarding 'technological measures'.
  [ID: d142d72d-0bb7-43f9-a17e-b3d106c0fdd9] Reasoning: This sentence mentions legal protections against circumvention of technological measures but does not elaborate on how these measures function or their implications.
  [ID: 3361e4dc-8d0b-4800-940d-e642bbe2b0e5] Reasoning: This sentence identifies the anti-circumvention provision of the DMCA but does not provide further context or application regarding 'technological measures'.
  [ID: c172e7e8-aa63-4b55-9c97-c2462c7ff21f] Reasoning: This sentence is a direct quote of the statute regarding circumvention of technological measures, offering no new interpretive insight.
  [ID: 28dca58d-b26e-431e-8312-725474378c83] Reasoning: This sentence provides a statutory definition of 'circumvent a technological measure', but it is largely a restatement of the statute without additional context.
  [ID: 7d33f65f-5cf7-4c5b-bbb0-f7353e292f9b] Reasoning: This sentence is a citation of the DMCA provisions, which does not add interpretive value or context regarding 'technological measures'.
  [ID: 919895ef-ce96-45fb-8f11-a122d8c45236] Reasoning: This sentence refers to the act of circumventing technological measures but does not provide any new insights or applications.
  [ID: e99c646f-17ab-42fe-bc91-17e4e93c83cf] Reasoning: This sentence is a legal citation that does not provide any interpretive context or application regarding 'technological measures'.
  [ID: 527e299f-91bf-4d62-936b-cc62c978c9d8] Reasoning: This sentence discusses the prohibition of manufacturing technology for circumvention but does not provide further context or application.
  [ID: 8a4bea78-e000-4cde-a434-52eda3d5b22f] Reasoning: This sentence provides a definition of 'circumvent a technological measure' but does not add interpretive context or application.
  [ID: 231eeb9b-ad1e-4eff-aa8d-aef546d825a5] Reasoning: This sentence is a direct quote from the statute regarding what constitutes a technological measure, offering no new interpretive insight.
  [ID: cde356b1-5a0d-414b-9c68-286f146f20f4] Reasoning: This sentence outlines elements of a legal claim involving technological measures but does not provide new interpretive context.
  [ID: 463b6873-2c2f-42d4-be51-9210ac9b8940] Reasoning: This sentence discusses a legal argument regarding circumvention but does not provide new insights or applications.
  [ID: caa1305c-02df-426e-8f1f-0ea4f1e46eae] Reasoning: This sentence argues about the nature of technological measures but does not provide new interpretive context or application.
  [ID: b0903010-0920-44ad-9bdb-841bb8e2ab15] Reasoning: This sentence discusses the requirements for a technological measure to control access but does not provide new insights.
  [ID: 14ba59b6-aa09-4d5b-9fdb-ff9e76fdac69] Reasoning: This sentence references a court case that identifies a technological measure but does not provide new interpretive context.
  [ID: 2ccc12d4-d015-4e1b-a3fa-8dc3d6f97d67] Reasoning: This sentence discusses a court's finding regarding the effectiveness of technological measures but lacks interpretive depth.
  [ID: 370472be-4568-473b-aea7-e6987029e05a] Reasoning: This sentence discusses the lack of security measures in a case but does not provide new insights into the concept of technological measures.
  [ID: ff294b5e-d7d3-445d-9b45-81e197b1a324] Reasoning: This sentence mentions examples of cases where technological measures were effective but does not provide specific details or context.
  [ID: fd61a1ca-bc7a-44ff-ba84-f36c2352ce8e] Reasoning: This sentence references a case involving a technological measure but does not provide new interpretive context or application.
  [ID: 21cf53e6-ad35-4509-8d15-a25e87ab66bc] Reasoning: This sentence discusses a specific technological measure in a case but does not provide new insights or applications.
  [ID: fda053d7-d6d7-4888-aaab-f94db0a6cd5d] Reasoning: This sentence distinguishes a case based on the effectiveness of a technological measure but does not provide new interpretive context.
  [ID: c8494afa-2fb3-4366-b47b-fb6d8f12909b] Reasoning: This sentence discusses the nature of embedding bits as a technological measure but does not provide new insights or applications.
  [ID: 71aff46a-378d-48bf-a45a-ec02aa0cdb36] Reasoning: This sentence states that a plaintiff failed to prove a technological measure was circumvented but does not provide new interpretive context.
  [ID: 62c2fc41-f46a-48a4-af5a-e6d82f8f150d] Reasoning: This sentence discusses the failure to prove certain elements related to circumvention but does not provide new insights into technological measures.
  [ID: d0e88a7c-f52e-4c5b-ab0d-01ba7c2997e6] Reasoning: This sentence references Section 1201(a)(2) and discusses the unauthorized offering of products that circumvent technological measures, but it does not provide new interpretive context or application beyond the statute itself.
  [ID: 71234027-d8bf-491c-b9c0-97b91558ee78] Reasoning: This is a direct quote from the statute regarding the prohibition of trafficking in technology designed to circumvent technological measures. It does not add any interpretive value.
  [ID: 3578a396-ee5f-4e93-8543-a749e5cb009f] Reasoning: This sentence defines 'circumvent a technological measure' but does so by quoting the statute directly, providing no additional interpretive context.
  [ID: 1baac7bf-b61f-41f7-b45b-0a09847be7f9] Reasoning: This sentence is a direct quote from the statute explaining what constitutes a technological measure that effectively controls access. It does not provide new information or context.
  [ID: 5298cd4f-8afc-4422-b345-6d43a25a0032] Reasoning: This sentence applies the definition of a technological measure to CSS in a specific context, demonstrating its function in controlling access to copyrighted works, thus providing interpretive value.
  [ID: 814284f4-74f7-4700-9bc1-9ca57adae435] Reasoning: This sentence discusses the lawful circumvention of technological measures for interoperability purposes, providing context and application that adds interpretive value.
  [ID: 0d6d3e3c-8a4d-4bdf-a1fb-4e603b41756d] Reasoning: This sentence outlines exceptions to the prohibition on circumvention for good faith encryption research, providing important context and application of the statute.
  [ID: 848d9e65-9400-453f-a838-2102161ec485] Reasoning: This sentence details specific conditions under which circumvention is permitted for encryption research, adding significant interpretive context to the application of the statute.
  [ID: cf025b17-0e3d-413a-ab62-656694e16d3a] Reasoning: This sentence describes a legal action against individuals for violating Section 1201(a)(2) but does not provide new interpretive context or application beyond the statute itself.
  [ID: 2a7e445a-7eb6-4a03-8f90-ba657a1bfaa8] Reasoning: This sentence discusses the implications of using DeCSS to play DVDs without a licensed key, illustrating a practical application of the statute regarding circumvention, thus providing interpretive value.
  [ID: f05a06e4-2ceb-4c82-9fc6-219f40c37775] Reasoning: This sentence summarizes a court's finding against VidAngel for violating the DMCA, providing context for the application of the statute in a specific case.
  [ID: d2ccd5fd-beaf-403a-a3a6-d764ced82623] Reasoning: This sentence outlines the allegations against the Studios for copyright infringement and circumvention of technological measures, but it does not add new interpretive context.
  [ID: e9a6c2e2-8316-4fac-b5e1-fd232cd31e9f] Reasoning: This sentence states the court's finding of violation of the DMCA by VidAngel, but it does not provide new interpretive context or application beyond the statute itself.
  [ID: 32a93140-d8da-41d1-a748-5898d406ac4c] Reasoning: This sentence describes the court's injunction against VidAngel, providing context for the application of the statute in a specific case, thus adding interpretive value.
  [ID: c44371c9-08dd-4c06-9e70-760496028470] Reasoning: This sentence is a direct quote from the statute prohibiting circumvention of technological measures, providing no new interpretive context.
  [ID: 2c45e745-5143-4f70-9709-9ac2bde89248] Reasoning: This sentence compares two sections of the statute but does not provide new interpretive context or application beyond the statute itself.
  [ID: 5c2b260a-2dd4-4ab6-8aab-f7bb03ef9672] Reasoning: This sentence explains the difference between two sections of the statute regarding trafficking in technologies, providing some interpretive context.
  [ID: 8d1bc416-8d96-4841-8d81-124df85228f8] Reasoning: This sentence references a Final Rule regarding technological measures but does not provide new interpretive context or application beyond the statute itself.
  [ID: 6b7e6ce5-7dd2-4764-b1fa-05d84973d19e] Reasoning: This sentence discusses WIPO's requirements for legal protection against circumvention of technological measures, providing some interpretive context.
  [ID: 618c2a10-952f-4853-b87e-eae5f8368406] Reasoning: This sentence is a direct quote from the statute prohibiting circumvention of technological measures, providing no new interpretive context.
  [ID: 0370272d-fb0e-4dfa-8e2c-469839c635c2] Reasoning: This sentence compares two sections of the statute but does not provide new interpretive context or application beyond the statute itself.
  [ID: ad398d6f-307b-47dc-a41d-bcfc1f0dea2f] Reasoning: This sentence compares two sections of the statute regarding trafficking in technology but does not provide new interpretive context or application beyond the statute itself.
  [ID: 99bf8b76-4ec2-4d77-8992-2428dd985760] Reasoning: This sentence is a direct quote from the statute regarding circumvention of technological measures, providing no new interpretive context.
  [ID: c8ad2654-63b9-4eaa-81bc-b8d4d03670e3] Reasoning: This sentence defines 'circumvent a technological measure' but does so by quoting the statute directly, providing no additional interpretive context.
  [ID: d4bb287a-8f94-4273-914c-cb92210900f9] Reasoning: This sentence provides a specific example of a technological measure used by Blizzard, illustrating its application in a real-world context, thus providing interpretive value.
  [ID: d3289830-e1fd-4975-87da-8c27ecc2e729] Reasoning: This sentence is a direct quote from Section 1201(b) and does not provide any new interpretive context or application of the term 'technological measure'.
  [ID: 550208b1-3c50-495f-a363-710b029cd65f] Reasoning: This sentence defines 'circumvent protection by a technological measure' but does not add any interpretive context or application beyond the statutory definition.
  [ID: 81b9f81a-f781-4233-afc4-0ed4475eeaac] Reasoning: This sentence restates the definition of a technological measure from the statute without providing additional context or application.
  [ID: fac82885-383e-4b24-bad9-c8ac5fe72670] Reasoning: This sentence discusses the requirements for liability under Section 1201(b) but does not provide deeper interpretive insight into 'technological measures'.
  [ID: a303f8f1-ee79-47ba-814e-76611305920b] Reasoning: This sentence argues that certain measures do not qualify as 'technological measures' under Section 1201(b), providing some interpretive context.
  [ID: bd2dad2b-dc86-458e-b297-f6db019dcfc9] Reasoning: This sentence outlines the burden of proof for plaintiffs under Section 1201(b)(1)(a), which adds context to the application of 'technological measures'.
  [ID: 6c747f7c-2fa4-4a55-b5f6-2d7438fbe179] Reasoning: This sentence mentions the use of technological measures to block access but lacks depth in explaining their legal implications.
  [ID: 86cbd96a-6823-424f-882f-bf7656561b31] Reasoning: This sentence discusses unauthorized access in relation to technological measures, providing some context but lacking depth.
  [ID: 66c281ed-df9d-4cbf-9735-95a2a5b5d963] Reasoning: This sentence describes the provisions of the TOU regarding technological measures but does not provide significant interpretive value.
  [ID: dfa36e37-390a-496f-80eb-637d6d88fad4] Reasoning: This sentence discusses the necessity of technological measures for descrambling signals, providing some context but lacking depth.
  [ID: cc6da80c-6a88-465e-a191-ac462e8b5e69] Reasoning: This sentence discusses standing under the DMCA in relation to technological measures, providing relevant context.
  [ID: 46976c30-3489-42ea-b4e1-5d6841534907] Reasoning: This sentence is a direct quote from the DMCA and does not provide any new interpretive context or application of the term 'technological measure'.
  [ID: ca46f42b-36a5-4394-8c2b-147268d5a13e] Reasoning: This sentence is a direct quote from the statute and does not provide any new interpretive context or application of the term 'technological measure'.
  [ID: 810e65d9-4193-458b-87bc-499a9fcdd8db] Reasoning: This sentence is a direct quote from the statute and does not provide any new interpretive context or application of the term 'technological measure'.
  [ID: 3d760430-8e16-404b-901e-4e8fcafe5a66] Reasoning: This sentence is a direct quote from the statute and does not provide any new interpretive context or application of the term 'technological measure'.
  [ID: 519fd262-b35c-4b12-944f-f316f8621074] Reasoning: This sentence states that no court has found a robots.txt file to be a technological measure, providing some interpretive context.
  [ID: 24c12478-ed82-4bed-8854-338dab02800c] Reasoning: This sentence claims that a robots.txt file qualifies as a technological measure in a specific situation, providing relevant context.
  [ID: f53c7f06-06a3-4f2f-8c7c-d84936dda1d7] Reasoning: This sentence clarifies that the previous finding about robots.txt should not be generalized, adding interpretive nuance.
  [ID: 8d00819f-6c85-43e9-b2f0-69e6e896c9be] Reasoning: This sentence is a direct quote from the statute and does not provide any new interpretive context or application of the term 'technological measure'.
  [ID: b80c99bd-9d3e-44fa-9034-f60a3c4f1ffc] Reasoning: This sentence explains that circumvention requires affirmative action to disable a technological measure, providing some interpretive context.
  [ID: 74e969ed-cfa0-474c-8f03-583ae1547907] Reasoning: This sentence mentions allegations of circumventing technological measures but lacks depth in explaining their legal implications.
  [ID: 88d3ac27-85fe-445b-b583-6fe23ed778a9] Reasoning: This sentence discusses an allegation of using a keystroke to circumvent a technological measure, providing some context but lacking depth.
  [ID: 19f32545-c19f-4bc3-afb9-1284eeb561f1] Reasoning: This sentence is a direct quote from the statute and does not provide any new interpretive context or application of the term 'technological measure'.
  [ID: e0b403fb-224b-47bc-8b7f-54ec2996dd0a] Reasoning: This sentence is a direct quote from the statute and does not provide any new interpretive context or application of the term 'technological measure'.
  [ID: 0e0eabff-1a33-4f14-8a9d-73b709c36e23] Reasoning: This sentence discusses a court's finding regarding the circumvention of a technological measure, providing some interpretive context.
  [ID: ac1124d7-0397-442a-8ad2-ec6cc103b840] Reasoning: This sentence is a detailed description of prohibited actions regarding technological measures, but it largely reiterates the statutory language without providing new interpretive insights.
  [ID: 5c98ef3f-80e7-4e2c-ab6a-efff9c6fb62e] Reasoning: This sentence describes a specific case where a server was designed to circumvent technological measures, providing context for the application of the law, which adds interpretive value.
  [ID: adb29e9c-bd93-4a6c-8021-f256379087dd] Reasoning: This is a direct quote of the statute, providing no additional interpretive context or application.
  [ID: 1ff9b457-45de-4ff8-85ea-13643c89f3e4] Reasoning: This sentence is a direct quote of the statutory definition of a technological measure, offering no new insights or applications.
  [ID: 30a39675-307b-41a6-a0dc-e53a4cd83bd6] Reasoning: This sentence provides an example of a technological measure (CSS) but does not elaborate on its implications or applications, limiting its interpretive value.
  [ID: 7103cd82-30af-4845-8a77-7ef2602c9503] Reasoning: This sentence explains the meaning of 'circumvent a technological measure' in practical terms, which adds clarity and context to the phrase.
  [ID: b22843f0-c42c-4ab6-bc26-cdf7a5d43202] Reasoning: This sentence describes a legal action against a defendant for circumventing technological measures, providing context for the application of the law.
  [ID: 22ae331b-6a52-4051-b399-296f9b2792ed] Reasoning: This sentence discusses the likelihood of success in a legal claim regarding circumvention of technological measures, providing practical implications of the law.
  [ID: 16788c20-4c90-4f8c-9d2f-9de7ecb22356] Reasoning: This sentence outlines various actions that violate the anti-circumvention provisions, providing a practical application of the law.
  [ID: 77bc71b3-7e3b-4ab2-b47b-ddb8ca315885] Reasoning: This sentence discusses the intent behind a specific provision of the DMCA, providing context that aids in understanding its application.
  [ID: 8f698b7b-9a5b-499e-8dc3-479cff5a7063] Reasoning: This sentence reiterates the statutory language regarding the manufacture of devices for circumventing technological measures, offering no new insights.
  [ID: 318e10f2-56ef-46b3-b127-c18ed20abc9a] Reasoning: This sentence summarizes the prohibition against manufacturing technologies to circumvent measures, repeating statutory language without new context.
  [ID: 48a6100f-0e32-478a-9026-2bae55fe1234] Reasoning: This sentence describes a specific device's function in circumventing a technological measure, providing context for its application.
  [ID: 88418409-049e-4d87-ac0e-490c9478e11f] Reasoning: This sentence reiterates the statutory language regarding trafficking in devices for circumventing technological measures, providing no new insights.
  [ID: 7daf3a78-d487-4ce4-ae5f-84505cc81bb4] Reasoning: This sentence is a direct quote of the statute, providing no additional interpretive context or application.
  [ID: eeb19057-e6cf-4aed-9563-976ad440127d] Reasoning: This sentence explains the burden of proof for copyright owners alleging violations, providing context for the application of the law.
  [ID: 101acb90-6e4f-455a-957a-a9a8acda1689] Reasoning: This sentence describes a specific application of a technological measure by a copyright owner, providing context for its use.
  [ID: 72fec609-8671-4b83-8626-34c0f2855a35] Reasoning: This sentence is off-topic and does not relate to the phrase of interest or the source statute.
  [ID: 80fbeaed-a782-46a6-b2ad-c39b7801d51c] Reasoning: This sentence discusses the use of technological measures in a different legal context, making it irrelevant to the phrase of interest.
  [ID: d2fd1395-de3c-43f5-847b-58e5bd0b0bb3] Reasoning: This sentence discusses international treaty obligations regarding technological measures, which is relevant but does not provide specific application or context.
  [ID: 3cc63ea9-f2e0-48bb-9c5f-16979dc4620a] Reasoning: This sentence summarizes the focus of different provisions regarding circumvention, providing some context but lacking specific application.
  [ID: b4479385-31e0-46e4-bf91-95ade6d3197d] Reasoning: This is a direct quote of the statute, providing no additional interpretive context or application.
  [ID: 8a6ea794-5317-4ff5-acf6-2b0cd0b3df31] Reasoning: This sentence is a direct quote of the statute, providing no additional interpretive context or application.
  [ID: 0c7e224d-4b6d-46d1-b741-5e856ce4a061] Reasoning: This sentence discusses a different aspect of circumvention, focusing on limitations rather than access control, which is less relevant.
  [ID: 18a2f422-6e91-47fa-9eb8-4045715d5661] Reasoning: This sentence provides a summary of the legal framework regarding circumvention of technological measures, offering some context but lacking specific application.
  [ID: fdc67f21-09c0-40c2-ab14-0ace1f4a7dd5] Reasoning: This sentence references a case but does not provide any new interpretive context or application of 'technological measure' beyond stating that CUI did not evade it.
  [ID: b08a3d5f-b1c8-412b-bc88-4a628cb89524] Reasoning: This sentence reiterates that CUI did not bypass any technological measures, providing no new interpretive insight or application.
  [ID: c15ebfd4-d3f4-4b22-a8cf-b48f21f99780] Reasoning: This sentence discusses Blizzard's claims regarding technological products designed to circumvent measures, but lacks depth in explaining the implications or applications of 'technological measure'.
  [ID: 8ab63cac-c57b-426e-a8dd-dbe2e837810e] Reasoning: This sentence quotes Section 1201(a)(2) directly, providing no new interpretive context or application of 'technological measure'.
  [ID: d61eb57d-4cf8-45e3-bfdb-a9fb08190e1d] Reasoning: This sentence explains a potential violation of the DMCA regarding products not primarily designed for circumvention, adding some context but still lacking depth in application.
  [ID: 58e03876-f2a7-413d-b26e-5a1c4aab55c8] Reasoning: This sentence defines 'circumvent a technological measure' but does so in a way that closely mirrors statutory language, offering little interpretive value.
  [ID: e795a5d0-76ce-456c-8796-462a7f55b317] Reasoning: This sentence is a direct quote from the statute regarding what constitutes a technological measure, providing no new interpretive context.
  [ID: ef1656f4-b567-489c-af50-3b9dfb96b87c] Reasoning: This sentence quotes Section 1201(b)(1) directly, offering no new interpretive context or application of 'technological measure'.
  [ID: cb7d0ead-e5f7-4234-a2d3-88867aacc1a1] Reasoning: This sentence repeats statutory language regarding technological measures, providing no new interpretive context.
  [ID: a6ca22a1-4875-43ad-935d-8265bd60d9b6] Reasoning: This sentence discusses a court's conclusion regarding Warden and its status as a technological measure, providing some interpretive context.
  [ID: df54d241-0344-48ef-b775-135efef25711] Reasoning: This sentence states the statute applies to a technological measure but does not provide any new interpretive context or application.
  [ID: f1220d74-831c-4b4c-8f9a-41e9a05090cb] Reasoning: This sentence references a case that illustrates the application of 'technological measure' in practice, providing some interpretive value.
  [ID: 039c5e09-d84e-49f6-8d8a-4f27a7eefa0b] Reasoning: This sentence states that Warden constitutes a technological measure but does not elaborate on its implications or applications.
  [ID: 97c1f264-9b7a-40ec-8f28-1f2f8063d465] Reasoning: This sentence quotes the statute regarding circumventing a technological measure, providing no new interpretive context.
  [ID: 2b049135-841d-4996-97a6-02558ef23074] Reasoning: This sentence outlines the requirements for a plaintiff alleging a violation of § 1201(a)(2), providing a clear application of 'technological measure' in a legal context.
  [ID: b7c63392-a202-4d47-9064-91c0c05f377d] Reasoning: This sentence repeats statutory language regarding technological measures, providing no new interpretive context.
  [ID: e46b656d-a76a-43f9-a8c7-e16e754fa7d1] Reasoning: This sentence reiterates the definition of a technological measure from the statute, providing no new interpretive context.
  [ID: d4c641c6-47e0-4893-bf0a-dabee6c66a76] Reasoning: This sentence discusses Warden as a technological measure in the context of preventing copying, providing some interpretive context.
  [ID: 971eb0b6-7a8a-4d53-86e4-b70e1ee68960] Reasoning: This sentence discusses Congress's intent in the DMCA regarding technological measures, providing some interpretive context.
  [ID: edd89fdc-ba9e-45db-b12c-f54eb198e31b] Reasoning: This sentence states a requirement of the statute regarding technological measures but does not provide new interpretive context.
  [ID: 0c3480b5-28b4-42e7-9fe2-09092f57c7a8] Reasoning: This sentence discusses Warden's role as a technological measure and its implications for copying, providing some interpretive context.
  [ID: 22d9a6f1-1c3e-48cf-88e7-d9252bbf3eca] Reasoning: This sentence discusses defendants' arguments regarding the DMCA's application but does not provide new interpretive context regarding 'technological measure'.
  [ID: 3c0d3920-b6bb-4e7b-8ffd-12d5edd97626] Reasoning: This sentence critiques the defendants' argument about limiting the DMCA's application, but does not provide new interpretive context regarding 'technological measure'.
  [ID: 6dc3721e-4d99-43cb-be3a-2da365aebfea] Reasoning: This sentence quotes various sections of the statute, providing no new interpretive context or application of 'technological measure'.
  [ID: c9345639-9780-4f9b-b5d9-f1569055df1c] Reasoning: This sentence is a direct quote from the statute regarding circumventing a technological measure, providing no new interpretive context.
  [ID: a21a348a-6518-476f-882c-2fd100641e78] Reasoning: Describes actions taken to bypass technological measures, providing context on how these measures are circumvented in practice.
  [ID: 832838e6-c5a9-4f26-89ec-cd4d23b15372] Reasoning: Discusses the act of trafficking in services that circumvent technological measures, illustrating a practical application of the statute.
  [ID: fa08fc5e-cfbe-4448-98d1-30316ef97c79] Reasoning: Defines what it means to circumvent a technological measure, providing clarity on the term's application.
  [ID: ab280f3d-9b51-4f05-aac3-12cc652a77ae] Reasoning: Direct quote of the statute defining 'technological measure'. No additional interpretive context provided.
  [ID: 9c7b5b2b-dc1b-41ab-b8f0-c8bcac6cfd68] Reasoning: Mentions a conviction under the DMCA for circumventing technological measures, providing context for enforcement of the law.
  [ID: 7ddb9372-14fd-45cf-84ed-983e5dca2ce3] Reasoning: Argues that an element of the offense was omitted, highlighting the importance of authority in the context of technological measures.
  [ID: bebaadc0-a80d-4b3b-b0e9-d71c3a84a608] Reasoning: Direct quote of the statute defining 'technological measure'. No additional interpretive context provided.
  [ID: afe03b97-054a-459c-b3f0-383e39255dbb] Reasoning: States that jury instructions used the exact language of the statute, providing no new interpretive value.
  [ID: b106237e-ee34-4cc9-b310-9ea4ef206835] Reasoning: Direct quote of the statute regarding circumvention of technological measures. No additional interpretive context provided.
  [ID: 2a53b737-783a-4093-9e73-859c08113009] Reasoning: Direct quote of the statute regarding trafficking in technology designed to circumvent technological measures. No additional interpretive context provided.
  [ID: b83f0e9a-05f5-4a07-a21e-cd1acc49bce7] Reasoning: Discusses the broad liability under the DMCA and the role of the Librarian of Congress, providing context for the statute's application.
  [ID: ce0532a5-561c-4287-bdaa-ba3aeaccc211] Reasoning: Direct quotes of various sections of the statute. No additional interpretive context provided.
  [ID: 4284062c-65cb-44d4-a781-9d73921715cc] Reasoning: Direct quote of the statute regarding circumvention of technological measures. No additional interpretive context provided.
  [ID: da98757f-687f-48f0-9cef-5c8e3a043bf6] Reasoning: Mentions the need for better technological measures to prevent a data breach, providing a practical context for the term.
  [ID: 26a5a198-2d83-4433-90b1-ba9adafc8999] Reasoning: States that the DMCA protects technological measures, providing context for the statute's purpose.
  [ID: c8370023-49a2-475e-8742-4a080d9890d4] Reasoning: Discusses copyright management information as a component of technological measures, providing context for their role.
  [ID: 033799ee-198b-4ad9-b910-41f6fad61256] Reasoning: Mentions the protection of technological measures under the WIPO treaties and DMCA, providing context for international implications.
  [ID: 2d89ac63-21f1-42fd-b7ab-5f9530163d7b] Reasoning: Discusses Congress's view on the relationship between sections 1201 and 1202, providing legislative context for the interpretation of technological measures.
  [ID: 2099c9f7-7692-49c2-9b17-ed9f04c28f62] Reasoning: Clarifies the definition of 'technological measure' in the context of copyright protection, providing interpretive value.
  [ID: 213fd63e-a1c4-49dd-bd01-709def77f73b] Reasoning: Discusses advancements in technological measures and their implications for copyright management, providing context for their evolution.
  [ID: 829de73a-ccfa-4ebb-9111-44e4657b6bfc] Reasoning: Mentions Section 1202's role in protecting copyright through technological measures, providing context for its application.
  [ID: 74332e5d-8c89-422b-9bfd-b4b4948bdf80] Reasoning: Discusses the distinction between copyright management by people and by technological measures, providing interpretive context.
  [ID: 7ed39c28-4f89-473f-9a5a-1d45ddc3c4dd] Reasoning: Advises the jury on the implications of trafficking in technology designed to circumvent technological measures, providing practical legal context.
  [ID: 3dd300aa-13f7-4eb1-9a3d-f4753f487072] Reasoning: Describes the indictment under the DMCA for trafficking technology designed to circumvent technological measures, providing context for enforcement.
  [ID: 56562ac3-5f00-466d-a070-7c5b311bd04e] Reasoning: Reiterates the jury's instructions regarding trafficking in technology designed to circumvent technological measures, providing no new interpretive value.
  [ID: 5762201e-4775-4a0f-92bb-43c4ad6fcd69] Reasoning: Discusses a court case that interprets the DMCA in relation to technological measures, providing context on how these measures are viewed legally.
  [ID: 1f1f51f0-4c90-4397-aa72-0e57d3ee435f] Reasoning: States the purpose of the DMCA in relation to technological measures but lacks depth in explaining their application.
  [ID: 92eeca1e-3a18-46a0-8b80-954c3afe7d2d] Reasoning: Explains the DMCA's alignment with WIPO treaties, adding context to the international legal framework surrounding technological measures.
  [ID: 3786e2b0-1145-47ba-a6d5-c184974843b8] Reasoning: Cites the provision of the DMCA regarding circumvention of technological measures, but does not add interpretive context.
  [ID: 6cfa03ff-34c5-46fa-ac24-1a7f9e07953f] Reasoning: Provides a practical example of how technological measures are applied in copyright enforcement, illustrating the concept effectively.
  [ID: 9862f0de-5df4-4dad-8a3a-d83537e8682d] Reasoning: Clarifies the distinction between sections 1201 and 1202, providing insight into the scope of technological measures.
  [ID: b2731ac3-9f22-4e7c-b626-3f55dae785a3] Reasoning: Discusses the interpretation of CMI in relation to technological measures, adding depth to the understanding of their legal implications.
  [ID: 701cb47d-70ff-4ec4-8468-06b2447be16b] Reasoning: Direct quote of the statute regarding circumvention of technological measures, providing no new interpretive value.
  [ID: 8bbc2383-1750-4eca-9874-c24371fd60bb] Reasoning: Incomplete sentence fragment that does not provide any meaningful information or context.
  [ID: 8658f6d8-38b5-4859-9b9a-86a38718d059] Reasoning: Directly quotes the statute defining circumvention of technological measures, offering no interpretive context.
  [ID: 7471a7f9-7681-408b-8d50-2b0df341b042] Reasoning: Mentions a legal argument regarding the definition of technological measures but does not provide substantial interpretive value.
  [ID: 179cb4a0-ad45-42be-9b9b-3f3508aba95c] Reasoning: Cites the statute regarding circumvention of technological measures, providing no new interpretive context.
  [ID: 44953974-f1af-4e9d-a2e2-394b699e58f1] Reasoning: Discusses the interpretation of section 1202 in relation to technological measures, providing some context but lacking depth.
  [ID: 67c35cfd-bd07-4c79-9b73-8cf5760b715c] Reasoning: Explains the DMCA's purpose in relation to WIPO treaties, adding context to the legal framework surrounding technological measures.
  [ID: 1cc06bc4-5da5-4d26-a2d6-0a4819673c05] Reasoning: Reiterates the requirements of WIPO treaties regarding technological measures, but does not add significant interpretive value.
  [ID: 6ae2f004-e1e1-41d2-949b-75eef33b0e4b] Reasoning: Discusses the court's reliance on scholarly writings and legislative history, providing context for the interpretation of technological measures.
  [ID: 6c587cbf-6766-4ca1-bebe-ec19a0e3dc26] Reasoning: Clarifies the scope of copyright management under the DMCA, providing some interpretive context regarding technological measures.
  [ID: 68a7c6a3-0a18-4f55-b275-ce56e13d9794] Reasoning: Discusses the applicability of section 1202 in relation to technological measures, providing some interpretive context.
  [ID: 06420be4-1561-426b-ac5a-f2aaca7c1c57] Reasoning: Directly quotes the statute defining circumvention of technological measures, providing no new interpretive value.
  [ID: d8a62e71-9298-4a01-a794-df88dc067602] Reasoning: Directly quotes the statute regarding the definition of a technological measure, offering no interpretive context.
  [ID: 53878d75-65c3-4738-8110-e10b6f9b7e60] Reasoning: States that the DMCA protects technological measures but does not elaborate on how this is applied or interpreted.
  [ID: 092e459c-baef-4c75-ba23-384a1096edca] Reasoning: Mentions a view on copyright management information in relation to technological measures but lacks depth in explanation.
  [ID: 3070fa89-59c6-4a56-bb93-1d3c31b1004f] Reasoning: Discusses advancements in technological measures and their implications for copyright management, providing relevant context.
  [ID: f867db07-b0e9-48ac-bdbd-61a5a28e48d4] Reasoning: States that section 1202 protects copyright through technological measures, but lacks depth in its application.
  [ID: c88f7d73-1904-4b86-8769-090a1146b6fb] Reasoning: Cites the statute regarding circumvention of technological measures, providing no new interpretive context.
  [ID: 8d0685f2-9112-407d-ad7b-1e9207bc5538] Reasoning: Cites a case that analyzes how a technological measure effectively controls access, providing context on its application in legal proceedings.
  [ID: 23bdac80-3019-4f2f-ad87-adc5cf4a3b40] Reasoning: Defines 'circumvent a technological measure' under section 1201(a), which is relevant but does not provide significant interpretive depth.
  [ID: c440bec7-e6a5-4452-bf8c-400ce1f9e30d] Reasoning: Discusses the intent of the DMCA regarding products designed to circumvent technological measures, providing context for its application.
  [ID: e70e1d3b-3b00-4257-badb-82b1a2b827ca] Reasoning: Indicates that RealDVD products are not primarily designed to circumvent technological measures, which adds context to the application of the law.
  [ID: d0467b7c-981a-4206-9e53-b43ba70db214] Reasoning: States that ARccOS and RipGuard are technological measures that protect copyright owners' rights, providing a clear application of the statute.
  [ID: 83281dd7-55de-4495-a103-7d6c34d35238] Reasoning: Cites a Sixth Circuit holding that clarifies what constitutes effective control of access by a technological measure, providing critical interpretive guidance.
  [ID: f38a14cb-eb41-4c0f-97bd-6c28a9843918] Reasoning: Affirms that ARccOS and RipGuard are effective technological measures, which is a straightforward application of the law.
  [ID: b17dc6b6-41e7-4c62-b997-d2bbb8145097] Reasoning: Mentions conflation of standards for technological measures, but lacks depth in explaining the implications.
  [ID: 702ecf98-2e99-4d53-9539-d326a21829f7] Reasoning: Describes how RealDVD could only function through circumvention of technological measures, which adds context to the application of the law.
  [ID: d71ad1ff-f49c-4d28-b9ff-4380f71fd74f] Reasoning: Real's argument against ARccOS and RipGuard as effective measures provides insight into legal standards but lacks depth.
  [ID: 96965005-a202-4201-b780-a35015ee2c9f] Reasoning: Mentions the implementation of technological measures by U of M, but lacks depth in explaining their legal implications.
  [ID: 49b8ad8c-3ad6-43e2-b9bf-8ae28a49a669] Reasoning: Compares damages under different sections of the DMCA, which is relevant but does not provide significant interpretive depth.
  [ID: 16791132-4262-4301-b76f-5d61b7814257] Reasoning: Direct quote of the statute regarding circumvention of technological measures, providing no new interpretive value.
  [ID: cc0f1425-4ae6-41f2-895d-ce8b8b2869c5] Reasoning: Direct quote of the statute defining 'circumvent a technological measure', providing no new interpretive value.
  [ID: 8db65de3-dbfd-4bd3-bff8-149968ac5d3f] Reasoning: Describes specific allegations of circumvention but does not provide broader interpretive context.
  [ID: d260309b-13e8-429d-9475-d83a6e160ec8] Reasoning: Explains the requirements for circumvention and the court's determination, providing context for legal interpretation.
  [ID: 8c98f066-4cf2-41eb-9172-35966dbd9ca2] Reasoning: States that mere use of a technological measure is not prohibited, which clarifies an important aspect of the law.
  [ID: e51cde14-f731-429d-b067-8f2ed829cab9] Reasoning: Indicates that the issue of circumvention need not be decided, which does not provide new interpretive value.
  [ID: 431c5294-e08a-4a78-b175-39fec9783901] Reasoning: Mentions lack of evidence for circumvention, which is relevant but does not provide significant interpretive depth.
  [ID: 3d722d9b-2f50-4ecb-b5d7-412878389893] Reasoning: Lists counts related to circumvention of technological measures, but does not provide interpretive context.
  [ID: 77590ebf-f88d-4ca8-921d-efda70387851] Reasoning: Describes claims against defendants for circumvention of technological measures, but lacks depth in legal interpretation.
  [ID: 1cd53984-2173-4906-9c1e-cc282e2e6ffa] Reasoning: Lists violations related to circumvention of technological measures, but does not provide new interpretive value.
  [ID: 24bc1039-aa4e-45e6-ad85-22d8f5d3aed0] Reasoning: Mentions scientific advances in technological measures but lacks depth in legal interpretation.
  [ID: 9313b5e0-1c54-4e89-94d5-4a7608aa0c57] Reasoning: States that section 1202 protects a component of technological measures, but lacks depth in explaining its implications.
  [ID: 4fcc53eb-ddb0-45b3-ac42-2684b9d61dbd] Reasoning: Clarifies that copyright management by people is not covered, which adds some interpretive context but lacks depth.
  [ID: f0d8ce55-5d37-4aa6-975d-f82b736d7720] Reasoning: This sentence is a direct quote of the statute, repeating the prohibition against circumventing a technological measure without adding any interpretive context.
  [ID: 4094381d-3c5a-47a9-9cbb-160fddaddb08] Reasoning: This sentence is another direct repetition of the statutory prohibition against circumventing a technological measure, providing no new information.
  [ID: 24970b83-1de5-4bb4-8aad-c787cb008d3b] Reasoning: This sentence provides definitions related to circumventing a technological measure and explains what constitutes a technological measure, adding interpretive context.
  [ID: 9c168bc5-1766-4d51-8216-93c017144565] Reasoning: This sentence applies the concept of a technological measure to a specific case involving encryption, illustrating its practical application.
  [ID: 51a89d02-5d86-432c-aaf1-db2d7a3bfbb1] Reasoning: This sentence is a direct quote of the statute, reiterating the prohibition against circumventing a technological measure without providing additional context.
  [ID: 68aa6c95-b072-4a33-a4be-da0108e9d825] Reasoning: This sentence defines what it means to circumvent a technological measure, providing clarity on the actions that constitute circumvention.
  [ID: 44985851-bf73-40d4-91fa-dec6164847cd] Reasoning: This sentence outlines the prohibitions against trafficking in technology designed to circumvent a technological measure, adding context to the statute's application.
  [ID: 68f4deb0-3ef3-485f-857e-bdbfa0fe629a] Reasoning: This sentence describes how TracFone's software employs technological measures, illustrating a specific application of the statutory definition.
  [ID: cddc7c91-878d-4c5e-9021-9e3dc5b38097] Reasoning: This sentence discusses a specific case where authority to bypass a technological measure was not granted, providing context for the application of the statute.
  [ID: 7a26637d-7c35-492c-b72e-8de14ce8b4b4] Reasoning: This sentence is a fragment of the statute, repeating the prohibition without any additional context or interpretation.
  [ID: bfd36d2f-c57e-4af1-9fb7-eab98a44728d] Reasoning: This sentence describes actions taken by Technopark to circumvent TracFone's technological measures, providing a specific example of the statute's application.
  [ID: 4aa6549b-f44f-474a-b377-ea3a4d0d79f1] Reasoning: This sentence discusses possession of devices that impair technological measures, illustrating a specific application of the statute.
  [ID: 5bba8c6e-a4eb-43d3-bc53-7dd1241ebc8f] Reasoning: This sentence describes Technopark's facilitation of circumvention services, providing a concrete example of the statute's implications.
  [ID: d900b5e2-0fbf-4e43-a71d-88cfd0cfa6a1] Reasoning: This sentence outlines a permanent injunction against Technopark, detailing specific prohibited actions related to technological measures, which adds significant interpretive value.
  [ID: 4509ac0f-d51d-4484-937b-93b740a3c7b4] Reasoning: This sentence is a direct quote of the statute, repeating the definition of circumventing a technological measure without providing additional context.
  [ID: c6b7a12b-eebb-4a9b-8037-44e7e6192dbb] Reasoning: This sentence provides context about the DMCA's purpose and its relation to technological measures, adding interpretive depth.
  [ID: 208d3642-bc65-4c6f-adfa-e81bbfb07ef1] Reasoning: This sentence is a direct quote of the statute, reiterating the prohibition against circumventing a technological measure without adding interpretive context.
  [ID: 7a591816-3fe9-4770-870d-c64d8672f8da] Reasoning: This sentence is a direct quote of the statute, repeating the prohibition against circumventing a technological measure without providing additional context.
  [ID: eab0dce3-dc54-4139-a542-6d55b4d97c20] Reasoning: This sentence discusses the WIPO Copyright Treaty and its relation to technological measures, providing context that aids interpretation.
  [ID: 026060df-36f6-4077-8af2-f5da58b0a2fa] Reasoning: This sentence outlines the prohibitions against trafficking in technology designed to circumvent a technological measure, adding context to the statute's application.
  [ID: e2b277e2-41e5-4e8a-88c4-96902ecee0fa] Reasoning: This sentence defines circumventing a technological measure, providing clarity on the actions that constitute circumvention.
  [ID: e10f604f-9106-4404-bd4e-e234648e01f7] Reasoning: This sentence reiterates the definition of a technological measure, providing no new information beyond the statute itself.
  [ID: a605fbbb-4983-4453-94bd-c2a730fd953b] Reasoning: This sentence discusses the House Judiciary Committee's analysis, which provides context for understanding how a technological measure is defined and applied.
  [ID: 73c35829-0eb7-4685-b68f-cab0e4959f37] Reasoning: This sentence explains the practical approach taken by the legislation regarding technological measures, providing critical interpretive guidance.
  [ID: 7c6544d2-dd3d-4a30-9f08-ae0082961e49] Reasoning: This sentence is a direct quote of the statute, reiterating the prohibition against unauthorized circumvention without providing additional context.
  [ID: 9c6a01b9-591f-4c00-bdb7-9a6f855c3158] Reasoning: This sentence describes a specific application of a technological measure but does not provide new interpretive context or analysis beyond stating that a digital cable filter allows users to bypass it.
  [ID: 66cf71c2-0c16-4ba7-bafd-74eeef542c16] Reasoning: This sentence discusses a specific case of circumventing a technological measure under the DMCA, providing context about the legal implications of such actions, which adds interpretive value.
  [ID: c67c4fec-88ad-4076-bc80-5f84322e1710] Reasoning: This sentence is a direct paraphrase of the statute, stating that circumventing a technological measure is prohibited without adding any new interpretive context.
  [ID: 38f13f63-c356-4cf2-b614-44190284879b] Reasoning: This sentence is a direct quote of the statute defining a technological measure, providing no new interpretive context or application.
  [ID: 10d18de3-5aee-445c-a890-3e842ed59d38] Reasoning: This sentence defines what it means to circumvent a technological measure, but it does not provide additional context or application, making it largely redundant.
  [ID: 65363ad2-fb14-4ef0-826d-7550cb148e2f] Reasoning: This sentence discusses a jury's conclusion regarding a specific case involving a technological measure, providing context that aids in understanding its application.
  [ID: ba5c05b4-fd85-4f36-a5f5-1c162284c7e5] Reasoning: This sentence describes actions taken by Open Road regarding technological measures but lacks depth in legal interpretation or application.
  [ID: 2e1b6926-98fc-45f1-9e96-92b6d94386f1] Reasoning: This sentence is a direct quote of the statute, providing no new interpretive context or application.
  [ID: 91de83fa-b575-447d-a7f9-4c78582b2248] Reasoning: This sentence discusses a court's interpretation regarding the use of usernames and passwords in relation to technological measures, providing valuable context.
  [ID: 3c759815-6da6-4629-9670-1d7b6694adf3] Reasoning: This sentence explains an element of scienter in the DMCA, which is relevant to understanding the legal framework surrounding technological measures.
  [ID: 1d71f3d4-5dba-47a3-8930-d813c57d1fc2] Reasoning: This sentence is a direct quote of the statute defining circumventing a technological measure, providing no new interpretive context.
  [ID: e2086c55-bce3-4801-8f27-c51cdcb1487f] Reasoning: This sentence attempts to clarify the conditions under which circumventing a technological measure is a violation, but it lacks depth in legal interpretation.
  [ID: 811209aa-8e14-4b11-a82e-9a9275e29320] Reasoning: This sentence provides context from a legislative report that clarifies the intent behind the DMCA, adding interpretive value.
  [ID: ed52ea9c-4904-4521-9e01-d0610b636e69] Reasoning: This sentence summarizes the DMCA's prohibition against circumventing technological measures, but it does not add new interpretive context.
  [ID: 88774d46-6d99-4825-98ca-d381d1422a81] Reasoning: This sentence describes a specific claim regarding a technological measure, providing context about its application in a legal dispute.
  [ID: 5cd6c94d-2ea6-40df-acee-1039f576f3c0] Reasoning: Similar to the previous sentence, this describes another claim regarding a technological measure, adding context to its application.
  [ID: c012a56b-bbc1-4a29-a89e-c8a99bc6143a] Reasoning: This sentence is a direct quote of the statute, providing no new interpretive context or application.
  [ID: 783eae94-b4a2-446e-9d49-4c6d41d9ac8a] Reasoning: This sentence outlines the prohibitions against manufacturing devices for circumventing technological measures, but it is largely a restatement of the statute.
  [ID: c905ee8e-c163-4fe7-b29e-37ebaea050d7] Reasoning: This sentence is a direct quote of the statute, providing no new interpretive context or application.
  [ID: fbaf099b-81d1-4e7a-b151-65a383adda8c] Reasoning: This sentence discusses the prohibition of devices aimed at circumventing technological measures, but it does not provide new interpretive context.
  [ID: 7953aef2-3677-4fe6-a208-bb1e8c161c42] Reasoning: This sentence describes a specific technological measure used by Lexmark, providing context about its application and relevance to copyright protection.
  [ID: 2b8f516c-687a-4358-abbb-bb088d5282c8] Reasoning: This sentence discusses the requirement for a technological measure to control access effectively, adding interpretive depth to the understanding of the statute.
  [ID: 31df2b5e-3a46-442b-a77a-619fb8263a8e] Reasoning: This sentence references another section of the statute, but it does not provide new interpretive context or application.
  [ID: 2ad1d18d-6af3-4010-adba-031e3168be96] Reasoning: This sentence cites case law that interprets what constitutes a technological measure, providing valuable context and application.
  [ID: 30d33053-5a08-4989-9e3d-e2631ab2f913] Reasoning: This sentence discusses the application of the DMCA in specific settings, providing context about how technological measures are enforced.
Method: probabilities | Term: technological measure
NDCG@10: 0.6884270029678848
NDCG@20: 0.6658355847267805
NDCG@40: 0.6026210715394317
NDCG@100: 0.6429637760283521

----------------------------------------
STDERR:
wandb: Appending key for api.wandb.ai to your netrc file: /Users/alvinwang/.netrc
wandb: Currently logged in as: alvinw2 (alvinw2-carnegie-mellon-university) to https://api.wandb.ai. Use `wandb login --relogin` to force relogin

GPT batches:   0%|          | 0/25 [00:00<?, ?batch/s]
GPT batches:   4%|▍         | 1/25 [00:28<11:28, 28.69s/batch]
GPT batches:   8%|▊         | 2/25 [00:32<05:21, 13.98s/batch]
GPT batches:  12%|█▏        | 3/25 [00:33<02:54,  7.92s/batch]
GPT batches:  16%|█▌        | 4/25 [00:43<03:09,  9.02s/batch]
GPT batches:  20%|██        | 5/25 [00:46<02:17,  6.85s/batch]
GPT batches:  24%|██▍       | 6/25 [00:47<01:32,  4.87s/batch]
GPT batches:  28%|██▊       | 7/25 [00:48<01:04,  3.57s/batch]
GPT batches:  32%|███▏      | 8/25 [00:54<01:12,  4.28s/batch]
GPT batches:  36%|███▌      | 9/25 [00:54<00:49,  3.07s/batch]
GPT batches:  40%|████      | 10/25 [00:56<00:38,  2.57s/batch]
GPT batches:  44%|████▍     | 11/25 [00:57<00:31,  2.24s/batch]
GPT batches:  48%|████▊     | 12/25 [00:58<00:22,  1.73s/batch]
GPT batches:  52%|█████▏    | 13/25 [00:59<00:16,  1.41s/batch]
GPT batches:  56%|█████▌    | 14/25 [00:59<00:12,  1.13s/batch]
GPT batches:  60%|██████    | 15/25 [01:00<00:09,  1.06batch/s]
GPT batches:  64%|██████▍   | 16/25 [01:00<00:07,  1.20batch/s]
GPT batches:  68%|██████▊   | 17/25 [01:01<00:06,  1.25batch/s]
GPT batches:  72%|███████▏  | 18/25 [01:01<00:04,  1.51batch/s]
GPT batches:  76%|███████▌  | 19/25 [01:01<00:03,  1.91batch/s]
GPT batches:  80%|████████  | 20/25 [01:02<00:02,  1.81batch/s]
GPT batches:  84%|████████▍ | 21/25 [01:05<00:05,  1.30s/batch]
GPT batches:  88%|████████▊ | 22/25 [01:05<00:02,  1.00batch/s]
GPT batches:  96%|█████████▌| 24/25 [01:07<00:00,  1.11batch/s]
GPT batches: 100%|██████████| 25/25 [01:07<00:00,  2.70s/batch]
